datetime,title,views,diff_views,likes,comments,video_id
2026-09-01 05:29:03,光源,1579278,1457,24106,4972,7pusekGNE-o
2026-09-01 05:29:03,The growing up train,2830090,1056,39859,18420,Rk54JNn7Qw4
2026-09-01 05:29:03,木枯らしは泣かない,1193223,241,22746,5014,aQ1iXj4oXfI
2026-09-01 05:29:03,Unhappy birthday構文,4135633,1582,48425,30155,hBfDlIN0WtI
2026-09-01 05:29:03,Alter ego,1551633,569,23600,4509,gQ7l_hav-bA
2026-09-01 05:29:03,港区パセリ,2198517,780,24997,6132,aLu4oyQ2zdw
2026-09-01 05:29:03,死んだふり,1960875,396,31584,5364,WNH_ReRMt5k
2026-09-01 05:29:03,Make or Break,3372027,509,43171,13408,nTxTTZ0QLrI
2026-09-01 05:29:03,Addiction,3545994,721,44490,10275,ReuFa_D1Vok
2026-09-01 05:29:03,Nightmare症候群,2111949,280,32960,6755,Grx5AhU14QU
2026-09-01 05:29:03,Nothing special,1624362,331,25512,5481,WdUBD5slEnc
2026-09-01 05:29:03,UDAGAWA GENERATION,6510437,846,59209,22702,qP52sh7PzYA
2026-09-01 05:29:03,本質的なこと,2816360,395,33787,6274,iZhbx2mcmug
2026-09-01 05:29:03,僕は僕を好きになれない,2035518,144,29904,8918,Ktu_LGjGd7A
2026-09-01 05:29:03,引きこもる時間はない,2070973,151,26476,4796,KYvq8-xY1Gg
2026-09-01 05:29:03,愛し合いなさい,1606638,149,24707,5873,MAP3cnAexxM
2026-09-01 05:29:03,自業自得,9710848,1062,81060,50190,Rs-Y9MtHsoo
2026-09-01 05:29:03,何度　LOVE SONGの歌詞を読み返しただろう,4292815,543,37306,6966,tltXZSiAAdQ
2026-09-01 05:29:03,油を注せ！,2252684,156,28141,11900,x9a0_2aGeWU
2026-09-01 05:29:03,何歳の頃に戻りたいのか？,9493453,643,71561,27129,7xx66mR_HeE
2026-09-01 05:29:03,君がサヨナラ言えたって・・・,1375274,93,26221,4793,1SQWKDr_GfA
2026-09-01 05:29:03,隙間風よ,2959880,144,32026,9055,5Z4emyH-fME
2026-09-01 05:29:03,マモリビト,2952906,358,31348,10052,I8JZbNTl5rM
2026-09-01 05:29:03,承認欲求,8824229,599,72532,25160,x_BjvhMW9TE
2026-09-01 05:29:03,ドローン旋回中,2754157,218,31570,6229,rNwzfyr07SM
2026-09-01 05:29:03,静寂の暴力,6692315,552,53701,12073,uhbvX4GUrpE
2026-09-01 05:29:03,Start over!,14929663,967,109233,64356,YJRFD1AdaUE
2026-09-01 05:29:03,夏の近道,8871921,789,56747,12476,nV1DHIWSdEo
2026-09-01 05:29:03,Cool,4080739,292,38556,11159,XEKPn3WbksE
2026-09-01 05:29:03,桜月,11023438,848,69864,29116,zKLgrxHDgls
2026-09-01 05:29:03,その日まで,2670059,125,55594,5351,F2lWsUJotmc
2026-09-01 05:29:03,摩擦係数,9917145,464,73230,14310,D8piCp9XMKA
2026-09-01 05:29:03,車間距離,2311413,70,29050,3402,MKXSWXlSOB0
2026-09-01 05:29:03,僕のジレンマ,3883168,157,48260,5585,ZBk4V-uqcXs
2026-09-01 05:29:03,五月雨よ,9222460,356,72828,12974,3boaeE3dwMs
2026-09-01 05:29:03,無言の宇宙,6526385,289,53929,7557,7GZGTse6dUs
2026-09-01 05:29:03,Dead end,5733217,337,54355,7202,FEfJB32wvsk
2026-09-01 05:29:03,流れ弾,11584446,420,92160,22394,drCopBcrxRM
2026-09-01 05:29:03,思ったよりも寂しくない,4779493,146,51480,6453,D0W44Z3D3wo
2026-09-01 05:29:03,偶然の答え,5654912,309,59160,8132,_ZCf_iLMwn0
2026-09-01 05:29:03,BAN,14129409,382,97934,18421,fPZ37t3nvco
2026-09-01 05:29:03,Buddies,5851823,135,63143,9235,yT5S7Cy5cCE
2026-09-01 05:29:03,なぜ　恋をして来なかったんだろう？,14465828,450,110685,17058,S4gEJIyLHlM
2026-09-01 05:29:03,Nobady's fault,8537909,167,99722,15504,fagRTasDcKo
2026-09-01 09:11:52,光源,1579697,419,24109,4972,7pusekGNE-o
2026-09-01 09:11:52,The growing up train,2830544,454,39860,18423,Rk54JNn7Qw4
2026-09-01 09:11:52,木枯らしは泣かない,1193337,114,22748,5016,aQ1iXj4oXfI
2026-09-01 09:11:52,Unhappy birthday構文,4136212,579,48426,30157,hBfDlIN0WtI
2026-09-01 09:11:52,Alter ego,1551702,69,23600,4509,gQ7l_hav-bA
2026-09-01 09:11:52,港区パセリ,2198792,275,24998,6133,aLu4oyQ2zdw
2026-09-01 09:11:52,死んだふり,1960995,120,31584,5365,WNH_ReRMt5k
2026-09-01 09:11:52,Make or Break,3372103,76,43170,13408,nTxTTZ0QLrI
2026-09-01 09:11:52,Addiction,3546203,209,44489,10276,ReuFa_D1Vok
2026-09-01 09:11:52,Nightmare症候群,2112043,94,32960,6755,Grx5AhU14QU
2026-09-01 09:11:52,Nothing special,1624436,74,25513,5481,WdUBD5slEnc
2026-09-01 09:11:52,UDAGAWA GENERATION,6510743,306,59210,22702,qP52sh7PzYA
2026-09-01 09:11:52,本質的なこと,2816483,123,33786,6274,iZhbx2mcmug
2026-09-01 09:11:52,僕は僕を好きになれない,2035572,54,29903,8917,Ktu_LGjGd7A
2026-09-01 09:11:52,引きこもる時間はない,2071023,50,26476,4796,KYvq8-xY1Gg
2026-09-01 09:11:52,愛し合いなさい,1606703,65,24706,5873,MAP3cnAexxM
2026-09-01 09:11:52,自業自得,9711170,322,81059,50196,Rs-Y9MtHsoo
2026-09-01 09:11:52,何度　LOVE SONGの歌詞を読み返しただろう,4292973,158,37306,6966,tltXZSiAAdQ
2026-09-01 09:11:52,油を注せ！,2252741,57,28140,11900,x9a0_2aGeWU
2026-09-01 09:11:52,何歳の頃に戻りたいのか？,9493736,283,71560,27130,7xx66mR_HeE
2026-09-01 09:11:52,君がサヨナラ言えたって・・・,1375301,27,26221,4793,1SQWKDr_GfA
2026-09-01 09:11:52,隙間風よ,2959938,58,32026,9055,5Z4emyH-fME
2026-09-01 09:11:52,マモリビト,2953036,130,31348,10054,I8JZbNTl5rM
2026-09-01 09:11:52,承認欲求,8824455,226,72535,25160,x_BjvhMW9TE
2026-09-01 09:11:52,ドローン旋回中,2754217,60,31570,6229,rNwzfyr07SM
2026-09-01 09:11:52,静寂の暴力,6692378,63,53701,12073,uhbvX4GUrpE
2026-09-01 09:11:52,Start over!,14929938,275,109235,64356,YJRFD1AdaUE
2026-09-01 09:11:52,夏の近道,8872177,256,56747,12476,nV1DHIWSdEo
2026-09-01 09:11:52,Cool,4080814,75,38554,11161,XEKPn3WbksE
2026-09-01 09:11:52,桜月,11023682,244,69865,29118,zKLgrxHDgls
2026-09-01 09:11:52,その日まで,2670145,86,55595,5351,F2lWsUJotmc
2026-09-01 09:11:52,摩擦係数,9917302,157,73231,14311,D8piCp9XMKA
2026-09-01 09:11:52,車間距離,2311430,17,29050,3402,MKXSWXlSOB0
2026-09-01 09:11:52,僕のジレンマ,3883221,53,48260,5585,ZBk4V-uqcXs
2026-09-01 09:11:52,五月雨よ,9222519,59,72828,12974,3boaeE3dwMs
2026-09-01 09:11:52,無言の宇宙,6526449,64,53929,7557,7GZGTse6dUs
2026-09-01 09:11:52,Dead end,5733315,98,54355,7202,FEfJB32wvsk
2026-09-01 09:11:52,流れ弾,11584590,144,92162,22394,drCopBcrxRM
2026-09-01 09:11:52,思ったよりも寂しくない,4779522,29,51480,6453,D0W44Z3D3wo
2026-09-01 09:11:52,偶然の答え,5654962,50,59160,8132,_ZCf_iLMwn0
2026-09-01 09:11:52,BAN,14129561,152,97934,18421,fPZ37t3nvco
2026-09-01 09:11:52,Buddies,5851889,66,63143,9235,yT5S7Cy5cCE
2026-09-01 09:11:52,なぜ　恋をして来なかったんだろう？,14466013,185,110684,17058,S4gEJIyLHlM
2026-09-01 09:11:52,Nobady's fault,8538001,92,99723,15505,fagRTasDcKo
2026-09-01 14:51:45,光源,1580729,1032,24114,4972,7pusekGNE-o
2026-09-01 14:51:45,The growing up train,2831627,1083,39861,18422,Rk54JNn7Qw4
2026-09-01 14:51:45,木枯らしは泣かない,1193511,174,22748,5016,aQ1iXj4oXfI
2026-09-01 14:51:45,Unhappy birthday構文,4137479,1267,48430,30161,hBfDlIN0WtI
2026-09-01 14:51:45,Alter ego,1552154,452,23602,4510,gQ7l_hav-bA
2026-09-01 14:51:45,港区パセリ,2199252,460,24998,6133,aLu4oyQ2zdw
2026-09-01 14:51:45,死んだふり,1961218,223,31584,5365,WNH_ReRMt5k
2026-09-01 14:51:45,Make or Break,3372506,403,43171,13408,nTxTTZ0QLrI
2026-09-01 14:51:45,Addiction,3546757,554,44492,10276,ReuFa_D1Vok
2026-09-01 14:51:45,Nightmare症候群,2112219,176,32962,6755,Grx5AhU14QU
2026-09-01 14:51:45,Nothing special,1624570,134,25513,5481,WdUBD5slEnc
2026-09-01 14:51:45,UDAGAWA GENERATION,6511220,477,59212,22702,qP52sh7PzYA
2026-09-01 14:51:45,本質的なこと,2816724,241,33788,6274,iZhbx2mcmug
2026-09-01 14:51:45,僕は僕を好きになれない,2035678,106,29903,8917,Ktu_LGjGd7A
2026-09-01 14:51:45,引きこもる時間はない,2071144,121,26476,4796,KYvq8-xY1Gg
2026-09-01 14:51:45,愛し合いなさい,1606760,57,24706,5873,MAP3cnAexxM
2026-09-01 14:51:45,自業自得,9711980,810,81059,50196,Rs-Y9MtHsoo
2026-09-01 14:51:45,何度　LOVE SONGの歌詞を読み返しただろう,4293265,292,37306,6966,tltXZSiAAdQ
2026-09-01 14:51:45,油を注せ！,2252827,86,28140,11900,x9a0_2aGeWU
2026-09-01 14:51:45,何歳の頃に戻りたいのか？,9494163,427,71561,27130,7xx66mR_HeE
2026-09-01 14:51:45,君がサヨナラ言えたって・・・,1375354,53,26221,4793,1SQWKDr_GfA
2026-09-01 14:51:45,隙間風よ,2960094,156,32026,9055,5Z4emyH-fME
2026-09-01 14:51:45,マモリビト,2953169,133,31348,10054,I8JZbNTl5rM
2026-09-01 14:51:45,承認欲求,8824882,427,72535,25160,x_BjvhMW9TE
2026-09-01 14:51:45,ドローン旋回中,2754400,183,31570,6229,rNwzfyr07SM
2026-09-01 14:51:45,静寂の暴力,6692822,444,53703,12073,uhbvX4GUrpE
2026-09-01 14:51:45,Start over!,14930578,640,109238,64356,YJRFD1AdaUE
2026-09-01 14:51:45,夏の近道,8872738,561,56752,12476,nV1DHIWSdEo
2026-09-01 14:51:45,Cool,4080998,184,38558,11161,XEKPn3WbksE
2026-09-01 14:51:45,桜月,11024377,695,69868,29118,zKLgrxHDgls
2026-09-01 14:51:45,その日まで,2670198,53,55595,5351,F2lWsUJotmc
2026-09-01 14:51:45,摩擦係数,9917678,376,73232,14311,D8piCp9XMKA
2026-09-01 14:51:45,車間距離,2311478,48,29050,3402,MKXSWXlSOB0
2026-09-01 14:51:45,僕のジレンマ,3883337,116,48260,5585,ZBk4V-uqcXs
2026-09-01 14:51:45,五月雨よ,9222843,324,72828,12974,3boaeE3dwMs
2026-09-01 14:51:45,無言の宇宙,6526721,272,53930,7557,7GZGTse6dUs
2026-09-01 14:51:45,Dead end,5733478,163,54357,7202,FEfJB32wvsk
2026-09-01 14:51:45,流れ弾,11584883,293,92165,22394,drCopBcrxRM
2026-09-01 14:51:45,思ったよりも寂しくない,4779620,98,51480,6453,D0W44Z3D3wo
2026-09-01 14:51:45,偶然の答え,5655129,167,59163,8132,_ZCf_iLMwn0
2026-09-01 14:51:45,BAN,14129898,337,97935,18421,fPZ37t3nvco
2026-09-01 14:51:45,Buddies,5851979,90,63143,9235,yT5S7Cy5cCE
2026-09-01 14:51:45,なぜ　恋をして来なかったんだろう？,14466266,253,110685,17058,S4gEJIyLHlM
2026-09-01 14:51:45,Nobady's fault,8538169,168,99724,15505,fagRTasDcKo
2026-09-01 19:45:52,光源,1581728,999,24121,4972,7pusekGNE-o
2026-09-01 19:45:52,The growing up train,2832615,988,39863,18423,Rk54JNn7Qw4
2026-09-01 19:45:52,木枯らしは泣かない,1193798,287,22749,5016,aQ1iXj4oXfI
2026-09-01 19:45:52,Unhappy birthday構文,4138545,1066,48431,30161,hBfDlIN0WtI
2026-09-01 19:45:52,Alter ego,1552585,431,23602,4511,gQ7l_hav-bA
2026-09-01 19:45:52,港区パセリ,2199591,339,24998,6133,aLu4oyQ2zdw
2026-09-01 19:45:52,死んだふり,1961534,316,31583,5365,WNH_ReRMt5k
2026-09-01 19:45:52,Make or Break,3373084,578,43172,13408,nTxTTZ0QLrI
2026-09-01 19:45:52,Addiction,3547381,624,44495,10276,ReuFa_D1Vok
2026-09-01 19:45:52,Nightmare症候群,2112433,214,32961,6755,Grx5AhU14QU
2026-09-01 19:45:52,Nothing special,1624794,224,25513,5481,WdUBD5slEnc
2026-09-01 19:45:52,UDAGAWA GENERATION,6512184,964,59210,22702,qP52sh7PzYA
2026-09-01 19:45:52,本質的なこと,2817107,383,33790,6274,iZhbx2mcmug
2026-09-01 19:45:52,僕は僕を好きになれない,2035755,77,29903,8917,Ktu_LGjGd7A
2026-09-01 19:45:52,引きこもる時間はない,2071231,87,26475,4796,KYvq8-xY1Gg
2026-09-01 19:45:52,愛し合いなさい,1606873,113,24707,5873,MAP3cnAexxM
2026-09-01 19:45:52,自業自得,9712748,768,81061,50197,Rs-Y9MtHsoo
2026-09-01 19:45:52,何度　LOVE SONGの歌詞を読み返しただろう,4293676,411,37307,6966,tltXZSiAAdQ
2026-09-01 19:45:52,油を注せ！,2252939,112,28141,11900,x9a0_2aGeWU
2026-09-01 19:45:52,何歳の頃に戻りたいのか？,9494820,657,71562,27130,7xx66mR_HeE
2026-09-01 19:45:52,君がサヨナラ言えたって・・・,1375409,55,26220,4793,1SQWKDr_GfA
2026-09-01 19:45:52,隙間風よ,2960285,191,32027,9055,5Z4emyH-fME
2026-09-01 19:45:52,マモリビト,2953468,299,31348,10054,I8JZbNTl5rM
2026-09-01 19:45:52,承認欲求,8825461,579,72535,25160,x_BjvhMW9TE
2026-09-01 19:45:52,ドローン旋回中,2754600,200,31570,6229,rNwzfyr07SM
2026-09-01 19:45:52,静寂の暴力,6693163,341,53704,12073,uhbvX4GUrpE
2026-09-01 19:45:52,Start over!,14931408,830,109240,64356,YJRFD1AdaUE
2026-09-01 19:45:52,夏の近道,8873446,708,56755,12476,nV1DHIWSdEo
2026-09-01 19:45:52,Cool,4081115,117,38558,11161,XEKPn3WbksE
2026-09-01 19:45:52,桜月,11025039,662,69865,29118,zKLgrxHDgls
2026-09-01 19:45:52,その日まで,2670301,103,55596,5351,F2lWsUJotmc
2026-09-01 19:45:52,摩擦係数,9918030,352,73234,14311,D8piCp9XMKA
2026-09-01 19:45:52,車間距離,2311514,36,29050,3402,MKXSWXlSOB0
2026-09-01 19:45:52,僕のジレンマ,3883456,119,48260,5585,ZBk4V-uqcXs
2026-09-01 19:45:52,五月雨よ,9223234,391,72829,12974,3boaeE3dwMs
2026-09-01 19:45:52,無言の宇宙,6526943,222,53930,7557,7GZGTse6dUs
2026-09-01 19:45:52,Dead end,5733715,237,54359,7202,FEfJB32wvsk
2026-09-01 19:45:52,流れ弾,11585023,140,92164,22394,drCopBcrxRM
2026-09-01 19:45:52,思ったよりも寂しくない,4779771,151,51480,6453,D0W44Z3D3wo
2026-09-01 19:45:52,偶然の答え,5655363,234,59166,8132,_ZCf_iLMwn0
2026-09-01 19:45:52,BAN,14130102,204,97937,18421,fPZ37t3nvco
2026-09-01 19:45:52,Buddies,5852102,123,63145,9235,yT5S7Cy5cCE
2026-09-01 19:45:52,なぜ　恋をして来なかったんだろう？,14466697,431,110687,17058,S4gEJIyLHlM
2026-09-01 19:45:52,Nobady's fault,8538371,202,99725,15504,fagRTasDcKo
2026-09-02 00:18:18,光源,1582998,1270,24123,4972,7pusekGNE-o
2026-09-02 00:18:18,The growing up train,2833809,1194,39865,18423,Rk54JNn7Qw4
2026-09-02 00:18:18,木枯らしは泣かない,1194036,238,22750,5016,aQ1iXj4oXfI
2026-09-02 00:18:18,Unhappy birthday構文,4140122,1577,48435,30164,hBfDlIN0WtI
2026-09-02 00:18:18,Alter ego,1553103,518,23603,4511,gQ7l_hav-bA
2026-09-02 00:18:18,港区パセリ,2200704,1113,25001,6135,aLu4oyQ2zdw
2026-09-02 00:18:18,死んだふり,1961895,361,31583,5365,WNH_ReRMt5k
2026-09-02 00:18:18,Make or Break,3373657,573,43173,13408,nTxTTZ0QLrI
2026-09-02 00:18:18,Addiction,3548041,660,44497,10277,ReuFa_D1Vok
2026-09-02 00:18:18,Nightmare症候群,2112696,263,32961,6755,Grx5AhU14QU
2026-09-02 00:18:18,Nothing special,1624957,163,25513,5481,WdUBD5slEnc
2026-09-02 00:18:18,UDAGAWA GENERATION,6513014,830,59212,22702,qP52sh7PzYA
2026-09-02 00:18:18,本質的なこと,2817495,388,33790,6274,iZhbx2mcmug
2026-09-02 00:18:18,僕は僕を好きになれない,2035910,155,29903,8917,Ktu_LGjGd7A
2026-09-02 00:18:18,引きこもる時間はない,2071401,170,26474,4796,KYvq8-xY1Gg
2026-09-02 00:18:18,愛し合いなさい,1606999,126,24707,5872,MAP3cnAexxM
2026-09-02 00:18:18,自業自得,9713764,1016,81065,50195,Rs-Y9MtHsoo
2026-09-02 00:18:18,何度　LOVE SONGの歌詞を読み返しただろう,4293980,304,37306,6966,tltXZSiAAdQ
2026-09-02 00:18:18,油を注せ！,2253058,119,28142,11900,x9a0_2aGeWU
2026-09-02 00:18:18,何歳の頃に戻りたいのか？,9495493,673,71560,27129,7xx66mR_HeE
2026-09-02 00:18:18,君がサヨナラ言えたって・・・,1375463,54,26220,4793,1SQWKDr_GfA
2026-09-02 00:18:18,隙間風よ,2960489,204,32028,9055,5Z4emyH-fME
2026-09-02 00:18:18,マモリビト,2953777,309,31348,10054,I8JZbNTl5rM
2026-09-02 00:18:18,承認欲求,8826032,571,72537,25160,x_BjvhMW9TE
2026-09-02 00:18:18,ドローン旋回中,2754817,217,31570,6229,rNwzfyr07SM
2026-09-02 00:18:18,静寂の暴力,6693690,527,53704,12073,uhbvX4GUrpE
2026-09-02 00:18:18,Start over!,14932254,846,109242,64356,YJRFD1AdaUE
2026-09-02 00:18:18,夏の近道,8874164,718,56754,12476,nV1DHIWSdEo
2026-09-02 00:18:18,Cool,4081242,127,38558,11161,XEKPn3WbksE
2026-09-02 00:18:18,桜月,11025824,785,69866,29118,zKLgrxHDgls
2026-09-02 00:18:18,その日まで,2670508,207,55596,5351,F2lWsUJotmc
2026-09-02 00:18:18,摩擦係数,9918546,516,73233,14311,D8piCp9XMKA
2026-09-02 00:18:18,車間距離,2311609,95,29051,3402,MKXSWXlSOB0
2026-09-02 00:18:18,僕のジレンマ,3883635,179,48261,5585,ZBk4V-uqcXs
2026-09-02 00:18:18,五月雨よ,9223563,329,72829,12974,3boaeE3dwMs
2026-09-02 00:18:18,無言の宇宙,6527195,252,53930,7557,7GZGTse6dUs
2026-09-02 00:18:18,Dead end,5734073,358,54362,7202,FEfJB32wvsk
2026-09-02 00:18:18,流れ弾,11585668,645,92167,22394,drCopBcrxRM
2026-09-02 00:18:18,思ったよりも寂しくない,4779860,89,51481,6453,D0W44Z3D3wo
2026-09-02 00:18:18,偶然の答え,5655675,312,59167,8133,_ZCf_iLMwn0
2026-09-02 00:18:18,BAN,14130643,541,97936,18421,fPZ37t3nvco
2026-09-02 00:18:18,Buddies,5852259,157,63146,9236,yT5S7Cy5cCE
2026-09-02 00:18:18,なぜ　恋をして来なかったんだろう？,14467063,366,110687,17058,S4gEJIyLHlM
2026-09-02 00:18:18,Nobady's fault,8538594,223,99727,15504,fagRTasDcKo
2026-09-02 03:59:37,光源,1583758,760,24125,4971,7pusekGNE-o
2026-09-02 03:59:37,The growing up train,2834456,647,39866,18414,Rk54JNn7Qw4
2026-09-02 03:59:37,木枯らしは泣かない,1194155,119,22750,5016,aQ1iXj4oXfI
2026-09-02 03:59:37,Unhappy birthday構文,4140972,850,48436,30165,hBfDlIN0WtI
2026-09-02 03:59:37,Alter ego,1553363,260,23604,4511,gQ7l_hav-bA
2026-09-02 03:59:37,港区パセリ,2201161,457,25000,6135,aLu4oyQ2zdw
2026-09-02 03:59:37,死んだふり,1962048,153,31583,5365,WNH_ReRMt5k
2026-09-02 03:59:37,Make or Break,3373957,300,43172,13408,nTxTTZ0QLrI
2026-09-02 03:59:37,Addiction,3548408,367,44498,10277,ReuFa_D1Vok
2026-09-02 03:59:37,Nightmare症候群,2112764,68,32961,6755,Grx5AhU14QU
2026-09-02 03:59:37,Nothing special,1625130,173,25514,5481,WdUBD5slEnc
2026-09-02 03:59:37,UDAGAWA GENERATION,6513582,568,59214,22702,qP52sh7PzYA
2026-09-02 03:59:37,本質的なこと,2817669,174,33792,6274,iZhbx2mcmug
2026-09-02 03:59:37,僕は僕を好きになれない,2035987,77,29903,8917,Ktu_LGjGd7A
2026-09-02 03:59:37,引きこもる時間はない,2071474,73,26474,4796,KYvq8-xY1Gg
2026-09-02 03:59:37,愛し合いなさい,1607070,71,24707,5872,MAP3cnAexxM
2026-09-02 03:59:37,自業自得,9714351,587,81066,50195,Rs-Y9MtHsoo
2026-09-02 03:59:37,何度　LOVE SONGの歌詞を読み返しただろう,4294304,324,37306,6967,tltXZSiAAdQ
2026-09-02 03:59:37,油を注せ！,2253151,93,28142,11900,x9a0_2aGeWU
2026-09-02 03:59:37,何歳の頃に戻りたいのか？,9495855,362,71562,27130,7xx66mR_HeE
2026-09-02 03:59:37,君がサヨナラ言えたって・・・,1375497,34,26221,4793,1SQWKDr_GfA
2026-09-02 03:59:37,隙間風よ,2960558,69,32028,9055,5Z4emyH-fME
2026-09-02 03:59:37,マモリビト,2953916,139,31348,10054,I8JZbNTl5rM
2026-09-02 03:59:37,承認欲求,8826317,285,72537,25160,x_BjvhMW9TE
2026-09-02 03:59:37,ドローン旋回中,2754870,53,31569,6229,rNwzfyr07SM
2026-09-02 03:59:37,静寂の暴力,6693918,228,53704,12073,uhbvX4GUrpE
2026-09-02 03:59:37,Start over!,14932720,466,109242,64357,YJRFD1AdaUE
2026-09-02 03:59:37,夏の近道,8874619,455,56755,12476,nV1DHIWSdEo
2026-09-02 03:59:37,Cool,4081438,196,38558,11161,XEKPn3WbksE
2026-09-02 03:59:37,桜月,11026232,408,69869,29117,zKLgrxHDgls
2026-09-02 03:59:37,その日まで,2670540,32,55596,5351,F2lWsUJotmc
2026-09-02 03:59:37,摩擦係数,9918785,239,73234,14311,D8piCp9XMKA
2026-09-02 03:59:37,車間距離,2311654,45,29051,3402,MKXSWXlSOB0
2026-09-02 03:59:37,僕のジレンマ,3883683,48,48261,5585,ZBk4V-uqcXs
2026-09-02 03:59:37,五月雨よ,9223708,145,72829,12974,3boaeE3dwMs
2026-09-02 03:59:37,無言の宇宙,6527327,132,53930,7557,7GZGTse6dUs
2026-09-02 03:59:37,Dead end,5734171,98,54363,7202,FEfJB32wvsk
2026-09-02 03:59:37,流れ弾,11585738,70,92167,22394,drCopBcrxRM
2026-09-02 03:59:37,思ったよりも寂しくない,4779941,81,51482,6453,D0W44Z3D3wo
2026-09-02 03:59:37,偶然の答え,5655747,72,59167,8133,_ZCf_iLMwn0
2026-09-02 03:59:37,BAN,14130819,176,97937,18421,fPZ37t3nvco
2026-09-02 03:59:37,Buddies,5852280,21,63146,9236,yT5S7Cy5cCE
2026-09-02 03:59:37,なぜ　恋をして来なかったんだろう？,14467411,348,110689,17058,S4gEJIyLHlM
2026-09-02 03:59:37,Nobady's fault,8538683,89,99729,15503,fagRTasDcKo
2026-09-02 06:38:11,光源,1583872,114,24125,4971,7pusekGNE-o
2026-09-02 06:38:11,The growing up train,2834808,352,39867,18415,Rk54JNn7Qw4
2026-09-02 06:38:11,木枯らしは泣かない,1194256,101,22750,5017,aQ1iXj4oXfI
2026-09-02 06:38:11,Unhappy birthday構文,4141457,485,48437,30165,hBfDlIN0WtI
2026-09-02 06:38:11,Alter ego,1553539,176,23605,4511,gQ7l_hav-bA
2026-09-02 06:38:11,港区パセリ,2201342,181,25000,6137,aLu4oyQ2zdw
2026-09-02 06:38:11,死んだふり,1962048,0,31583,5365,WNH_ReRMt5k
2026-09-02 06:38:11,Make or Break,3374145,188,43175,13408,nTxTTZ0QLrI
2026-09-02 06:38:11,Addiction,3548495,87,44498,10277,ReuFa_D1Vok
2026-09-02 06:38:11,Nightmare症候群,2112801,37,32961,6755,Grx5AhU14QU
2026-09-02 06:38:11,Nothing special,1625130,0,25514,5481,WdUBD5slEnc
2026-09-02 06:38:11,UDAGAWA GENERATION,6513603,21,59214,22702,qP52sh7PzYA
2026-09-02 06:38:11,本質的なこと,2817792,123,33792,6274,iZhbx2mcmug
2026-09-02 06:38:11,僕は僕を好きになれない,2036068,81,29903,8917,Ktu_LGjGd7A
2026-09-02 06:38:11,引きこもる時間はない,2071520,46,26474,4796,KYvq8-xY1Gg
2026-09-02 06:38:11,愛し合いなさい,1607126,56,24708,5872,MAP3cnAexxM
2026-09-02 06:38:11,自業自得,9714681,330,81068,50200,Rs-Y9MtHsoo
2026-09-02 06:38:11,何度　LOVE SONGの歌詞を読み返しただろう,4294304,0,37306,6967,tltXZSiAAdQ
2026-09-02 06:38:11,油を注せ！,2253227,76,28142,11900,x9a0_2aGeWU
2026-09-02 06:38:11,何歳の頃に戻りたいのか？,9496041,186,71563,27130,7xx66mR_HeE
2026-09-02 06:38:11,君がサヨナラ言えたって・・・,1375521,24,26221,4793,1SQWKDr_GfA
2026-09-02 06:38:11,隙間風よ,2960611,53,32028,9055,5Z4emyH-fME
2026-09-02 06:38:11,マモリビト,2954040,124,31348,10055,I8JZbNTl5rM
2026-09-02 06:38:11,承認欲求,8826542,225,72538,25162,x_BjvhMW9TE
2026-09-02 06:38:11,ドローン旋回中,2754941,71,31569,6229,rNwzfyr07SM
2026-09-02 06:38:11,静寂の暴力,6694061,143,53704,12073,uhbvX4GUrpE
2026-09-02 06:38:11,Start over!,14933059,339,109241,64357,YJRFD1AdaUE
2026-09-02 06:38:11,夏の近道,8874864,245,56756,12476,nV1DHIWSdEo
2026-09-02 06:38:11,Cool,4081559,121,38558,11161,XEKPn3WbksE
2026-09-02 06:38:11,桜月,11026495,263,69870,29117,zKLgrxHDgls
2026-09-02 06:38:11,その日まで,2670643,103,55596,5351,F2lWsUJotmc
2026-09-02 06:38:11,摩擦係数,9918920,135,73234,14311,D8piCp9XMKA
2026-09-02 06:38:11,車間距離,2311685,31,29051,3402,MKXSWXlSOB0
2026-09-02 06:38:11,僕のジレンマ,3883730,47,48261,5585,ZBk4V-uqcXs
2026-09-02 06:38:11,五月雨よ,9223832,124,72830,12974,3boaeE3dwMs
2026-09-02 06:38:11,無言の宇宙,6527384,57,53930,7557,7GZGTse6dUs
2026-09-02 06:38:11,Dead end,5734315,144,54364,7202,FEfJB32wvsk
2026-09-02 06:38:11,流れ弾,11585869,131,92167,22394,drCopBcrxRM
2026-09-02 06:38:11,思ったよりも寂しくない,4780001,60,51483,6453,D0W44Z3D3wo
2026-09-02 06:38:11,偶然の答え,5655858,111,59168,8133,_ZCf_iLMwn0
2026-09-02 06:38:11,BAN,14130887,68,97937,18421,fPZ37t3nvco
2026-09-02 06:38:11,Buddies,5852352,72,63147,9236,yT5S7Cy5cCE
2026-09-02 06:38:11,なぜ　恋をして来なかったんだろう？,14467534,123,110690,17058,S4gEJIyLHlM
2026-09-02 06:38:11,Nobady's fault,8538746,63,99729,15503,fagRTasDcKo
2026-09-02 08:40:44,光源,1584343,471,24125,4972,7pusekGNE-o
2026-09-02 08:40:44,The growing up train,2834993,185,39868,18416,Rk54JNn7Qw4
2026-09-02 08:40:44,木枯らしは泣かない,1194281,25,22751,5017,aQ1iXj4oXfI
2026-09-02 08:40:44,Unhappy birthday構文,4141676,219,48438,30167,hBfDlIN0WtI
2026-09-02 08:40:44,Alter ego,1553608,69,23605,4512,gQ7l_hav-bA
2026-09-02 08:40:44,港区パセリ,2201342,0,25000,6137,aLu4oyQ2zdw
2026-09-02 08:40:44,死んだふり,1962225,177,31583,5366,WNH_ReRMt5k
2026-09-02 08:40:44,Make or Break,3374225,80,43175,13409,nTxTTZ0QLrI
2026-09-02 08:40:44,Addiction,3548726,231,44499,10279,ReuFa_D1Vok
2026-09-02 08:40:44,Nightmare症候群,2112919,118,32961,6756,Grx5AhU14QU
2026-09-02 08:40:44,Nothing special,1625218,88,25514,5481,WdUBD5slEnc
2026-09-02 08:40:44,UDAGAWA GENERATION,6513960,357,59215,22703,qP52sh7PzYA
2026-09-02 08:40:44,本質的なこと,2817888,96,33792,6275,iZhbx2mcmug
2026-09-02 08:40:44,僕は僕を好きになれない,2036068,0,29903,8917,Ktu_LGjGd7A
2026-09-02 08:40:44,引きこもる時間はない,2071555,35,26473,4797,KYvq8-xY1Gg
2026-09-02 08:40:44,愛し合いなさい,1607128,2,24708,5872,MAP3cnAexxM
2026-09-02 08:40:44,自業自得,9714806,125,81068,50202,Rs-Y9MtHsoo
2026-09-02 08:40:44,何度　LOVE SONGの歌詞を読み返しただろう,4294488,184,37306,6968,tltXZSiAAdQ
2026-09-02 08:40:44,油を注せ！,2253227,0,28142,11900,x9a0_2aGeWU
2026-09-02 08:40:44,何歳の頃に戻りたいのか？,9496145,104,71563,27131,7xx66mR_HeE
2026-09-02 08:40:44,君がサヨナラ言えたって・・・,1375543,22,26221,4793,1SQWKDr_GfA
2026-09-02 08:40:44,隙間風よ,2960653,42,32028,9055,5Z4emyH-fME
2026-09-02 08:40:44,マモリビト,2954097,57,31348,10056,I8JZbNTl5rM
2026-09-02 08:40:44,承認欲求,8826632,90,72538,25163,x_BjvhMW9TE
2026-09-02 08:40:44,ドローン旋回中,2754998,57,31569,6229,rNwzfyr07SM
2026-09-02 08:40:44,静寂の暴力,6694106,45,53704,12074,uhbvX4GUrpE
2026-09-02 08:40:44,Start over!,14933194,135,109242,64358,YJRFD1AdaUE
2026-09-02 08:40:44,夏の近道,8874971,107,56757,12477,nV1DHIWSdEo
2026-09-02 08:40:44,Cool,4081618,59,38558,11161,XEKPn3WbksE
2026-09-02 08:40:44,桜月,11026622,127,69870,29118,zKLgrxHDgls
2026-09-02 08:40:44,その日まで,2670661,18,55597,5351,F2lWsUJotmc
2026-09-02 08:40:44,摩擦係数,9918961,41,73234,14312,D8piCp9XMKA
2026-09-02 08:40:44,車間距離,2311685,0,29051,3402,MKXSWXlSOB0
2026-09-02 08:40:44,僕のジレンマ,3883753,23,48261,5585,ZBk4V-uqcXs
2026-09-02 08:40:44,五月雨よ,9223874,42,72830,12975,3boaeE3dwMs
2026-09-02 08:40:44,無言の宇宙,6527410,26,53930,7557,7GZGTse6dUs
2026-09-02 08:40:44,Dead end,5734382,67,54364,7203,FEfJB32wvsk
2026-09-02 08:40:44,流れ弾,11586043,174,92167,22395,drCopBcrxRM
2026-09-02 08:40:44,思ったよりも寂しくない,4780001,0,51483,6453,D0W44Z3D3wo
2026-09-02 08:40:44,偶然の答え,5655909,51,59168,8133,_ZCf_iLMwn0
2026-09-02 08:40:44,BAN,14130982,95,97938,18422,fPZ37t3nvco
2026-09-02 08:40:44,Buddies,5852357,5,63147,9236,yT5S7Cy5cCE
2026-09-02 08:40:44,なぜ　恋をして来なかったんだろう？,14467534,0,110690,17058,S4gEJIyLHlM
2026-09-02 08:40:44,Nobady's fault,8538779,33,99728,15504,fagRTasDcKo
2026-09-02 10:58:49,光源,1584840,497,24126,4972,7pusekGNE-o
2026-09-02 10:58:49,The growing up train,2835519,526,39869,18416,Rk54JNn7Qw4
2026-09-02 10:58:49,木枯らしは泣かない,1194361,80,22753,5017,aQ1iXj4oXfI
2026-09-02 10:58:49,Unhappy birthday構文,4142260,584,48439,30167,hBfDlIN0WtI
2026-09-02 10:58:49,Alter ego,1553783,175,23605,4512,gQ7l_hav-bA
2026-09-02 10:58:49,港区パセリ,2201781,439,25001,6137,aLu4oyQ2zdw
2026-09-02 10:58:49,死んだふり,1962340,115,31584,5366,WNH_ReRMt5k
2026-09-02 10:58:49,Make or Break,3374454,229,43175,13409,nTxTTZ0QLrI
2026-09-02 10:58:49,Addiction,3548988,262,44499,10279,ReuFa_D1Vok
2026-09-02 10:58:49,Nightmare症候群,2113026,107,32962,6756,Grx5AhU14QU
2026-09-02 10:58:49,Nothing special,1625301,83,25514,5481,WdUBD5slEnc
2026-09-02 10:58:49,UDAGAWA GENERATION,6514306,346,59215,22703,qP52sh7PzYA
2026-09-02 10:58:49,本質的なこと,2817941,53,33792,6275,iZhbx2mcmug
2026-09-02 10:58:49,僕は僕を好きになれない,2036107,39,29903,8917,Ktu_LGjGd7A
2026-09-02 10:58:49,引きこもる時間はない,2071559,4,26473,4797,KYvq8-xY1Gg
2026-09-02 10:58:49,愛し合いなさい,1607154,26,24708,5872,MAP3cnAexxM
2026-09-02 10:58:49,自業自得,9715205,399,81068,50202,Rs-Y9MtHsoo
2026-09-02 10:58:49,何度　LOVE SONGの歌詞を読み返しただろう,4294696,208,37306,6968,tltXZSiAAdQ
2026-09-02 10:58:49,油を注せ！,2253271,44,28142,11900,x9a0_2aGeWU
2026-09-02 10:58:49,何歳の頃に戻りたいのか？,9496469,324,71565,27131,7xx66mR_HeE
2026-09-02 10:58:49,君がサヨナラ言えたって・・・,1375551,8,26221,4793,1SQWKDr_GfA
2026-09-02 10:58:49,隙間風よ,2960704,51,32028,9055,5Z4emyH-fME
2026-09-02 10:58:49,マモリビト,2954195,98,31348,10056,I8JZbNTl5rM
2026-09-02 10:58:49,承認欲求,8826850,218,72541,25163,x_BjvhMW9TE
2026-09-02 10:58:49,ドローン旋回中,2755081,83,31570,6229,rNwzfyr07SM
2026-09-02 10:58:49,静寂の暴力,6694312,206,53705,12074,uhbvX4GUrpE
2026-09-02 10:58:49,Start over!,14933553,359,109242,64358,YJRFD1AdaUE
2026-09-02 10:58:49,夏の近道,8875287,316,56759,12477,nV1DHIWSdEo
2026-09-02 10:58:49,Cool,4081680,62,38558,11161,XEKPn3WbksE
2026-09-02 10:58:49,桜月,11026942,320,69871,29118,zKLgrxHDgls
2026-09-02 10:58:49,その日まで,2670712,51,55597,5351,F2lWsUJotmc
2026-09-02 10:58:49,摩擦係数,9919204,243,73234,14312,D8piCp9XMKA
2026-09-02 10:58:49,車間距離,2311718,33,29051,3402,MKXSWXlSOB0
2026-09-02 10:58:49,僕のジレンマ,3883813,60,48261,5585,ZBk4V-uqcXs
2026-09-02 10:58:49,五月雨よ,9224012,138,72831,12975,3boaeE3dwMs
2026-09-02 10:58:49,無言の宇宙,6527500,90,53931,7557,7GZGTse6dUs
2026-09-02 10:58:49,Dead end,5734458,76,54365,7203,FEfJB32wvsk
2026-09-02 10:58:49,流れ弾,11586043,0,92167,22395,drCopBcrxRM
2026-09-02 10:58:49,思ったよりも寂しくない,4780022,21,51483,6453,D0W44Z3D3wo
2026-09-02 10:58:49,偶然の答え,5655947,38,59169,8133,_ZCf_iLMwn0
2026-09-02 10:58:49,BAN,14131176,194,97938,18422,fPZ37t3nvco
2026-09-02 10:58:49,Buddies,5852398,41,63147,9236,yT5S7Cy5cCE
2026-09-02 10:58:49,なぜ　恋をして来なかったんだろう？,14467642,108,110690,17058,S4gEJIyLHlM
2026-09-02 10:58:49,Nobady's fault,8538779,0,99728,15504,fagRTasDcKo
2026-09-02 15:51:01,光源,1585655,815,24123,4972,7pusekGNE-o
2026-09-02 15:51:01,The growing up train,2836295,776,39867,18417,Rk54JNn7Qw4
2026-09-02 15:51:01,木枯らしは泣かない,1194525,164,22755,5017,aQ1iXj4oXfI
2026-09-02 15:51:01,Unhappy birthday構文,4143218,958,48442,30167,hBfDlIN0WtI
2026-09-02 15:51:01,Alter ego,1553926,143,23604,4512,gQ7l_hav-bA
2026-09-02 15:51:01,港区パセリ,2202291,510,25002,6137,aLu4oyQ2zdw
2026-09-02 15:51:01,死んだふり,1962532,192,31584,5366,WNH_ReRMt5k
2026-09-02 15:51:01,Make or Break,3374803,349,43176,13407,nTxTTZ0QLrI
2026-09-02 15:51:01,Addiction,3549333,345,44500,10279,ReuFa_D1Vok
2026-09-02 15:51:01,Nightmare症候群,2113179,153,32962,6756,Grx5AhU14QU
2026-09-02 15:51:01,Nothing special,1625357,56,25514,5481,WdUBD5slEnc
2026-09-02 15:51:01,UDAGAWA GENERATION,6514796,490,59214,22703,qP52sh7PzYA
2026-09-02 15:51:01,本質的なこと,2818287,346,33791,6275,iZhbx2mcmug
2026-09-02 15:51:01,僕は僕を好きになれない,2036236,129,29903,8917,Ktu_LGjGd7A
2026-09-02 15:51:01,引きこもる時間はない,2071630,71,26473,4797,KYvq8-xY1Gg
2026-09-02 15:51:01,愛し合いなさい,1607200,46,24708,5872,MAP3cnAexxM
2026-09-02 15:51:01,自業自得,9715863,658,81070,50203,Rs-Y9MtHsoo
2026-09-02 15:51:01,何度　LOVE SONGの歌詞を読み返しただろう,4294910,214,37306,6968,tltXZSiAAdQ
2026-09-02 15:51:01,油を注せ！,2253401,130,28142,11900,x9a0_2aGeWU
2026-09-02 15:51:01,何歳の頃に戻りたいのか？,9496808,339,71565,27131,7xx66mR_HeE
2026-09-02 15:51:01,君がサヨナラ言えたって・・・,1375577,26,26222,4794,1SQWKDr_GfA
2026-09-02 15:51:01,隙間風よ,2960768,64,32029,9055,5Z4emyH-fME
2026-09-02 15:51:01,マモリビト,2954326,131,31349,10056,I8JZbNTl5rM
2026-09-02 15:51:01,承認欲求,8827255,405,72542,25167,x_BjvhMW9TE
2026-09-02 15:51:01,ドローン旋回中,2755201,120,31568,6229,rNwzfyr07SM
2026-09-02 15:51:01,静寂の暴力,6694563,251,53703,12074,uhbvX4GUrpE
2026-09-02 15:51:01,Start over!,14934111,558,109242,64358,YJRFD1AdaUE
2026-09-02 15:51:01,夏の近道,8875790,503,56758,12476,nV1DHIWSdEo
2026-09-02 15:51:01,Cool,4081849,169,38559,11161,XEKPn3WbksE
2026-09-02 15:51:01,桜月,11027351,409,69871,29118,zKLgrxHDgls
2026-09-02 15:51:01,その日まで,2670767,55,55597,5351,F2lWsUJotmc
2026-09-02 15:51:01,摩擦係数,9919418,214,73234,14312,D8piCp9XMKA
2026-09-02 15:51:01,車間距離,2311729,11,29051,3402,MKXSWXlSOB0
2026-09-02 15:51:01,僕のジレンマ,3883869,56,48261,5585,ZBk4V-uqcXs
2026-09-02 15:51:01,五月雨よ,9224273,261,72830,12975,3boaeE3dwMs
2026-09-02 15:51:01,無言の宇宙,6527681,181,53931,7557,7GZGTse6dUs
2026-09-02 15:51:01,Dead end,5734645,187,54365,7200,FEfJB32wvsk
2026-09-02 15:51:01,流れ弾,11586472,429,92167,22390,drCopBcrxRM
2026-09-02 15:51:01,思ったよりも寂しくない,4780141,119,51482,6448,D0W44Z3D3wo
2026-09-02 15:51:01,偶然の答え,5656128,181,59169,8133,_ZCf_iLMwn0
2026-09-02 15:51:01,BAN,14131425,249,97938,18419,fPZ37t3nvco
2026-09-02 15:51:01,Buddies,5852500,102,63148,9234,yT5S7Cy5cCE
2026-09-02 15:51:01,なぜ　恋をして来なかったんだろう？,14468033,391,110691,17057,S4gEJIyLHlM
2026-09-02 15:51:01,Nobady's fault,8538974,195,99729,15499,fagRTasDcKo
2026-09-02 20:51:51,光源,1586644,989,24125,4972,7pusekGNE-o
2026-09-02 20:51:51,The growing up train,2837289,994,39870,18417,Rk54JNn7Qw4
2026-09-02 20:51:51,木枯らしは泣かない,1194690,165,22757,5018,aQ1iXj4oXfI
2026-09-02 20:51:51,Unhappy birthday構文,4144404,1186,48447,30167,hBfDlIN0WtI
2026-09-02 20:51:51,Alter ego,1554489,563,23608,4512,gQ7l_hav-bA
2026-09-02 20:51:51,港区パセリ,2202907,616,25004,6138,aLu4oyQ2zdw
2026-09-02 20:51:51,死んだふり,1962915,383,31588,5366,WNH_ReRMt5k
2026-09-02 20:51:51,Make or Break,3375341,538,43177,13407,nTxTTZ0QLrI
2026-09-02 20:51:51,Addiction,3549932,599,44502,10279,ReuFa_D1Vok
2026-09-02 20:51:51,Nightmare症候群,2113359,180,32963,6756,Grx5AhU14QU
2026-09-02 20:51:51,Nothing special,1625620,263,25515,5482,WdUBD5slEnc
2026-09-02 20:51:51,UDAGAWA GENERATION,6515534,738,59216,22703,qP52sh7PzYA
2026-09-02 20:51:51,本質的なこと,2818595,308,33792,6273,iZhbx2mcmug
2026-09-02 20:51:51,僕は僕を好きになれない,2036418,182,29905,8918,Ktu_LGjGd7A
2026-09-02 20:51:51,引きこもる時間はない,2071738,108,26474,4797,KYvq8-xY1Gg
2026-09-02 20:51:51,愛し合いなさい,1607307,107,24709,5873,MAP3cnAexxM
2026-09-02 20:51:51,自業自得,9716665,802,81072,50203,Rs-Y9MtHsoo
2026-09-02 20:51:51,何度　LOVE SONGの歌詞を読み返しただろう,4295393,483,37306,6968,tltXZSiAAdQ
2026-09-02 20:51:51,油を注せ！,2253478,77,28142,11901,x9a0_2aGeWU
2026-09-02 20:51:51,何歳の頃に戻りたいのか？,9497538,730,71566,27133,7xx66mR_HeE
2026-09-02 20:51:51,君がサヨナラ言えたって・・・,1375643,66,26222,4795,1SQWKDr_GfA
2026-09-02 20:51:51,隙間風よ,2961008,240,32030,9056,5Z4emyH-fME
2026-09-02 20:51:51,マモリビト,2954500,174,31350,10056,I8JZbNTl5rM
2026-09-02 20:51:51,承認欲求,8827748,493,72544,25167,x_BjvhMW9TE
2026-09-02 20:51:51,ドローン旋回中,2755357,156,31568,6230,rNwzfyr07SM
2026-09-02 20:51:51,静寂の暴力,6694899,336,53706,12074,uhbvX4GUrpE
2026-09-02 20:51:51,Start over!,14934856,745,109249,64359,YJRFD1AdaUE
2026-09-02 20:51:51,夏の近道,8876438,648,56765,12477,nV1DHIWSdEo
2026-09-02 20:51:51,Cool,4082040,191,38559,11161,XEKPn3WbksE
2026-09-02 20:51:51,桜月,11028035,684,69872,29118,zKLgrxHDgls
2026-09-02 20:51:51,その日まで,2670940,173,55600,5352,F2lWsUJotmc
2026-09-02 20:51:51,摩擦係数,9919921,503,73237,14313,D8piCp9XMKA
2026-09-02 20:51:51,車間距離,2311830,101,29051,3403,MKXSWXlSOB0
2026-09-02 20:51:51,僕のジレンマ,3884063,194,48261,5586,ZBk4V-uqcXs
2026-09-02 20:51:51,五月雨よ,9224611,338,72829,12975,3boaeE3dwMs
2026-09-02 20:51:51,無言の宇宙,6527837,156,53931,7558,7GZGTse6dUs
2026-09-02 20:51:51,Dead end,5734852,207,54366,7201,FEfJB32wvsk
2026-09-02 20:51:51,流れ弾,11586850,378,92170,22390,drCopBcrxRM
2026-09-02 20:51:51,思ったよりも寂しくない,4780280,139,51483,6449,D0W44Z3D3wo
2026-09-02 20:51:51,偶然の答え,5656361,233,59172,8134,_ZCf_iLMwn0
2026-09-02 20:51:51,BAN,14131654,229,97940,18419,fPZ37t3nvco
2026-09-02 20:51:51,Buddies,5852594,94,63149,9235,yT5S7Cy5cCE
2026-09-02 20:51:51,なぜ　恋をして来なかったんだろう？,14468420,387,110697,17058,S4gEJIyLHlM
2026-09-02 20:51:51,Nobady's fault,8539180,206,99732,15499,fagRTasDcKo
2026-09-03 00:36:51,光源,1587268,624,24124,4973,7pusekGNE-o
2026-09-03 00:36:51,The growing up train,2837967,678,39869,18417,Rk54JNn7Qw4
2026-09-03 00:36:51,木枯らしは泣かない,1194857,167,22756,5018,aQ1iXj4oXfI
2026-09-03 00:36:51,Unhappy birthday構文,4145158,754,48449,30169,hBfDlIN0WtI
2026-09-03 00:36:51,Alter ego,1554756,267,23608,4512,gQ7l_hav-bA
2026-09-03 00:36:51,港区パセリ,2203295,388,25005,6138,aLu4oyQ2zdw
2026-09-03 00:36:51,死んだふり,1963109,194,31587,5366,WNH_ReRMt5k
2026-09-03 00:36:51,Make or Break,3375669,328,43175,13407,nTxTTZ0QLrI
2026-09-03 00:36:51,Addiction,3550304,372,44501,10279,ReuFa_D1Vok
2026-09-03 00:36:51,Nightmare症候群,2113493,134,32966,6756,Grx5AhU14QU
2026-09-03 00:36:51,Nothing special,1625706,86,25515,5482,WdUBD5slEnc
2026-09-03 00:36:51,UDAGAWA GENERATION,6515989,455,59220,22703,qP52sh7PzYA
2026-09-03 00:36:51,本質的なこと,2818781,186,33793,6273,iZhbx2mcmug
2026-09-03 00:36:51,僕は僕を好きになれない,2036509,91,29905,8918,Ktu_LGjGd7A
2026-09-03 00:36:51,引きこもる時間はない,2071867,129,26473,4797,KYvq8-xY1Gg
2026-09-03 00:36:51,愛し合いなさい,1607376,69,24710,5873,MAP3cnAexxM
2026-09-03 00:36:51,自業自得,9717190,525,81072,50202,Rs-Y9MtHsoo
2026-09-03 00:36:51,何度　LOVE SONGの歌詞を読み返しただろう,4295637,244,37305,6968,tltXZSiAAdQ
2026-09-03 00:36:51,油を注せ！,2253538,60,28142,11901,x9a0_2aGeWU
2026-09-03 00:36:51,何歳の頃に戻りたいのか？,9497910,372,71567,27133,7xx66mR_HeE
2026-09-03 00:36:51,君がサヨナラ言えたって・・・,1375674,31,26222,4795,1SQWKDr_GfA
2026-09-03 00:36:51,隙間風よ,2961069,61,32031,9056,5Z4emyH-fME
2026-09-03 00:36:51,マモリビト,2954725,225,31351,10056,I8JZbNTl5rM
2026-09-03 00:36:51,承認欲求,8828057,309,72546,25167,x_BjvhMW9TE
2026-09-03 00:36:51,ドローン旋回中,2755482,125,31570,6230,rNwzfyr07SM
2026-09-03 00:36:51,静寂の暴力,6695146,247,53706,12074,uhbvX4GUrpE
2026-09-03 00:36:51,Start over!,14935376,520,109250,64360,YJRFD1AdaUE
2026-09-03 00:36:51,夏の近道,8876822,384,56767,12477,nV1DHIWSdEo
2026-09-03 00:36:51,Cool,4082118,78,38560,11161,XEKPn3WbksE
2026-09-03 00:36:51,桜月,11028721,686,69871,29118,zKLgrxHDgls
2026-09-03 00:36:51,その日まで,2670956,16,55600,5352,F2lWsUJotmc
2026-09-03 00:36:51,摩擦係数,9920173,252,73237,14314,D8piCp9XMKA
2026-09-03 00:36:51,車間距離,2311880,50,29051,3403,MKXSWXlSOB0
2026-09-03 00:36:51,僕のジレンマ,3884155,92,48260,5586,ZBk4V-uqcXs
2026-09-03 00:36:51,五月雨よ,9224766,155,72830,12976,3boaeE3dwMs
2026-09-03 00:36:51,無言の宇宙,6528019,182,53931,7558,7GZGTse6dUs
2026-09-03 00:36:51,Dead end,5734993,141,54369,7201,FEfJB32wvsk
2026-09-03 00:36:51,流れ弾,11587061,211,92169,22390,drCopBcrxRM
2026-09-03 00:36:51,思ったよりも寂しくない,4780294,14,51484,6449,D0W44Z3D3wo
2026-09-03 00:36:51,偶然の答え,5656496,135,59174,8134,_ZCf_iLMwn0
2026-09-03 00:36:51,BAN,14132008,354,97938,18419,fPZ37t3nvco
2026-09-03 00:36:51,Buddies,5852663,69,63149,9235,yT5S7Cy5cCE
2026-09-03 00:36:51,なぜ　恋をして来なかったんだろう？,14468686,266,110695,17058,S4gEJIyLHlM
2026-09-03 00:36:51,Nobady's fault,8539302,122,99731,15499,fagRTasDcKo
2026-09-03 04:05:25,光源,1588228,960,24128,4974,7pusekGNE-o
2026-09-03 04:05:25,The growing up train,2838775,808,39872,18417,Rk54JNn7Qw4
2026-09-03 04:05:25,木枯らしは泣かない,1195038,181,22757,5019,aQ1iXj4oXfI
2026-09-03 04:05:25,Unhappy birthday構文,4146456,1298,48451,30169,hBfDlIN0WtI
2026-09-03 04:05:25,Alter ego,1555074,318,23608,4512,gQ7l_hav-bA
2026-09-03 04:05:25,港区パセリ,2203864,569,25005,6138,aLu4oyQ2zdw
2026-09-03 04:05:25,死んだふり,1963282,173,31588,5366,WNH_ReRMt5k
2026-09-03 04:05:25,Make or Break,3375698,29,43176,13407,nTxTTZ0QLrI
2026-09-03 04:05:25,Addiction,3550762,458,44503,10279,ReuFa_D1Vok
2026-09-03 04:05:25,Nightmare症候群,2113664,171,32968,6757,Grx5AhU14QU
2026-09-03 04:05:25,Nothing special,1625825,119,25515,5482,WdUBD5slEnc
2026-09-03 04:05:25,UDAGAWA GENERATION,6516736,747,59220,22703,qP52sh7PzYA
2026-09-03 04:05:25,本質的なこと,2819012,231,33795,6273,iZhbx2mcmug
2026-09-03 04:05:25,僕は僕を好きになれない,2036607,98,29905,8918,Ktu_LGjGd7A
2026-09-03 04:05:25,引きこもる時間はない,2071936,69,26473,4797,KYvq8-xY1Gg
2026-09-03 04:05:25,愛し合いなさい,1607413,37,24710,5873,MAP3cnAexxM
2026-09-03 04:05:25,自業自得,9717963,773,81073,50202,Rs-Y9MtHsoo
2026-09-03 04:05:25,何度　LOVE SONGの歌詞を読み返しただろう,4295971,334,37306,6968,tltXZSiAAdQ
2026-09-03 04:05:25,油を注せ！,2253626,88,28142,11901,x9a0_2aGeWU
2026-09-03 04:05:25,何歳の頃に戻りたいのか？,9498468,558,71566,27133,7xx66mR_HeE
2026-09-03 04:05:25,君がサヨナラ言えたって・・・,1375710,36,26222,4795,1SQWKDr_GfA
2026-09-03 04:05:25,隙間風よ,2961217,148,32030,9056,5Z4emyH-fME
2026-09-03 04:05:25,マモリビト,2954787,62,31351,10056,I8JZbNTl5rM
2026-09-03 04:05:25,承認欲求,8828590,533,72547,25167,x_BjvhMW9TE
2026-09-03 04:05:25,ドローン旋回中,2755604,122,31570,6230,rNwzfyr07SM
2026-09-03 04:05:25,静寂の暴力,6695475,329,53707,12074,uhbvX4GUrpE
2026-09-03 04:05:25,Start over!,14936005,629,109252,64360,YJRFD1AdaUE
2026-09-03 04:05:25,夏の近道,8877427,605,56766,12477,nV1DHIWSdEo
2026-09-03 04:05:25,Cool,4082276,158,38560,11161,XEKPn3WbksE
2026-09-03 04:05:25,桜月,11029327,606,69870,29118,zKLgrxHDgls
2026-09-03 04:05:25,その日まで,2671018,62,55600,5352,F2lWsUJotmc
2026-09-03 04:05:25,摩擦係数,9920516,343,73236,14314,D8piCp9XMKA
2026-09-03 04:05:25,車間距離,2311890,10,29051,3403,MKXSWXlSOB0
2026-09-03 04:05:25,僕のジレンマ,3884245,90,48260,5586,ZBk4V-uqcXs
2026-09-03 04:05:25,五月雨よ,9225014,248,72830,12976,3boaeE3dwMs
2026-09-03 04:05:25,無言の宇宙,6528188,169,53932,7558,7GZGTse6dUs
2026-09-03 04:05:25,Dead end,5735170,177,54369,7201,FEfJB32wvsk
2026-09-03 04:05:25,流れ弾,11587285,224,92169,22390,drCopBcrxRM
2026-09-03 04:05:25,思ったよりも寂しくない,4780347,53,51483,6449,D0W44Z3D3wo
2026-09-03 04:05:25,偶然の答え,5656668,172,59175,8134,_ZCf_iLMwn0
2026-09-03 04:05:25,BAN,14132315,307,97938,18419,fPZ37t3nvco
2026-09-03 04:05:25,Buddies,5852802,139,63150,9235,yT5S7Cy5cCE
2026-09-03 04:05:25,なぜ　恋をして来なかったんだろう？,14468955,269,110695,17058,S4gEJIyLHlM
2026-09-03 04:05:25,Nobady's fault,8539455,153,99731,15499,fagRTasDcKo
2026-09-03 07:08:55,光源,1588529,301,24128,4974,7pusekGNE-o
2026-09-03 07:08:55,The growing up train,2839079,304,39872,18419,Rk54JNn7Qw4
2026-09-03 07:08:55,木枯らしは泣かない,1195110,72,22757,5020,aQ1iXj4oXfI
2026-09-03 07:08:55,Unhappy birthday構文,4146846,390,48452,30169,hBfDlIN0WtI
2026-09-03 07:08:55,Alter ego,1555153,79,23608,4512,gQ7l_hav-bA
2026-09-03 07:08:55,港区パセリ,2204117,253,25005,6139,aLu4oyQ2zdw
2026-09-03 07:08:55,死んだふり,1963377,95,31589,5366,WNH_ReRMt5k
2026-09-03 07:08:55,Make or Break,3376190,492,43176,13407,nTxTTZ0QLrI
2026-09-03 07:08:55,Addiction,3550927,165,44503,10279,ReuFa_D1Vok
2026-09-03 07:08:55,Nightmare症候群,2113765,101,32968,6757,Grx5AhU14QU
2026-09-03 07:08:55,Nothing special,1625870,45,25515,5482,WdUBD5slEnc
2026-09-03 07:08:55,UDAGAWA GENERATION,6516976,240,59219,22703,qP52sh7PzYA
2026-09-03 07:08:55,本質的なこと,2819086,74,33795,6273,iZhbx2mcmug
2026-09-03 07:08:55,僕は僕を好きになれない,2036640,33,29905,8918,Ktu_LGjGd7A
2026-09-03 07:08:55,引きこもる時間はない,2071981,45,26473,4797,KYvq8-xY1Gg
2026-09-03 07:08:55,愛し合いなさい,1607456,43,24710,5873,MAP3cnAexxM
2026-09-03 07:08:55,自業自得,9718226,263,81072,50204,Rs-Y9MtHsoo
2026-09-03 07:08:55,何度　LOVE SONGの歌詞を読み返しただろう,4296032,61,37306,6968,tltXZSiAAdQ
2026-09-03 07:08:55,油を注せ！,2253660,34,28142,11901,x9a0_2aGeWU
2026-09-03 07:08:55,何歳の頃に戻りたいのか？,9498611,143,71566,27133,7xx66mR_HeE
2026-09-03 07:08:55,君がサヨナラ言えたって・・・,1375756,46,26222,4795,1SQWKDr_GfA
2026-09-03 07:08:55,隙間風よ,2961248,31,32030,9056,5Z4emyH-fME
2026-09-03 07:08:55,マモリビト,2954941,154,31352,10057,I8JZbNTl5rM
2026-09-03 07:08:55,承認欲求,8828693,103,72547,25167,x_BjvhMW9TE
2026-09-03 07:08:55,ドローン旋回中,2755600,-4,31570,6230,rNwzfyr07SM
2026-09-03 07:08:55,静寂の暴力,6695550,75,53707,12074,uhbvX4GUrpE
2026-09-03 07:08:55,Start over!,14936250,245,109252,64360,YJRFD1AdaUE
2026-09-03 07:08:55,夏の近道,8877605,178,56766,12477,nV1DHIWSdEo
2026-09-03 07:08:55,Cool,4082329,53,38560,11161,XEKPn3WbksE
2026-09-03 07:08:55,桜月,11029508,181,69871,29118,zKLgrxHDgls
2026-09-03 07:08:55,その日まで,2671108,90,55601,5352,F2lWsUJotmc
2026-09-03 07:08:55,摩擦係数,9920633,117,73236,14314,D8piCp9XMKA
2026-09-03 07:08:55,車間距離,2311923,33,29051,3403,MKXSWXlSOB0
2026-09-03 07:08:55,僕のジレンマ,3884251,6,48261,5586,ZBk4V-uqcXs
2026-09-03 07:08:55,五月雨よ,9225088,74,72830,12976,3boaeE3dwMs
2026-09-03 07:08:55,無言の宇宙,6528270,82,53931,7558,7GZGTse6dUs
2026-09-03 07:08:55,Dead end,5735250,80,54367,7201,FEfJB32wvsk
2026-09-03 07:08:55,流れ弾,11587447,162,92170,22390,drCopBcrxRM
2026-09-03 07:08:55,思ったよりも寂しくない,4780347,0,51483,6449,D0W44Z3D3wo
2026-09-03 07:08:55,偶然の答え,5656790,122,59175,8134,_ZCf_iLMwn0
2026-09-03 07:08:55,BAN,14132372,57,97939,18419,fPZ37t3nvco
2026-09-03 07:08:55,Buddies,5852803,1,63150,9235,yT5S7Cy5cCE
2026-09-03 07:08:55,なぜ　恋をして来なかったんだろう？,14469104,149,110696,17058,S4gEJIyLHlM
2026-09-03 07:08:55,Nobady's fault,8539480,25,99731,15499,fagRTasDcKo
2026-09-03 09:51:33,光源,1588878,349,24128,4974,7pusekGNE-o
2026-09-03 09:51:33,The growing up train,2839474,395,39873,18419,Rk54JNn7Qw4
2026-09-03 09:51:33,木枯らしは泣かない,1195179,69,22758,5020,aQ1iXj4oXfI
2026-09-03 09:51:33,Unhappy birthday構文,4147285,439,48452,30170,hBfDlIN0WtI
2026-09-03 09:51:33,Alter ego,1555206,53,23608,4512,gQ7l_hav-bA
2026-09-03 09:51:33,港区パセリ,2204308,191,25005,6139,aLu4oyQ2zdw
2026-09-03 09:51:33,死んだふり,1963511,134,31590,5366,WNH_ReRMt5k
2026-09-03 09:51:33,Make or Break,3376410,220,43177,13407,nTxTTZ0QLrI
2026-09-03 09:51:33,Addiction,3551156,229,44503,10281,ReuFa_D1Vok
2026-09-03 09:51:33,Nightmare症候群,2113833,68,32969,6757,Grx5AhU14QU
2026-09-03 09:51:33,Nothing special,1625915,45,25515,5482,WdUBD5slEnc
2026-09-03 09:51:33,UDAGAWA GENERATION,6517256,280,59220,22703,qP52sh7PzYA
2026-09-03 09:51:33,本質的なこと,2819209,123,33795,6273,iZhbx2mcmug
2026-09-03 09:51:33,僕は僕を好きになれない,2036687,47,29905,8918,Ktu_LGjGd7A
2026-09-03 09:51:33,引きこもる時間はない,2071989,8,26473,4798,KYvq8-xY1Gg
2026-09-03 09:51:33,愛し合いなさい,1607459,3,24710,5873,MAP3cnAexxM
2026-09-03 09:51:33,自業自得,9718523,297,81073,50205,Rs-Y9MtHsoo
2026-09-03 09:51:33,何度　LOVE SONGの歌詞を読み返しただろう,4296177,145,37306,6969,tltXZSiAAdQ
2026-09-03 09:51:33,油を注せ！,2253667,7,28142,11901,x9a0_2aGeWU
2026-09-03 09:51:33,何歳の頃に戻りたいのか？,9498837,226,71567,27133,7xx66mR_HeE
2026-09-03 09:51:33,君がサヨナラ言えたって・・・,1375777,21,26222,4795,1SQWKDr_GfA
2026-09-03 09:51:33,隙間風よ,2961289,41,32030,9056,5Z4emyH-fME
2026-09-03 09:51:33,マモリビト,2954955,14,31352,10057,I8JZbNTl5rM
2026-09-03 09:51:33,承認欲求,8828846,153,72548,25167,x_BjvhMW9TE
2026-09-03 09:51:33,ドローン旋回中,2755630,30,31570,6230,rNwzfyr07SM
2026-09-03 09:51:33,静寂の暴力,6695743,193,53707,12074,uhbvX4GUrpE
2026-09-03 09:51:33,Start over!,14936512,262,109252,64360,YJRFD1AdaUE
2026-09-03 09:51:33,夏の近道,8877846,241,56765,12477,nV1DHIWSdEo
2026-09-03 09:51:33,Cool,4082377,48,38560,11161,XEKPn3WbksE
2026-09-03 09:51:33,桜月,11029771,263,69872,29118,zKLgrxHDgls
2026-09-03 09:51:33,その日まで,2671120,12,55602,5352,F2lWsUJotmc
2026-09-03 09:51:33,摩擦係数,9920633,0,73236,14314,D8piCp9XMKA
2026-09-03 09:51:33,車間距離,2311934,11,29051,3403,MKXSWXlSOB0
2026-09-03 09:51:33,僕のジレンマ,3884273,22,48262,5586,ZBk4V-uqcXs
2026-09-03 09:51:33,五月雨よ,9225088,0,72830,12976,3boaeE3dwMs
2026-09-03 09:51:33,無言の宇宙,6528270,0,53931,7558,7GZGTse6dUs
2026-09-03 09:51:33,Dead end,5735316,66,54368,7201,FEfJB32wvsk
2026-09-03 09:51:33,流れ弾,11587534,87,92171,22390,drCopBcrxRM
2026-09-03 09:51:33,思ったよりも寂しくない,4780380,33,51483,6449,D0W44Z3D3wo
2026-09-03 09:51:33,偶然の答え,5656810,20,59176,8134,_ZCf_iLMwn0
2026-09-03 09:51:33,BAN,14132372,0,97939,18419,fPZ37t3nvco
2026-09-03 09:51:33,Buddies,5852826,23,63150,9235,yT5S7Cy5cCE
2026-09-03 09:51:33,なぜ　恋をして来なかったんだろう？,14469123,19,110695,17058,S4gEJIyLHlM
2026-09-03 09:51:33,Nobady's fault,8539499,19,99732,15499,fagRTasDcKo
2026-09-03 14:20:59,光源,1589722,844,24131,4974,7pusekGNE-o
2026-09-03 14:20:59,The growing up train,2840262,788,39873,18419,Rk54JNn7Qw4
2026-09-03 14:20:59,木枯らしは泣かない,1195230,51,22759,5020,aQ1iXj4oXfI
2026-09-03 14:20:59,Unhappy birthday構文,4148238,953,48452,30172,hBfDlIN0WtI
2026-09-03 14:20:59,Alter ego,1555612,406,23609,4512,gQ7l_hav-bA
2026-09-03 14:20:59,港区パセリ,2204758,450,25006,6139,aLu4oyQ2zdw
2026-09-03 14:20:59,死んだふり,1963623,112,31590,5366,WNH_ReRMt5k
2026-09-03 14:20:59,Make or Break,3376604,194,43177,13407,nTxTTZ0QLrI
2026-09-03 14:20:59,Addiction,3551585,429,44503,10281,ReuFa_D1Vok
2026-09-03 14:20:59,Nightmare症候群,2113929,96,32972,6757,Grx5AhU14QU
2026-09-03 14:20:59,Nothing special,1625993,78,25515,5482,WdUBD5slEnc
2026-09-03 14:20:59,UDAGAWA GENERATION,6517807,551,59220,22703,qP52sh7PzYA
2026-09-03 14:20:59,本質的なこと,2819436,227,33794,6273,iZhbx2mcmug
2026-09-03 14:20:59,僕は僕を好きになれない,2036789,102,29905,8918,Ktu_LGjGd7A
2026-09-03 14:20:59,引きこもる時間はない,2072044,55,26474,4798,KYvq8-xY1Gg
2026-09-03 14:20:59,愛し合いなさい,1607504,45,24710,5873,MAP3cnAexxM
2026-09-03 14:20:59,自業自得,9719126,603,81073,50205,Rs-Y9MtHsoo
2026-09-03 14:20:59,何度　LOVE SONGの歌詞を読み返しただろう,4296475,298,37307,6969,tltXZSiAAdQ
2026-09-03 14:20:59,油を注せ！,2253745,78,28143,11901,x9a0_2aGeWU
2026-09-03 14:20:59,何歳の頃に戻りたいのか？,9499257,420,71569,27133,7xx66mR_HeE
2026-09-03 14:20:59,君がサヨナラ言えたって・・・,1375817,40,26221,4795,1SQWKDr_GfA
2026-09-03 14:20:59,隙間風よ,2961361,72,32030,9056,5Z4emyH-fME
2026-09-03 14:20:59,マモリビト,2955065,110,31352,10057,I8JZbNTl5rM
2026-09-03 14:20:59,承認欲求,8829197,351,72547,25167,x_BjvhMW9TE
2026-09-03 14:20:59,ドローン旋回中,2755688,58,31570,6230,rNwzfyr07SM
2026-09-03 14:20:59,静寂の暴力,6695897,154,53708,12074,uhbvX4GUrpE
2026-09-03 14:20:59,Start over!,14937112,600,109254,64360,YJRFD1AdaUE
2026-09-03 14:20:59,夏の近道,8878259,413,56764,12477,nV1DHIWSdEo
2026-09-03 14:20:59,Cool,4082466,89,38560,11161,XEKPn3WbksE
2026-09-03 14:20:59,桜月,11030286,515,69873,29118,zKLgrxHDgls
2026-09-03 14:20:59,その日まで,2671208,88,55605,5352,F2lWsUJotmc
2026-09-03 14:20:59,摩擦係数,9921058,425,73237,14315,D8piCp9XMKA
2026-09-03 14:20:59,車間距離,2311969,35,29051,3403,MKXSWXlSOB0
2026-09-03 14:20:59,僕のジレンマ,3884343,70,48262,5586,ZBk4V-uqcXs
2026-09-03 14:20:59,五月雨よ,9225410,322,72832,12976,3boaeE3dwMs
2026-09-03 14:20:59,無言の宇宙,6528514,244,53931,7558,7GZGTse6dUs
2026-09-03 14:20:59,Dead end,5735403,87,54368,7201,FEfJB32wvsk
2026-09-03 14:20:59,流れ弾,11587813,279,92172,22390,drCopBcrxRM
2026-09-03 14:20:59,思ったよりも寂しくない,4780460,80,51483,6449,D0W44Z3D3wo
2026-09-03 14:20:59,偶然の答え,5656958,148,59177,8134,_ZCf_iLMwn0
2026-09-03 14:20:59,BAN,14132749,377,97940,18419,fPZ37t3nvco
2026-09-03 14:20:59,Buddies,5852887,61,63150,9235,yT5S7Cy5cCE
2026-09-03 14:20:59,なぜ　恋をして来なかったんだろう？,14469357,234,110695,17058,S4gEJIyLHlM
2026-09-03 14:20:59,Nobady's fault,8539635,136,99731,15499,fagRTasDcKo
2026-09-03 19:22:27,光源,1590620,898,24132,4974,7pusekGNE-o
2026-09-03 19:22:27,The growing up train,2841195,933,39874,18419,Rk54JNn7Qw4
2026-09-03 19:22:27,木枯らしは泣かない,1195497,267,22760,5020,aQ1iXj4oXfI
2026-09-03 19:22:27,Unhappy birthday構文,4149270,1032,48455,30172,hBfDlIN0WtI
2026-09-03 19:22:27,Alter ego,1555861,249,23610,4512,gQ7l_hav-bA
2026-09-03 19:22:27,港区パセリ,2205365,607,25006,6139,aLu4oyQ2zdw
2026-09-03 19:22:27,死んだふり,1964096,473,31592,5366,WNH_ReRMt5k
2026-09-03 19:22:27,Make or Break,3377270,666,43178,13407,nTxTTZ0QLrI
2026-09-03 19:22:27,Addiction,3552146,561,44505,10281,ReuFa_D1Vok
2026-09-03 19:22:27,Nightmare症候群,2114192,263,32973,6757,Grx5AhU14QU
2026-09-03 19:22:27,Nothing special,1626214,221,25515,5482,WdUBD5slEnc
2026-09-03 19:22:27,UDAGAWA GENERATION,6518550,743,59221,22703,qP52sh7PzYA
2026-09-03 19:22:27,本質的なこと,2819595,159,33794,6273,iZhbx2mcmug
2026-09-03 19:22:27,僕は僕を好きになれない,2037004,215,29905,8918,Ktu_LGjGd7A
2026-09-03 19:22:27,引きこもる時間はない,2072205,161,26474,4798,KYvq8-xY1Gg
2026-09-03 19:22:27,愛し合いなさい,1607617,113,24710,5873,MAP3cnAexxM
2026-09-03 19:22:27,自業自得,9719930,804,81074,50202,Rs-Y9MtHsoo
2026-09-03 19:22:27,何度　LOVE SONGの歌詞を読み返しただろう,4296761,286,37307,6969,tltXZSiAAdQ
2026-09-03 19:22:27,油を注せ！,2253872,127,28144,11901,x9a0_2aGeWU
2026-09-03 19:22:27,何歳の頃に戻りたいのか？,9499774,517,71572,27134,7xx66mR_HeE
2026-09-03 19:22:27,君がサヨナラ言えたって・・・,1375866,49,26221,4795,1SQWKDr_GfA
2026-09-03 19:22:27,隙間風よ,2961568,207,32030,9056,5Z4emyH-fME
2026-09-03 19:22:27,マモリビト,2955418,353,31352,10057,I8JZbNTl5rM
2026-09-03 19:22:27,承認欲求,8829645,448,72548,25167,x_BjvhMW9TE
2026-09-03 19:22:27,ドローン旋回中,2755931,243,31569,6230,rNwzfyr07SM
2026-09-03 19:22:27,静寂の暴力,6696342,445,53708,12074,uhbvX4GUrpE
2026-09-03 19:22:27,Start over!,14937877,765,109256,64360,YJRFD1AdaUE
2026-09-03 19:22:27,夏の近道,8878821,562,56766,12477,nV1DHIWSdEo
2026-09-03 19:22:27,Cool,4082659,193,38560,11161,XEKPn3WbksE
2026-09-03 19:22:27,桜月,11030984,698,69878,29118,zKLgrxHDgls
2026-09-03 19:22:27,その日まで,2671322,114,55605,5352,F2lWsUJotmc
2026-09-03 19:22:27,摩擦係数,9921462,404,73238,14316,D8piCp9XMKA
2026-09-03 19:22:27,車間距離,2312055,86,29051,3403,MKXSWXlSOB0
2026-09-03 19:22:27,僕のジレンマ,3884513,170,48262,5586,ZBk4V-uqcXs
2026-09-03 19:22:27,五月雨よ,9225686,276,72832,12976,3boaeE3dwMs
2026-09-03 19:22:27,無言の宇宙,6528684,170,53932,7558,7GZGTse6dUs
2026-09-03 19:22:27,Dead end,5735555,152,54369,7201,FEfJB32wvsk
2026-09-03 19:22:27,流れ弾,11588137,324,92172,22390,drCopBcrxRM
2026-09-03 19:22:27,思ったよりも寂しくない,4780518,58,51483,6449,D0W44Z3D3wo
2026-09-03 19:22:27,偶然の答え,5657172,214,59177,8134,_ZCf_iLMwn0
2026-09-03 19:22:27,BAN,14133077,328,97941,18419,fPZ37t3nvco
2026-09-03 19:22:27,Buddies,5852985,98,63150,9235,yT5S7Cy5cCE
2026-09-03 19:22:27,なぜ　恋をして来なかったんだろう？,14469756,399,110695,17058,S4gEJIyLHlM
2026-09-03 19:22:27,Nobady's fault,8539742,107,99731,15499,fagRTasDcKo
2026-09-03 23:48:40,光源,1591603,983,24136,4976,7pusekGNE-o
2026-09-03 23:48:40,The growing up train,2842137,942,39878,18419,Rk54JNn7Qw4
2026-09-03 23:48:40,木枯らしは泣かない,1195699,202,22762,5020,aQ1iXj4oXfI
2026-09-03 23:48:40,Unhappy birthday構文,4150432,1162,48462,30172,hBfDlIN0WtI
2026-09-03 23:48:40,Alter ego,1556162,301,23611,4512,gQ7l_hav-bA
2026-09-03 23:48:40,港区パセリ,2205964,599,25010,6139,aLu4oyQ2zdw
2026-09-03 23:48:40,死んだふり,1964402,306,31595,5366,WNH_ReRMt5k
2026-09-03 23:48:40,Make or Break,3377729,459,43178,13407,nTxTTZ0QLrI
2026-09-03 23:48:40,Addiction,3552692,546,44507,10281,ReuFa_D1Vok
2026-09-03 23:48:40,Nightmare症候群,2114429,237,32975,6757,Grx5AhU14QU
2026-09-03 23:48:40,Nothing special,1626318,104,25515,5482,WdUBD5slEnc
2026-09-03 23:48:40,UDAGAWA GENERATION,6519239,689,59220,22704,qP52sh7PzYA
2026-09-03 23:48:40,本質的なこと,2819968,373,33797,6273,iZhbx2mcmug
2026-09-03 23:48:40,僕は僕を好きになれない,2037124,120,29906,8918,Ktu_LGjGd7A
2026-09-03 23:48:40,引きこもる時間はない,2072357,152,26474,4798,KYvq8-xY1Gg
2026-09-03 23:48:40,愛し合いなさい,1607669,52,24710,5873,MAP3cnAexxM
2026-09-03 23:48:40,自業自得,9720777,847,81074,50204,Rs-Y9MtHsoo
2026-09-03 23:48:40,何度　LOVE SONGの歌詞を読み返しただろう,4297056,295,37308,6969,tltXZSiAAdQ
2026-09-03 23:48:40,油を注せ！,2253906,34,28144,11901,x9a0_2aGeWU
2026-09-03 23:48:40,何歳の頃に戻りたいのか？,9499867,93,71572,27134,7xx66mR_HeE
2026-09-03 23:48:40,君がサヨナラ言えたって・・・,1375940,74,26222,4795,1SQWKDr_GfA
2026-09-03 23:48:40,隙間風よ,2961703,135,32031,9056,5Z4emyH-fME
2026-09-03 23:48:40,マモリビト,2955647,229,31352,10057,I8JZbNTl5rM
2026-09-03 23:48:40,承認欲求,8830109,464,72551,25168,x_BjvhMW9TE
2026-09-03 23:48:40,ドローン旋回中,2756023,92,31569,6230,rNwzfyr07SM
2026-09-03 23:48:40,静寂の暴力,6696738,396,53710,12075,uhbvX4GUrpE
2026-09-03 23:48:40,Start over!,14938535,658,109259,64359,YJRFD1AdaUE
2026-09-03 23:48:40,夏の近道,8879161,340,56766,12477,nV1DHIWSdEo
2026-09-03 23:48:40,Cool,4082856,197,38561,11161,XEKPn3WbksE
2026-09-03 23:48:40,桜月,11031661,677,69882,29119,zKLgrxHDgls
2026-09-03 23:48:40,その日まで,2671410,88,55604,5352,F2lWsUJotmc
2026-09-03 23:48:40,摩擦係数,9921840,378,73238,14316,D8piCp9XMKA
2026-09-03 23:48:40,車間距離,2312095,40,29051,3403,MKXSWXlSOB0
2026-09-03 23:48:40,僕のジレンマ,3884654,141,48263,5586,ZBk4V-uqcXs
2026-09-03 23:48:40,五月雨よ,9225736,50,72831,12976,3boaeE3dwMs
2026-09-03 23:48:40,無言の宇宙,6528864,180,53931,7558,7GZGTse6dUs
2026-09-03 23:48:40,Dead end,5735643,88,54369,7201,FEfJB32wvsk
2026-09-03 23:48:40,流れ弾,11588463,326,92172,22390,drCopBcrxRM
2026-09-03 23:48:40,思ったよりも寂しくない,4780585,67,51482,6449,D0W44Z3D3wo
2026-09-03 23:48:40,偶然の答え,5657348,176,59177,8134,_ZCf_iLMwn0
2026-09-03 23:48:40,BAN,14133433,356,97943,18419,fPZ37t3nvco
2026-09-03 23:48:40,Buddies,5853121,136,63149,9235,yT5S7Cy5cCE
2026-09-03 23:48:40,なぜ　恋をして来なかったんだろう？,14469974,218,110695,17058,S4gEJIyLHlM
2026-09-03 23:48:40,Nobady's fault,8539976,234,99731,15499,fagRTasDcKo
2026-09-04 03:13:56,光源,1592272,669,24140,4977,7pusekGNE-o
2026-09-04 03:13:56,The growing up train,2842702,565,39880,18419,Rk54JNn7Qw4
2026-09-04 03:13:56,木枯らしは泣かない,1195833,134,22763,5021,aQ1iXj4oXfI
2026-09-04 03:13:56,Unhappy birthday構文,4151180,748,48464,30173,hBfDlIN0WtI
2026-09-04 03:13:56,Alter ego,1556381,219,23612,4512,gQ7l_hav-bA
2026-09-04 03:13:56,港区パセリ,2206319,355,25011,6139,aLu4oyQ2zdw
2026-09-04 03:13:56,死んだふり,1964591,189,31595,5367,WNH_ReRMt5k
2026-09-04 03:13:56,Make or Break,3377932,203,43179,13407,nTxTTZ0QLrI
2026-09-04 03:13:56,Addiction,3553049,357,44507,10281,ReuFa_D1Vok
2026-09-04 03:13:56,Nightmare症候群,2114461,32,32975,6757,Grx5AhU14QU
2026-09-04 03:13:56,Nothing special,1626459,141,25515,5482,WdUBD5slEnc
2026-09-04 03:13:56,UDAGAWA GENERATION,6519719,480,59222,22704,qP52sh7PzYA
2026-09-04 03:13:56,本質的なこと,2820269,301,33797,6273,iZhbx2mcmug
2026-09-04 03:13:56,僕は僕を好きになれない,2037140,16,29906,8918,Ktu_LGjGd7A
2026-09-04 03:13:56,引きこもる時間はない,2072448,91,26474,4798,KYvq8-xY1Gg
2026-09-04 03:13:56,愛し合いなさい,1607736,67,24710,5873,MAP3cnAexxM
2026-09-04 03:13:56,自業自得,9721344,567,81073,50204,Rs-Y9MtHsoo
2026-09-04 03:13:56,何度　LOVE SONGの歌詞を読み返しただろう,4297283,227,37309,6970,tltXZSiAAdQ
2026-09-04 03:13:56,油を注せ！,2254080,174,28145,11901,x9a0_2aGeWU
2026-09-04 03:13:56,何歳の頃に戻りたいのか？,9500702,835,71575,27134,7xx66mR_HeE
2026-09-04 03:13:56,君がサヨナラ言えたって・・・,1375976,36,26223,4795,1SQWKDr_GfA
2026-09-04 03:13:56,隙間風よ,2961824,121,32030,9056,5Z4emyH-fME
2026-09-04 03:13:56,マモリビト,2955796,149,31352,10057,I8JZbNTl5rM
2026-09-04 03:13:56,承認欲求,8830418,309,72551,25168,x_BjvhMW9TE
2026-09-04 03:13:56,ドローン旋回中,2756134,111,31569,6230,rNwzfyr07SM
2026-09-04 03:13:56,静寂の暴力,6697027,289,53713,12075,uhbvX4GUrpE
2026-09-04 03:13:56,Start over!,14939020,485,109260,64359,YJRFD1AdaUE
2026-09-04 03:13:56,夏の近道,8879659,498,56766,12477,nV1DHIWSdEo
2026-09-04 03:13:56,Cool,4082986,130,38561,11161,XEKPn3WbksE
2026-09-04 03:13:56,桜月,11032113,452,69884,29119,zKLgrxHDgls
2026-09-04 03:13:56,その日まで,2671496,86,55604,5352,F2lWsUJotmc
2026-09-04 03:13:56,摩擦係数,9922088,248,73239,14316,D8piCp9XMKA
2026-09-04 03:13:56,車間距離,2312171,76,29052,3403,MKXSWXlSOB0
2026-09-04 03:13:56,僕のジレンマ,3884714,60,48263,5587,ZBk4V-uqcXs
2026-09-04 03:13:56,五月雨よ,9226125,389,72832,12976,3boaeE3dwMs
2026-09-04 03:13:56,無言の宇宙,6529061,197,53930,7558,7GZGTse6dUs
2026-09-04 03:13:56,Dead end,5735953,310,54369,7201,FEfJB32wvsk
2026-09-04 03:13:56,流れ弾,11588686,223,92173,22390,drCopBcrxRM
2026-09-04 03:13:56,思ったよりも寂しくない,4780668,83,51483,6449,D0W44Z3D3wo
2026-09-04 03:13:56,偶然の答え,5657474,126,59180,8134,_ZCf_iLMwn0
2026-09-04 03:13:56,BAN,14133611,178,97943,18419,fPZ37t3nvco
2026-09-04 03:13:56,Buddies,5853196,75,63150,9235,yT5S7Cy5cCE
2026-09-04 03:13:56,なぜ　恋をして来なかったんだろう？,14470200,226,110694,17058,S4gEJIyLHlM
2026-09-04 03:13:56,Nobady's fault,8540087,111,99731,15499,fagRTasDcKo
2026-09-04 06:30:22,光源,1592826,554,24140,4977,7pusekGNE-o
2026-09-04 06:30:22,The growing up train,2843245,543,39881,18420,Rk54JNn7Qw4
2026-09-04 06:30:22,木枯らしは泣かない,1195954,121,22763,5021,aQ1iXj4oXfI
2026-09-04 06:30:22,Unhappy birthday構文,4151961,781,48464,30174,hBfDlIN0WtI
2026-09-04 06:30:22,Alter ego,1556676,295,23612,4513,gQ7l_hav-bA
2026-09-04 06:30:22,港区パセリ,2206709,390,25012,6141,aLu4oyQ2zdw
2026-09-04 06:30:22,死んだふり,1964746,155,31595,5367,WNH_ReRMt5k
2026-09-04 06:30:22,Make or Break,3378293,361,43180,13407,nTxTTZ0QLrI
2026-09-04 06:30:22,Addiction,3553388,339,44507,10283,ReuFa_D1Vok
2026-09-04 06:30:22,Nightmare症候群,2114699,238,32975,6757,Grx5AhU14QU
2026-09-04 06:30:22,Nothing special,1626600,141,25516,5482,WdUBD5slEnc
2026-09-04 06:30:22,UDAGAWA GENERATION,6520236,517,59223,22704,qP52sh7PzYA
2026-09-04 06:30:22,本質的なこと,2820487,218,33797,6273,iZhbx2mcmug
2026-09-04 06:30:22,僕は僕を好きになれない,2037279,139,29906,8918,Ktu_LGjGd7A
2026-09-04 06:30:22,引きこもる時間はない,2072510,62,26475,4798,KYvq8-xY1Gg
2026-09-04 06:30:22,愛し合いなさい,1607806,70,24710,5873,MAP3cnAexxM
2026-09-04 06:30:22,自業自得,9721824,480,81075,50208,Rs-Y9MtHsoo
2026-09-04 06:30:22,何度　LOVE SONGの歌詞を読み返しただろう,4297503,220,37309,6970,tltXZSiAAdQ
2026-09-04 06:30:22,油を注せ！,2254143,63,28145,11901,x9a0_2aGeWU
2026-09-04 06:30:22,何歳の頃に戻りたいのか？,9501005,303,71575,27135,7xx66mR_HeE
2026-09-04 06:30:22,君がサヨナラ言えたって・・・,1376025,49,26223,4795,1SQWKDr_GfA
2026-09-04 06:30:22,隙間風よ,2961910,86,32030,9057,5Z4emyH-fME
2026-09-04 06:30:22,マモリビト,2955969,173,31352,10059,I8JZbNTl5rM
2026-09-04 06:30:22,承認欲求,8830719,301,72551,25168,x_BjvhMW9TE
2026-09-04 06:30:22,ドローン旋回中,2756233,99,31569,6231,rNwzfyr07SM
2026-09-04 06:30:22,静寂の暴力,6697260,233,53713,12076,uhbvX4GUrpE
2026-09-04 06:30:22,Start over!,14939392,372,109261,64360,YJRFD1AdaUE
2026-09-04 06:30:22,夏の近道,8880154,495,56766,12478,nV1DHIWSdEo
2026-09-04 06:30:22,Cool,4083067,81,38561,11162,XEKPn3WbksE
2026-09-04 06:30:22,桜月,11032569,456,69885,29119,zKLgrxHDgls
2026-09-04 06:30:22,その日まで,2671576,80,55604,5352,F2lWsUJotmc
2026-09-04 06:30:22,摩擦係数,9922310,222,73239,14317,D8piCp9XMKA
2026-09-04 06:30:22,車間距離,2312219,48,29052,3403,MKXSWXlSOB0
2026-09-04 06:30:22,僕のジレンマ,3884803,89,48263,5587,ZBk4V-uqcXs
2026-09-04 06:30:22,五月雨よ,9226274,149,72832,12977,3boaeE3dwMs
2026-09-04 06:30:22,無言の宇宙,6529175,114,53930,7558,7GZGTse6dUs
2026-09-04 06:30:22,Dead end,5736051,98,54369,7202,FEfJB32wvsk
2026-09-04 06:30:22,流れ弾,11588869,183,92173,22391,drCopBcrxRM
2026-09-04 06:30:22,思ったよりも寂しくない,4780747,79,51483,6449,D0W44Z3D3wo
2026-09-04 06:30:22,偶然の答え,5657571,97,59181,8135,_ZCf_iLMwn0
2026-09-04 06:30:22,BAN,14133800,189,97943,18420,fPZ37t3nvco
2026-09-04 06:30:22,Buddies,5853260,64,63150,9236,yT5S7Cy5cCE
2026-09-04 06:30:22,なぜ　恋をして来なかったんだろう？,14470454,254,110694,17059,S4gEJIyLHlM
2026-09-04 06:30:22,Nobady's fault,8540189,102,99731,15500,fagRTasDcKo
2026-09-04 08:41:03,光源,1593012,186,24142,4978,7pusekGNE-o
2026-09-04 08:41:03,The growing up train,2843349,104,39882,18420,Rk54JNn7Qw4
2026-09-04 08:41:03,木枯らしは泣かない,1195898,-56,22763,5022,aQ1iXj4oXfI
2026-09-04 08:41:03,Unhappy birthday構文,4152080,119,48465,30175,hBfDlIN0WtI
2026-09-04 08:41:03,Alter ego,1556697,21,23613,4513,gQ7l_hav-bA
2026-09-04 08:41:03,港区パセリ,2206804,95,25013,6141,aLu4oyQ2zdw
2026-09-04 08:41:03,死んだふり,1964823,77,31595,5367,WNH_ReRMt5k
2026-09-04 08:41:03,Make or Break,3378336,43,43180,13408,nTxTTZ0QLrI
2026-09-04 08:41:03,Addiction,3553438,50,44507,10283,ReuFa_D1Vok
2026-09-04 08:41:03,Nightmare症候群,2114713,14,32975,6757,Grx5AhU14QU
2026-09-04 08:41:03,Nothing special,1626619,19,25517,5482,WdUBD5slEnc
2026-09-04 08:41:03,UDAGAWA GENERATION,6520292,56,59224,22704,qP52sh7PzYA
2026-09-04 08:41:03,本質的なこと,2820462,-25,33797,6274,iZhbx2mcmug
2026-09-04 08:41:03,僕は僕を好きになれない,2037285,6,29906,8918,Ktu_LGjGd7A
2026-09-04 08:41:03,引きこもる時間はない,2072535,25,26475,4798,KYvq8-xY1Gg
2026-09-04 08:41:03,愛し合いなさい,1607807,1,24710,5873,MAP3cnAexxM
2026-09-04 08:41:03,自業自得,9721887,63,81075,50209,Rs-Y9MtHsoo
2026-09-04 08:41:03,何度　LOVE SONGの歌詞を読み返しただろう,4297510,7,37309,6970,tltXZSiAAdQ
2026-09-04 08:41:03,油を注せ！,2254142,-1,28145,11901,x9a0_2aGeWU
2026-09-04 08:41:03,何歳の頃に戻りたいのか？,9501054,49,71575,27135,7xx66mR_HeE
2026-09-04 08:41:03,君がサヨナラ言えたって・・・,1376033,8,26224,4795,1SQWKDr_GfA
2026-09-04 08:41:03,隙間風よ,2961910,0,32030,9057,5Z4emyH-fME
2026-09-04 08:41:03,マモリビト,2955986,17,31352,10059,I8JZbNTl5rM
2026-09-04 08:41:03,承認欲求,8830765,46,72551,25169,x_BjvhMW9TE
2026-09-04 08:41:03,ドローン旋回中,2756233,0,31569,6231,rNwzfyr07SM
2026-09-04 08:41:03,静寂の暴力,6697283,23,53712,12076,uhbvX4GUrpE
2026-09-04 08:41:03,Start over!,14939499,107,109262,64360,YJRFD1AdaUE
2026-09-04 08:41:03,夏の近道,8880199,45,56766,12479,nV1DHIWSdEo
2026-09-04 08:41:03,Cool,4083067,0,38561,11162,XEKPn3WbksE
2026-09-04 08:41:03,桜月,11032657,88,69885,29119,zKLgrxHDgls
2026-09-04 08:41:03,その日まで,2671581,5,55605,5352,F2lWsUJotmc
2026-09-04 08:41:03,摩擦係数,9922332,22,73239,14318,D8piCp9XMKA
2026-09-04 08:41:03,車間距離,2312197,-22,29052,3403,MKXSWXlSOB0
2026-09-04 08:41:03,僕のジレンマ,3884804,1,48263,5587,ZBk4V-uqcXs
2026-09-04 08:41:03,五月雨よ,9226293,19,72832,12977,3boaeE3dwMs
2026-09-04 08:41:03,無言の宇宙,6529206,31,53930,7558,7GZGTse6dUs
2026-09-04 08:41:03,Dead end,5736067,16,54370,7202,FEfJB32wvsk
2026-09-04 08:41:03,流れ弾,11588913,44,92173,22391,drCopBcrxRM
2026-09-04 08:41:03,思ったよりも寂しくない,4780763,16,51483,6449,D0W44Z3D3wo
2026-09-04 08:41:03,偶然の答え,5657585,14,59181,8135,_ZCf_iLMwn0
2026-09-04 08:41:03,BAN,14133821,21,97943,18420,fPZ37t3nvco
2026-09-04 08:41:03,Buddies,5853260,0,63150,9236,yT5S7Cy5cCE
2026-09-04 08:41:03,なぜ　恋をして来なかったんだろう？,14470488,34,110694,17059,S4gEJIyLHlM
2026-09-04 08:41:03,Nobady's fault,8540183,-6,99731,15500,fagRTasDcKo
2026-09-04 10:59:53,光源,1593201,189,24141,4978,7pusekGNE-o
2026-09-04 10:59:53,The growing up train,2843491,142,39882,18420,Rk54JNn7Qw4
2026-09-04 10:59:53,木枯らしは泣かない,1196006,108,22763,5022,aQ1iXj4oXfI
2026-09-04 10:59:53,Unhappy birthday構文,4152290,210,48466,30176,hBfDlIN0WtI
2026-09-04 10:59:53,Alter ego,1556697,0,23613,4513,gQ7l_hav-bA
2026-09-04 10:59:53,港区パセリ,2206807,3,25013,6141,aLu4oyQ2zdw
2026-09-04 10:59:53,死んだふり,1964907,84,31596,5367,WNH_ReRMt5k
2026-09-04 10:59:53,Make or Break,3378450,114,43183,13408,nTxTTZ0QLrI
2026-09-04 10:59:53,Addiction,3553495,57,44507,10283,ReuFa_D1Vok
2026-09-04 10:59:53,Nightmare症候群,2114746,33,32975,6757,Grx5AhU14QU
2026-09-04 10:59:53,Nothing special,1626625,6,25517,5482,WdUBD5slEnc
2026-09-04 10:59:53,UDAGAWA GENERATION,6520494,202,59225,22704,qP52sh7PzYA
2026-09-04 10:59:53,本質的なこと,2820475,13,33798,6274,iZhbx2mcmug
2026-09-04 10:59:53,僕は僕を好きになれない,2037347,62,29906,8918,Ktu_LGjGd7A
2026-09-04 10:59:53,引きこもる時間はない,2072568,33,26475,4798,KYvq8-xY1Gg
2026-09-04 10:59:53,愛し合いなさい,1607847,40,24710,5873,MAP3cnAexxM
2026-09-04 10:59:53,自業自得,9721916,29,81076,50209,Rs-Y9MtHsoo
2026-09-04 10:59:53,何度　LOVE SONGの歌詞を読み返しただろう,4297567,57,37311,6970,tltXZSiAAdQ
2026-09-04 10:59:53,油を注せ！,2254127,-15,28145,11901,x9a0_2aGeWU
2026-09-04 10:59:53,何歳の頃に戻りたいのか？,9501161,107,71575,27135,7xx66mR_HeE
2026-09-04 10:59:53,君がサヨナラ言えたって・・・,1376044,11,26224,4795,1SQWKDr_GfA
2026-09-04 10:59:53,隙間風よ,2961929,19,32030,9057,5Z4emyH-fME
2026-09-04 10:59:53,マモリビト,2956026,40,31352,10059,I8JZbNTl5rM
2026-09-04 10:59:53,承認欲求,8830843,78,72551,25169,x_BjvhMW9TE
2026-09-04 10:59:53,ドローン旋回中,2756255,22,31569,6231,rNwzfyr07SM
2026-09-04 10:59:53,静寂の暴力,6697286,3,53712,12076,uhbvX4GUrpE
2026-09-04 10:59:53,Start over!,14939641,142,109263,64360,YJRFD1AdaUE
2026-09-04 10:59:53,夏の近道,8880359,160,56767,12479,nV1DHIWSdEo
2026-09-04 10:59:53,Cool,4083085,18,38561,11162,XEKPn3WbksE
2026-09-04 10:59:53,桜月,11032796,139,69886,29119,zKLgrxHDgls
2026-09-04 10:59:53,その日まで,2671626,45,55605,5352,F2lWsUJotmc
2026-09-04 10:59:53,摩擦係数,9922404,72,73238,14319,D8piCp9XMKA
2026-09-04 10:59:53,車間距離,2312205,8,29052,3403,MKXSWXlSOB0
2026-09-04 10:59:53,僕のジレンマ,3884847,43,48263,5587,ZBk4V-uqcXs
2026-09-04 10:59:53,五月雨よ,9226296,3,72832,12977,3boaeE3dwMs
2026-09-04 10:59:53,無言の宇宙,6529276,70,53930,7559,7GZGTse6dUs
2026-09-04 10:59:53,Dead end,5736071,4,54370,7202,FEfJB32wvsk
2026-09-04 10:59:53,流れ弾,11588913,0,92173,22391,drCopBcrxRM
2026-09-04 10:59:53,思ったよりも寂しくない,4780821,58,51483,6449,D0W44Z3D3wo
2026-09-04 10:59:53,偶然の答え,5657587,2,59181,8135,_ZCf_iLMwn0
2026-09-04 10:59:53,BAN,14133821,0,97943,18420,fPZ37t3nvco
2026-09-04 10:59:53,Buddies,5853256,-4,63150,9236,yT5S7Cy5cCE
2026-09-04 10:59:53,なぜ　恋をして来なかったんだろう？,14470503,15,110694,17059,S4gEJIyLHlM
2026-09-04 10:59:53,Nobady's fault,8540184,1,99731,15500,fagRTasDcKo
2026-09-04 16:02:22,光源,1594151,950,24142,4978,7pusekGNE-o
2026-09-04 16:02:22,The growing up train,2844597,1106,39886,18420,Rk54JNn7Qw4
2026-09-04 16:02:22,木枯らしは泣かない,1196130,124,22763,5022,aQ1iXj4oXfI
2026-09-04 16:02:22,Unhappy birthday構文,4153549,1259,48469,30173,hBfDlIN0WtI
2026-09-04 16:02:22,Alter ego,1556986,289,23613,4513,gQ7l_hav-bA
2026-09-04 16:02:22,港区パセリ,2207414,607,25015,6141,aLu4oyQ2zdw
2026-09-04 16:02:22,死んだふり,1965193,286,31596,5367,WNH_ReRMt5k
2026-09-04 16:02:22,Make or Break,3378913,463,43187,13408,nTxTTZ0QLrI
2026-09-04 16:02:22,Addiction,3554110,615,44509,10283,ReuFa_D1Vok
2026-09-04 16:02:22,Nightmare症候群,2114920,174,32977,6757,Grx5AhU14QU
2026-09-04 16:02:22,Nothing special,1626784,159,25518,5482,WdUBD5slEnc
2026-09-04 16:02:22,UDAGAWA GENERATION,6521212,718,59225,22704,qP52sh7PzYA
2026-09-04 16:02:22,本質的なこと,2820826,351,33799,6274,iZhbx2mcmug
2026-09-04 16:02:22,僕は僕を好きになれない,2037442,95,29906,8918,Ktu_LGjGd7A
2026-09-04 16:02:22,引きこもる時間はない,2072662,94,26475,4798,KYvq8-xY1Gg
2026-09-04 16:02:22,愛し合いなさい,1607915,68,24711,5873,MAP3cnAexxM
2026-09-04 16:02:22,自業自得,9722848,932,81078,50209,Rs-Y9MtHsoo
2026-09-04 16:02:22,何度　LOVE SONGの歌詞を読み返しただろう,4297905,338,37312,6970,tltXZSiAAdQ
2026-09-04 16:02:22,油を注せ！,2254275,148,28146,11901,x9a0_2aGeWU
2026-09-04 16:02:22,何歳の頃に戻りたいのか？,9501622,461,71577,27135,7xx66mR_HeE
2026-09-04 16:02:22,君がサヨナラ言えたって・・・,1376085,41,26224,4795,1SQWKDr_GfA
2026-09-04 16:02:22,隙間風よ,2962086,157,32031,9057,5Z4emyH-fME
2026-09-04 16:02:22,マモリビト,2956311,285,31352,10059,I8JZbNTl5rM
2026-09-04 16:02:22,承認欲求,8831343,500,72551,25169,x_BjvhMW9TE
2026-09-04 16:02:22,ドローン旋回中,2756454,199,31570,6231,rNwzfyr07SM
2026-09-04 16:02:22,静寂の暴力,6697692,406,53713,12076,uhbvX4GUrpE
2026-09-04 16:02:22,Start over!,14940366,725,109266,64360,YJRFD1AdaUE
2026-09-04 16:02:22,夏の近道,8880883,524,56767,12479,nV1DHIWSdEo
2026-09-04 16:02:22,Cool,4083304,219,38562,11162,XEKPn3WbksE
2026-09-04 16:02:22,桜月,11033436,640,69887,29119,zKLgrxHDgls
2026-09-04 16:02:22,その日まで,2671702,76,55606,5352,F2lWsUJotmc
2026-09-04 16:02:22,摩擦係数,9922832,428,73239,14319,D8piCp9XMKA
2026-09-04 16:02:22,車間距離,2312310,105,29052,3403,MKXSWXlSOB0
2026-09-04 16:02:22,僕のジレンマ,3884976,129,48263,5587,ZBk4V-uqcXs
2026-09-04 16:02:22,五月雨よ,9226612,316,72831,12977,3boaeE3dwMs
2026-09-04 16:02:22,無言の宇宙,6529472,196,53929,7559,7GZGTse6dUs
2026-09-04 16:02:22,Dead end,5736334,263,54370,7202,FEfJB32wvsk
2026-09-04 16:02:22,流れ弾,11589283,370,92173,22389,drCopBcrxRM
2026-09-04 16:02:22,思ったよりも寂しくない,4780875,54,51482,6449,D0W44Z3D3wo
2026-09-04 16:02:22,偶然の答え,5657770,183,59182,8135,_ZCf_iLMwn0
2026-09-04 16:02:22,BAN,14134225,404,97944,18419,fPZ37t3nvco
2026-09-04 16:02:22,Buddies,5853367,111,63150,9236,yT5S7Cy5cCE
2026-09-04 16:02:22,なぜ　恋をして来なかったんだろう？,14470839,336,110695,17059,S4gEJIyLHlM
2026-09-04 16:02:22,Nobady's fault,8540374,190,99731,15500,fagRTasDcKo
2026-09-04 21:21:46,光源,1594946,795,24144,4978,7pusekGNE-o
2026-09-04 21:21:46,The growing up train,2845458,861,39888,18420,Rk54JNn7Qw4
2026-09-04 21:21:46,木枯らしは泣かない,1196272,142,22763,5022,aQ1iXj4oXfI
2026-09-04 21:21:46,Unhappy birthday構文,4154581,1032,48470,30173,hBfDlIN0WtI
2026-09-04 21:21:46,Alter ego,1557415,429,23616,4513,gQ7l_hav-bA
2026-09-04 21:21:46,港区パセリ,2207824,410,25015,6141,aLu4oyQ2zdw
2026-09-04 21:21:46,死んだふり,1965445,252,31595,5367,WNH_ReRMt5k
2026-09-04 21:21:46,Make or Break,3379319,406,43187,13408,nTxTTZ0QLrI
2026-09-04 21:21:46,Addiction,3554436,326,44511,10283,ReuFa_D1Vok
2026-09-04 21:21:46,Nightmare症候群,2115075,155,32980,6757,Grx5AhU14QU
2026-09-04 21:21:46,Nothing special,1626862,78,25518,5482,WdUBD5slEnc
2026-09-04 21:21:46,UDAGAWA GENERATION,6521953,741,59224,22704,qP52sh7PzYA
2026-09-04 21:21:46,本質的なこと,2821037,211,33800,6274,iZhbx2mcmug
2026-09-04 21:21:46,僕は僕を好きになれない,2037601,159,29907,8918,Ktu_LGjGd7A
2026-09-04 21:21:46,引きこもる時間はない,2072787,125,26476,4798,KYvq8-xY1Gg
2026-09-04 21:21:46,愛し合いなさい,1608021,106,24712,5873,MAP3cnAexxM
2026-09-04 21:21:46,自業自得,9723580,732,81078,50211,Rs-Y9MtHsoo
2026-09-04 21:21:46,何度　LOVE SONGの歌詞を読み返しただろう,4298053,148,37313,6970,tltXZSiAAdQ
2026-09-04 21:21:46,油を注せ！,2254386,111,28146,11901,x9a0_2aGeWU
2026-09-04 21:21:46,何歳の頃に戻りたいのか？,9502197,575,71579,27135,7xx66mR_HeE
2026-09-04 21:21:46,君がサヨナラ言えたって・・・,1376138,53,26224,4795,1SQWKDr_GfA
2026-09-04 21:21:46,隙間風よ,2962209,123,32032,9057,5Z4emyH-fME
2026-09-04 21:21:46,マモリビト,2956537,226,31353,10059,I8JZbNTl5rM
2026-09-04 21:21:46,承認欲求,8831782,439,72552,25169,x_BjvhMW9TE
2026-09-04 21:21:46,ドローン旋回中,2756583,129,31572,6231,rNwzfyr07SM
2026-09-04 21:21:46,静寂の暴力,6698021,329,53715,12076,uhbvX4GUrpE
2026-09-04 21:21:46,Start over!,14941053,687,109273,64360,YJRFD1AdaUE
2026-09-04 21:21:46,夏の近道,8881407,524,56767,12479,nV1DHIWSdEo
2026-09-04 21:21:46,Cool,4083469,165,38564,11162,XEKPn3WbksE
2026-09-04 21:21:46,桜月,11034129,693,69889,29120,zKLgrxHDgls
2026-09-04 21:21:46,その日まで,2671824,122,55605,5352,F2lWsUJotmc
2026-09-04 21:21:46,摩擦係数,9923210,378,73241,14319,D8piCp9XMKA
2026-09-04 21:21:46,車間距離,2312366,56,29053,3403,MKXSWXlSOB0
2026-09-04 21:21:46,僕のジレンマ,3885100,124,48263,5587,ZBk4V-uqcXs
2026-09-04 21:21:46,五月雨よ,9226866,254,72832,12977,3boaeE3dwMs
2026-09-04 21:21:46,無言の宇宙,6529649,177,53930,7559,7GZGTse6dUs
2026-09-04 21:21:46,Dead end,5736523,189,54371,7202,FEfJB32wvsk
2026-09-04 21:21:46,流れ弾,11589593,310,92177,22389,drCopBcrxRM
2026-09-04 21:21:46,思ったよりも寂しくない,4780954,79,51482,6449,D0W44Z3D3wo
2026-09-04 21:21:46,偶然の答え,5657922,152,59185,8135,_ZCf_iLMwn0
2026-09-04 21:21:46,BAN,14134535,310,97948,18419,fPZ37t3nvco
2026-09-04 21:21:46,Buddies,5853430,63,63150,9236,yT5S7Cy5cCE
2026-09-04 21:21:46,なぜ　恋をして来なかったんだろう？,14471083,244,110696,17059,S4gEJIyLHlM
2026-09-04 21:21:46,Nobady's fault,8540528,154,99732,15500,fagRTasDcKo
2026-09-05 01:39:19,光源,1596216,1270,24144,4978,7pusekGNE-o
2026-09-05 01:39:19,The growing up train,2846925,1467,39893,18421,Rk54JNn7Qw4
2026-09-05 01:39:19,木枯らしは泣かない,1196393,121,22764,5022,aQ1iXj4oXfI
2026-09-05 01:39:19,Unhappy birthday構文,4156201,1620,48474,30173,hBfDlIN0WtI
2026-09-05 01:39:19,Alter ego,1557868,453,23618,4513,gQ7l_hav-bA
2026-09-05 01:39:19,港区パセリ,2208800,976,25018,6141,aLu4oyQ2zdw
2026-09-05 01:39:19,死んだふり,1965672,227,31595,5367,WNH_ReRMt5k
2026-09-05 01:39:19,Make or Break,3380013,694,43189,13408,nTxTTZ0QLrI
2026-09-05 01:39:19,Addiction,3555368,932,44513,10283,ReuFa_D1Vok
2026-09-05 01:39:19,Nightmare症候群,2115403,328,32981,6757,Grx5AhU14QU
2026-09-05 01:39:19,Nothing special,1627123,261,25518,5482,WdUBD5slEnc
2026-09-05 01:39:19,UDAGAWA GENERATION,6523170,1217,59224,22704,qP52sh7PzYA
2026-09-05 01:39:19,本質的なこと,2821561,524,33803,6274,iZhbx2mcmug
2026-09-05 01:39:19,僕は僕を好きになれない,2037722,121,29907,8918,Ktu_LGjGd7A
2026-09-05 01:39:19,引きこもる時間はない,2072866,79,26476,4798,KYvq8-xY1Gg
2026-09-05 01:39:19,愛し合いなさい,1608106,85,24713,5873,MAP3cnAexxM
2026-09-05 01:39:19,自業自得,9724909,1329,81082,50213,Rs-Y9MtHsoo
2026-09-05 01:39:19,何度　LOVE SONGの歌詞を読み返しただろう,4298719,666,37313,6970,tltXZSiAAdQ
2026-09-05 01:39:19,油を注せ！,2254500,114,28147,11901,x9a0_2aGeWU
2026-09-05 01:39:19,何歳の頃に戻りたいのか？,9503027,830,71580,27136,7xx66mR_HeE
2026-09-05 01:39:19,君がサヨナラ言えたって・・・,1376200,62,26224,4795,1SQWKDr_GfA
2026-09-05 01:39:19,隙間風よ,2962311,102,32032,9057,5Z4emyH-fME
2026-09-05 01:39:19,マモリビト,2956927,390,31354,10059,I8JZbNTl5rM
2026-09-05 01:39:19,承認欲求,8832341,559,72553,25169,x_BjvhMW9TE
2026-09-05 01:39:19,ドローン旋回中,2756700,117,31572,6231,rNwzfyr07SM
2026-09-05 01:39:19,静寂の暴力,6698583,562,53718,12076,uhbvX4GUrpE
2026-09-05 01:39:19,Start over!,14942175,1122,109278,64360,YJRFD1AdaUE
2026-09-05 01:39:19,夏の近道,8882302,895,56770,12479,nV1DHIWSdEo
2026-09-05 01:39:19,Cool,4083730,261,38564,11161,XEKPn3WbksE
2026-09-05 01:39:19,桜月,11035256,1127,69888,29119,zKLgrxHDgls
2026-09-05 01:39:19,その日まで,2671968,144,55606,5352,F2lWsUJotmc
2026-09-05 01:39:19,摩擦係数,9923802,592,73242,14319,D8piCp9XMKA
2026-09-05 01:39:19,車間距離,2312412,46,29053,3403,MKXSWXlSOB0
2026-09-05 01:39:19,僕のジレンマ,3885191,91,48263,5587,ZBk4V-uqcXs
2026-09-05 01:39:19,五月雨よ,9227238,372,72833,12977,3boaeE3dwMs
2026-09-05 01:39:19,無言の宇宙,6530019,370,53931,7560,7GZGTse6dUs
2026-09-05 01:39:19,Dead end,5736611,88,54372,7202,FEfJB32wvsk
2026-09-05 01:39:19,流れ弾,11590041,448,92177,22389,drCopBcrxRM
2026-09-05 01:39:19,思ったよりも寂しくない,4781010,56,51482,6449,D0W44Z3D3wo
2026-09-05 01:39:19,偶然の答え,5658174,252,59187,8135,_ZCf_iLMwn0
2026-09-05 01:39:19,BAN,14134981,446,97947,18419,fPZ37t3nvco
2026-09-05 01:39:19,Buddies,5853520,90,63150,9236,yT5S7Cy5cCE
2026-09-05 01:39:19,なぜ　恋をして来なかったんだろう？,14471711,628,110696,17059,S4gEJIyLHlM
2026-09-05 01:39:19,Nobady's fault,8540825,297,99733,15500,fagRTasDcKo
2026-09-05 04:12:45,光源,1596776,560,24145,4979,7pusekGNE-o
2026-09-05 04:12:45,The growing up train,2847382,457,39894,18421,Rk54JNn7Qw4
2026-09-05 04:12:45,木枯らしは泣かない,1196571,178,22764,5022,aQ1iXj4oXfI
2026-09-05 04:12:45,Unhappy birthday構文,4156872,671,48474,30173,hBfDlIN0WtI
2026-09-05 04:12:45,Alter ego,1558100,232,23619,4513,gQ7l_hav-bA
2026-09-05 04:12:45,港区パセリ,2209101,301,25019,6141,aLu4oyQ2zdw
2026-09-05 04:12:45,死んだふり,1965967,295,31595,5367,WNH_ReRMt5k
2026-09-05 04:12:45,Make or Break,3380257,244,43190,13408,nTxTTZ0QLrI
2026-09-05 04:12:45,Addiction,3555691,323,44514,10283,ReuFa_D1Vok
2026-09-05 04:12:45,Nightmare症候群,2115538,135,32981,6757,Grx5AhU14QU
2026-09-05 04:12:45,Nothing special,1627293,170,25518,5482,WdUBD5slEnc
2026-09-05 04:12:45,UDAGAWA GENERATION,6523646,476,59224,22704,qP52sh7PzYA
2026-09-05 04:12:45,本質的なこと,2821725,164,33803,6274,iZhbx2mcmug
2026-09-05 04:12:45,僕は僕を好きになれない,2037822,100,29907,8918,Ktu_LGjGd7A
2026-09-05 04:12:45,引きこもる時間はない,2073053,187,26476,4798,KYvq8-xY1Gg
2026-09-05 04:12:45,愛し合いなさい,1608106,0,24713,5873,MAP3cnAexxM
2026-09-05 04:12:45,自業自得,9725457,548,81084,50213,Rs-Y9MtHsoo
2026-09-05 04:12:45,何度　LOVE SONGの歌詞を読み返しただろう,4298946,227,37314,6970,tltXZSiAAdQ
2026-09-05 04:12:45,油を注せ！,2254499,-1,28147,11901,x9a0_2aGeWU
2026-09-05 04:12:45,何歳の頃に戻りたいのか？,9503410,383,71580,27136,7xx66mR_HeE
2026-09-05 04:12:45,君がサヨナラ言えたって・・・,1376265,65,26224,4795,1SQWKDr_GfA
2026-09-05 04:12:45,隙間風よ,2962412,101,32032,9057,5Z4emyH-fME
2026-09-05 04:12:45,マモリビト,2957108,181,31354,10059,I8JZbNTl5rM
2026-09-05 04:12:45,承認欲求,8832746,405,72553,25169,x_BjvhMW9TE
2026-09-05 04:12:45,ドローン旋回中,2756877,177,31572,6231,rNwzfyr07SM
2026-09-05 04:12:45,静寂の暴力,6698802,219,53718,12076,uhbvX4GUrpE
2026-09-05 04:12:45,Start over!,14942562,387,109278,64360,YJRFD1AdaUE
2026-09-05 04:12:45,夏の近道,8882665,363,56770,12479,nV1DHIWSdEo
2026-09-05 04:12:45,Cool,4083799,69,38564,11161,XEKPn3WbksE
2026-09-05 04:12:45,桜月,11035526,270,69888,29119,zKLgrxHDgls
2026-09-05 04:12:45,その日まで,2671968,0,55606,5352,F2lWsUJotmc
2026-09-05 04:12:45,摩擦係数,9924000,198,73243,14319,D8piCp9XMKA
2026-09-05 04:12:45,車間距離,2312444,32,29053,3403,MKXSWXlSOB0
2026-09-05 04:12:45,僕のジレンマ,3885327,136,48263,5587,ZBk4V-uqcXs
2026-09-05 04:12:45,五月雨よ,9227385,147,72833,12977,3boaeE3dwMs
2026-09-05 04:12:45,無言の宇宙,6530161,142,53932,7560,7GZGTse6dUs
2026-09-05 04:12:45,Dead end,5736810,199,54372,7202,FEfJB32wvsk
2026-09-05 04:12:45,流れ弾,11590362,321,92177,22389,drCopBcrxRM
2026-09-05 04:12:45,思ったよりも寂しくない,4781102,92,51482,6449,D0W44Z3D3wo
2026-09-05 04:12:45,偶然の答え,5658174,0,59187,8135,_ZCf_iLMwn0
2026-09-05 04:12:45,BAN,14135158,177,97947,18419,fPZ37t3nvco
2026-09-05 04:12:45,Buddies,5853629,109,63150,9236,yT5S7Cy5cCE
2026-09-05 04:12:45,なぜ　恋をして来なかったんだろう？,14471918,207,110697,17059,S4gEJIyLHlM
2026-09-05 04:12:45,Nobady's fault,8540917,92,99733,15500,fagRTasDcKo
2026-09-05 06:56:36,光源,1597075,299,24145,4979,7pusekGNE-o
2026-09-05 06:56:36,The growing up train,2847673,291,39894,18421,Rk54JNn7Qw4
2026-09-05 06:56:36,木枯らしは泣かない,1196652,81,22764,5022,aQ1iXj4oXfI
2026-09-05 06:56:36,Unhappy birthday構文,4157017,145,48474,30173,hBfDlIN0WtI
2026-09-05 06:56:36,Alter ego,1558216,116,23619,4513,gQ7l_hav-bA
2026-09-05 06:56:36,港区パセリ,2209236,135,25019,6141,aLu4oyQ2zdw
2026-09-05 06:56:36,死んだふり,1966071,104,31595,5367,WNH_ReRMt5k
2026-09-05 06:56:36,Make or Break,3380416,159,43193,13408,nTxTTZ0QLrI
2026-09-05 06:56:36,Addiction,3555793,102,44514,10283,ReuFa_D1Vok
2026-09-05 06:56:36,Nightmare症候群,2115538,0,32981,6757,Grx5AhU14QU
2026-09-05 06:56:36,Nothing special,1627293,0,25518,5482,WdUBD5slEnc
2026-09-05 06:56:36,UDAGAWA GENERATION,6523918,272,59224,22704,qP52sh7PzYA
2026-09-05 06:56:36,本質的なこと,2821832,107,33803,6274,iZhbx2mcmug
2026-09-05 06:56:36,僕は僕を好きになれない,2037909,87,29907,8918,Ktu_LGjGd7A
2026-09-05 06:56:36,引きこもる時間はない,2073080,27,26476,4798,KYvq8-xY1Gg
2026-09-05 06:56:36,愛し合いなさい,1608128,22,24713,5873,MAP3cnAexxM
2026-09-05 06:56:36,自業自得,9725690,233,81083,50213,Rs-Y9MtHsoo
2026-09-05 06:56:36,何度　LOVE SONGの歌詞を読み返しただろう,4299057,111,37313,6970,tltXZSiAAdQ
2026-09-05 06:56:36,油を注せ！,2254533,34,28147,11901,x9a0_2aGeWU
2026-09-05 06:56:36,何歳の頃に戻りたいのか？,9503581,171,71580,27136,7xx66mR_HeE
2026-09-05 06:56:36,君がサヨナラ言えたって・・・,1376265,0,26224,4795,1SQWKDr_GfA
2026-09-05 06:56:36,隙間風よ,2962473,61,32032,9057,5Z4emyH-fME
2026-09-05 06:56:36,マモリビト,2957118,10,31354,10059,I8JZbNTl5rM
2026-09-05 06:56:36,承認欲求,8832917,171,72553,25169,x_BjvhMW9TE
2026-09-05 06:56:36,ドローン旋回中,2756877,0,31572,6231,rNwzfyr07SM
2026-09-05 06:56:36,静寂の暴力,6698923,121,53718,12076,uhbvX4GUrpE
2026-09-05 06:56:36,Start over!,14942776,214,109280,64360,YJRFD1AdaUE
2026-09-05 06:56:36,夏の近道,8882665,0,56770,12479,nV1DHIWSdEo
2026-09-05 06:56:36,Cool,4083892,93,38564,11161,XEKPn3WbksE
2026-09-05 06:56:36,桜月,11035921,395,69888,29119,zKLgrxHDgls
2026-09-05 06:56:36,その日まで,2672055,87,55607,5352,F2lWsUJotmc
2026-09-05 06:56:36,摩擦係数,9924107,107,73243,14319,D8piCp9XMKA
2026-09-05 06:56:36,車間距離,2312483,39,29053,3403,MKXSWXlSOB0
2026-09-05 06:56:36,僕のジレンマ,3885417,90,48263,5587,ZBk4V-uqcXs
2026-09-05 06:56:36,五月雨よ,9227500,115,72833,12977,3boaeE3dwMs
2026-09-05 06:56:36,無言の宇宙,6530201,40,53932,7560,7GZGTse6dUs
2026-09-05 06:56:36,Dead end,5736974,164,54372,7202,FEfJB32wvsk
2026-09-05 06:56:36,流れ弾,11590488,126,92177,22389,drCopBcrxRM
2026-09-05 06:56:36,思ったよりも寂しくない,4781166,64,51482,6449,D0W44Z3D3wo
2026-09-05 06:56:36,偶然の答え,5658423,249,59186,8135,_ZCf_iLMwn0
2026-09-05 06:56:36,BAN,14135273,115,97947,18419,fPZ37t3nvco
2026-09-05 06:56:36,Buddies,5853674,45,63150,9236,yT5S7Cy5cCE
2026-09-05 06:56:36,なぜ　恋をして来なかったんだろう？,14472033,115,110696,17059,S4gEJIyLHlM
2026-09-05 06:56:36,Nobady's fault,8540917,0,99733,15500,fagRTasDcKo
2026-09-05 08:37:02,光源,1597075,0,24145,4979,7pusekGNE-o
2026-09-05 08:37:02,The growing up train,2847862,189,39894,18422,Rk54JNn7Qw4
2026-09-05 08:37:02,木枯らしは泣かない,1196702,50,22764,5022,aQ1iXj4oXfI
2026-09-05 08:37:02,Unhappy birthday構文,4157429,412,48474,30174,hBfDlIN0WtI
2026-09-05 08:37:02,Alter ego,1558216,0,23619,4513,gQ7l_hav-bA
2026-09-05 08:37:02,港区パセリ,2209398,162,25019,6142,aLu4oyQ2zdw
2026-09-05 08:37:02,死んだふり,1966060,-11,31595,5367,WNH_ReRMt5k
2026-09-05 08:37:02,Make or Break,3380432,16,43193,13408,nTxTTZ0QLrI
2026-09-05 08:37:02,Addiction,3555793,0,44514,10283,ReuFa_D1Vok
2026-09-05 08:37:02,Nightmare症候群,2115596,58,32981,6757,Grx5AhU14QU
2026-09-05 08:37:02,Nothing special,1627353,60,25518,5482,WdUBD5slEnc
2026-09-05 08:37:02,UDAGAWA GENERATION,6524062,144,59225,22704,qP52sh7PzYA
2026-09-05 08:37:02,本質的なこと,2821902,70,33804,6274,iZhbx2mcmug
2026-09-05 08:37:02,僕は僕を好きになれない,2037955,46,29908,8918,Ktu_LGjGd7A
2026-09-05 08:37:02,引きこもる時間はない,2073080,0,26476,4798,KYvq8-xY1Gg
2026-09-05 08:37:02,愛し合いなさい,1608162,34,24713,5873,MAP3cnAexxM
2026-09-05 08:37:02,自業自得,9725867,177,81083,50215,Rs-Y9MtHsoo
2026-09-05 08:37:02,何度　LOVE SONGの歌詞を読み返しただろう,4299138,81,37314,6970,tltXZSiAAdQ
2026-09-05 08:37:02,油を注せ！,2254533,0,28147,11901,x9a0_2aGeWU
2026-09-05 08:37:02,何歳の頃に戻りたいのか？,9503581,0,71580,27136,7xx66mR_HeE
2026-09-05 08:37:02,君がサヨナラ言えたって・・・,1376314,49,26225,4795,1SQWKDr_GfA
2026-09-05 08:37:02,隙間風よ,2962470,-3,32032,9057,5Z4emyH-fME
2026-09-05 08:37:02,マモリビト,2957240,122,31354,10060,I8JZbNTl5rM
2026-09-05 08:37:02,承認欲求,8832917,0,72553,25169,x_BjvhMW9TE
2026-09-05 08:37:02,ドローン旋回中,2756923,46,31572,6231,rNwzfyr07SM
2026-09-05 08:37:02,静寂の暴力,6698923,0,53718,12076,uhbvX4GUrpE
2026-09-05 08:37:02,Start over!,14942935,159,109282,64361,YJRFD1AdaUE
2026-09-05 08:37:02,夏の近道,8882849,184,56770,12479,nV1DHIWSdEo
2026-09-05 08:37:02,Cool,4083889,-3,38564,11161,XEKPn3WbksE
2026-09-05 08:37:02,桜月,11036085,164,69888,29119,zKLgrxHDgls
2026-09-05 08:37:02,その日まで,2672055,0,55607,5352,F2lWsUJotmc
2026-09-05 08:37:02,摩擦係数,9924196,89,73243,14319,D8piCp9XMKA
2026-09-05 08:37:02,車間距離,2312498,15,29053,3404,MKXSWXlSOB0
2026-09-05 08:37:02,僕のジレンマ,3885448,31,48263,5587,ZBk4V-uqcXs
2026-09-05 08:37:02,五月雨よ,9227500,0,72833,12977,3boaeE3dwMs
2026-09-05 08:37:02,無言の宇宙,6530278,77,53932,7560,7GZGTse6dUs
2026-09-05 08:37:02,Dead end,5737047,73,54372,7202,FEfJB32wvsk
2026-09-05 08:37:02,流れ弾,11590488,0,92177,22389,drCopBcrxRM
2026-09-05 08:37:02,思ったよりも寂しくない,4781163,-3,51482,6449,D0W44Z3D3wo
2026-09-05 08:37:02,偶然の答え,5658423,0,59186,8135,_ZCf_iLMwn0
2026-09-05 08:37:02,BAN,14135314,41,97947,18419,fPZ37t3nvco
2026-09-05 08:37:02,Buddies,5853669,-5,63150,9236,yT5S7Cy5cCE
2026-09-05 08:37:02,なぜ　恋をして来なかったんだろう？,14472033,0,110696,17059,S4gEJIyLHlM
2026-09-05 08:37:02,Nobady's fault,8540986,69,99733,15500,fagRTasDcKo
2026-09-05 11:00:15,光源,1597634,559,24145,4979,7pusekGNE-o
2026-09-05 11:00:15,The growing up train,2848271,409,39895,18422,Rk54JNn7Qw4
2026-09-05 11:00:15,木枯らしは泣かない,1196772,70,22764,5023,aQ1iXj4oXfI
2026-09-05 11:00:15,Unhappy birthday構文,4157898,469,48476,30174,hBfDlIN0WtI
2026-09-05 11:00:15,Alter ego,1558435,219,23618,4513,gQ7l_hav-bA
2026-09-05 11:00:15,港区パセリ,2209607,209,25019,6142,aLu4oyQ2zdw
2026-09-05 11:00:15,死んだふり,1966192,132,31595,5367,WNH_ReRMt5k
2026-09-05 11:00:15,Make or Break,3380674,242,43193,13408,nTxTTZ0QLrI
2026-09-05 11:00:15,Addiction,3555974,181,44514,10283,ReuFa_D1Vok
2026-09-05 11:00:15,Nightmare症候群,2115689,93,32981,6757,Grx5AhU14QU
2026-09-05 11:00:15,Nothing special,1627413,60,25518,5482,WdUBD5slEnc
2026-09-05 11:00:15,UDAGAWA GENERATION,6524392,330,59226,22704,qP52sh7PzYA
2026-09-05 11:00:15,本質的なこと,2822019,117,33805,6274,iZhbx2mcmug
2026-09-05 11:00:15,僕は僕を好きになれない,2038001,46,29908,8918,Ktu_LGjGd7A
2026-09-05 11:00:15,引きこもる時間はない,2073118,38,26476,4798,KYvq8-xY1Gg
2026-09-05 11:00:15,愛し合いなさい,1608189,27,24713,5873,MAP3cnAexxM
2026-09-05 11:00:15,自業自得,9725899,32,81083,50215,Rs-Y9MtHsoo
2026-09-05 11:00:15,何度　LOVE SONGの歌詞を読み返しただろう,4299148,10,37314,6970,tltXZSiAAdQ
2026-09-05 11:00:15,油を注せ！,2254564,31,28147,11901,x9a0_2aGeWU
2026-09-05 11:00:15,何歳の頃に戻りたいのか？,9503891,310,71580,27136,7xx66mR_HeE
2026-09-05 11:00:15,君がサヨナラ言えたって・・・,1376316,2,26225,4795,1SQWKDr_GfA
2026-09-05 11:00:15,隙間風よ,2962558,88,32031,9057,5Z4emyH-fME
2026-09-05 11:00:15,マモリビト,2957320,80,31354,10061,I8JZbNTl5rM
2026-09-05 11:00:15,承認欲求,8833200,283,72555,25169,x_BjvhMW9TE
2026-09-05 11:00:15,ドローン旋回中,2756955,32,31572,6231,rNwzfyr07SM
2026-09-05 11:00:15,静寂の暴力,6699132,209,53719,12076,uhbvX4GUrpE
2026-09-05 11:00:15,Start over!,14943238,303,109286,64361,YJRFD1AdaUE
2026-09-05 11:00:15,夏の近道,8883089,240,56770,12479,nV1DHIWSdEo
2026-09-05 11:00:15,Cool,4083955,66,38564,11161,XEKPn3WbksE
2026-09-05 11:00:15,桜月,11036352,267,69889,29120,zKLgrxHDgls
2026-09-05 11:00:15,その日まで,2672120,65,55606,5352,F2lWsUJotmc
2026-09-05 11:00:15,摩擦係数,9924210,14,73243,14319,D8piCp9XMKA
2026-09-05 11:00:15,車間距離,2312498,0,29053,3404,MKXSWXlSOB0
2026-09-05 11:00:15,僕のジレンマ,3885448,0,48263,5587,ZBk4V-uqcXs
2026-09-05 11:00:15,五月雨よ,9227673,173,72834,12977,3boaeE3dwMs
2026-09-05 11:00:15,無言の宇宙,6530278,0,53932,7560,7GZGTse6dUs
2026-09-05 11:00:15,Dead end,5737042,-5,54372,7202,FEfJB32wvsk
2026-09-05 11:00:15,流れ弾,11590608,120,92177,22389,drCopBcrxRM
2026-09-05 11:00:15,思ったよりも寂しくない,4781196,33,51481,6449,D0W44Z3D3wo
2026-09-05 11:00:15,偶然の答え,5658540,117,59186,8135,_ZCf_iLMwn0
2026-09-05 11:00:15,BAN,14135465,151,97947,18419,fPZ37t3nvco
2026-09-05 11:00:15,Buddies,5853708,39,63150,9236,yT5S7Cy5cCE
2026-09-05 11:00:15,なぜ　恋をして来なかったんだろう？,14472291,258,110695,17059,S4gEJIyLHlM
2026-09-05 11:00:15,Nobady's fault,8541092,106,99733,15500,fagRTasDcKo
2026-09-05 15:47:43,光源,1598499,865,24149,4979,7pusekGNE-o
2026-09-05 15:47:43,The growing up train,2849247,976,39897,18422,Rk54JNn7Qw4
2026-09-05 15:47:43,木枯らしは泣かない,1196927,155,22764,5024,aQ1iXj4oXfI
2026-09-05 15:47:43,Unhappy birthday構文,4159053,1155,48479,30174,hBfDlIN0WtI
2026-09-05 15:47:43,Alter ego,1558689,254,23619,4513,gQ7l_hav-bA
2026-09-05 15:47:43,港区パセリ,2210106,499,25019,6143,aLu4oyQ2zdw
2026-09-05 15:47:43,死んだふり,1966382,190,31596,5367,WNH_ReRMt5k
2026-09-05 15:47:43,Make or Break,3381102,428,43196,13408,nTxTTZ0QLrI
2026-09-05 15:47:43,Addiction,3556664,690,44513,10283,ReuFa_D1Vok
2026-09-05 15:47:43,Nightmare症候群,2115863,174,32980,6757,Grx5AhU14QU
2026-09-05 15:47:43,Nothing special,1627542,129,25518,5482,WdUBD5slEnc
2026-09-05 15:47:43,UDAGAWA GENERATION,6525142,750,59227,22704,qP52sh7PzYA
2026-09-05 15:47:43,本質的なこと,2822336,317,33805,6274,iZhbx2mcmug
2026-09-05 15:47:43,僕は僕を好きになれない,2038085,84,29908,8918,Ktu_LGjGd7A
2026-09-05 15:47:43,引きこもる時間はない,2073177,59,26476,4798,KYvq8-xY1Gg
2026-09-05 15:47:43,愛し合いなさい,1608255,66,24714,5873,MAP3cnAexxM
2026-09-05 15:47:43,自業自得,9727031,1132,81084,50215,Rs-Y9MtHsoo
2026-09-05 15:47:43,何度　LOVE SONGの歌詞を読み返しただろう,4299567,419,37315,6970,tltXZSiAAdQ
2026-09-05 15:47:43,油を注せ！,2254610,46,28147,11901,x9a0_2aGeWU
2026-09-05 15:47:43,何歳の頃に戻りたいのか？,9504476,585,71581,27136,7xx66mR_HeE
2026-09-05 15:47:43,君がサヨナラ言えたって・・・,1376380,64,26226,4795,1SQWKDr_GfA
2026-09-05 15:47:43,隙間風よ,2962630,72,32031,9057,5Z4emyH-fME
2026-09-05 15:47:43,マモリビト,2957505,185,31354,10061,I8JZbNTl5rM
2026-09-05 15:47:43,承認欲求,8833660,460,72556,25169,x_BjvhMW9TE
2026-09-05 15:47:43,ドローン旋回中,2757099,144,31572,6231,rNwzfyr07SM
2026-09-05 15:47:43,静寂の暴力,6699467,335,53720,12076,uhbvX4GUrpE
2026-09-05 15:47:43,Start over!,14943964,726,109288,64362,YJRFD1AdaUE
2026-09-05 15:47:43,夏の近道,8883721,632,56773,12478,nV1DHIWSdEo
2026-09-05 15:47:43,Cool,4084193,238,38564,11161,XEKPn3WbksE
2026-09-05 15:47:43,桜月,11037037,685,69891,29120,zKLgrxHDgls
2026-09-05 15:47:43,その日まで,2672176,56,55606,5352,F2lWsUJotmc
2026-09-05 15:47:43,摩擦係数,9924723,513,73246,14319,D8piCp9XMKA
2026-09-05 15:47:43,車間距離,2312578,80,29053,3404,MKXSWXlSOB0
2026-09-05 15:47:43,僕のジレンマ,3885590,142,48265,5587,ZBk4V-uqcXs
2026-09-05 15:47:43,五月雨よ,9227960,287,72835,12979,3boaeE3dwMs
2026-09-05 15:47:43,無言の宇宙,6530471,193,53932,7560,7GZGTse6dUs
2026-09-05 15:47:43,Dead end,5737339,297,54372,7202,FEfJB32wvsk
2026-09-05 15:47:43,流れ弾,11591120,512,92178,22389,drCopBcrxRM
2026-09-05 15:47:43,思ったよりも寂しくない,4781276,80,51482,6449,D0W44Z3D3wo
2026-09-05 15:47:43,偶然の答え,5658703,163,59187,8135,_ZCf_iLMwn0
2026-09-05 15:47:43,BAN,14135802,337,97948,18419,fPZ37t3nvco
2026-09-05 15:47:43,Buddies,5853797,89,63150,9236,yT5S7Cy5cCE
2026-09-05 15:47:43,なぜ　恋をして来なかったんだろう？,14472651,360,110695,17059,S4gEJIyLHlM
2026-09-05 15:47:43,Nobady's fault,8541221,129,99733,15500,fagRTasDcKo
2026-09-05 20:02:55,光源,1599238,739,24152,4979,7pusekGNE-o
2026-09-05 20:02:55,The growing up train,2850120,873,39899,18423,Rk54JNn7Qw4
2026-09-05 20:02:55,木枯らしは泣かない,1197146,219,22764,5024,aQ1iXj4oXfI
2026-09-05 20:02:55,Unhappy birthday構文,4159974,921,48480,30174,hBfDlIN0WtI
2026-09-05 20:02:55,Alter ego,1559023,334,23620,4513,gQ7l_hav-bA
2026-09-05 20:02:55,港区パセリ,2210563,457,25020,6143,aLu4oyQ2zdw
2026-09-05 20:02:55,死んだふり,1966733,351,31597,5367,WNH_ReRMt5k
2026-09-05 20:02:55,Make or Break,3381536,434,43197,13408,nTxTTZ0QLrI
2026-09-05 20:02:55,Addiction,3557137,473,44516,10283,ReuFa_D1Vok
2026-09-05 20:02:55,Nightmare症候群,2116063,200,32981,6757,Grx5AhU14QU
2026-09-05 20:02:55,Nothing special,1627743,201,25519,5482,WdUBD5slEnc
2026-09-05 20:02:55,UDAGAWA GENERATION,6525842,700,59228,22704,qP52sh7PzYA
2026-09-05 20:02:55,本質的なこと,2822620,284,33806,6274,iZhbx2mcmug
2026-09-05 20:02:55,僕は僕を好きになれない,2038245,160,29909,8918,Ktu_LGjGd7A
2026-09-05 20:02:55,引きこもる時間はない,2073310,133,26477,4798,KYvq8-xY1Gg
2026-09-05 20:02:55,愛し合いなさい,1608290,35,24716,5874,MAP3cnAexxM
2026-09-05 20:02:55,自業自得,9727835,804,81086,50218,Rs-Y9MtHsoo
2026-09-05 20:02:55,何度　LOVE SONGの歌詞を読み返しただろう,4299876,309,37316,6969,tltXZSiAAdQ
2026-09-05 20:02:55,油を注せ！,2254729,119,28148,11901,x9a0_2aGeWU
2026-09-05 20:02:55,何歳の頃に戻りたいのか？,9504997,521,71581,27138,7xx66mR_HeE
2026-09-05 20:02:55,君がサヨナラ言えたって・・・,1376418,38,26226,4795,1SQWKDr_GfA
2026-09-05 20:02:55,隙間風よ,2962764,134,32032,9057,5Z4emyH-fME
2026-09-05 20:02:55,マモリビト,2957814,309,31355,10061,I8JZbNTl5rM
2026-09-05 20:02:55,承認欲求,8834085,425,72559,25168,x_BjvhMW9TE
2026-09-05 20:02:55,ドローン旋回中,2757241,142,31572,6230,rNwzfyr07SM
2026-09-05 20:02:55,静寂の暴力,6699817,350,53720,12076,uhbvX4GUrpE
2026-09-05 20:02:55,Start over!,14944661,697,109289,64362,YJRFD1AdaUE
2026-09-05 20:02:55,夏の近道,8884312,591,56775,12478,nV1DHIWSdEo
2026-09-05 20:02:55,Cool,4084332,139,38565,11161,XEKPn3WbksE
2026-09-05 20:02:55,桜月,11037736,699,69895,29121,zKLgrxHDgls
2026-09-05 20:02:55,その日まで,2672315,139,55606,5352,F2lWsUJotmc
2026-09-05 20:02:55,摩擦係数,9924950,227,73247,14320,D8piCp9XMKA
2026-09-05 20:02:55,車間距離,2312637,59,29053,3404,MKXSWXlSOB0
2026-09-05 20:02:55,僕のジレンマ,3885669,79,48265,5587,ZBk4V-uqcXs
2026-09-05 20:02:55,五月雨よ,9228251,291,72835,12979,3boaeE3dwMs
2026-09-05 20:02:55,無言の宇宙,6530738,267,53932,7560,7GZGTse6dUs
2026-09-05 20:02:55,Dead end,5737455,116,54374,7202,FEfJB32wvsk
2026-09-05 20:02:55,流れ弾,11591421,301,92179,22388,drCopBcrxRM
2026-09-05 20:02:55,思ったよりも寂しくない,4781367,91,51483,6449,D0W44Z3D3wo
2026-09-05 20:02:55,偶然の答え,5658811,108,59189,8135,_ZCf_iLMwn0
2026-09-05 20:02:55,BAN,14136028,226,97948,18419,fPZ37t3nvco
2026-09-05 20:02:55,Buddies,5853923,126,63150,9236,yT5S7Cy5cCE
2026-09-05 20:02:55,なぜ　恋をして来なかったんだろう？,14473001,350,110698,17059,S4gEJIyLHlM
2026-09-05 20:02:55,Nobady's fault,8541455,234,99733,15500,fagRTasDcKo
2026-09-05 23:13:38,光源,1599844,606,24154,4979,7pusekGNE-o
2026-09-05 23:13:38,The growing up train,2850798,678,39899,18423,Rk54JNn7Qw4
2026-09-05 23:13:38,木枯らしは泣かない,1197204,58,22764,5024,aQ1iXj4oXfI
2026-09-05 23:13:38,Unhappy birthday構文,4160753,779,48480,30172,hBfDlIN0WtI
2026-09-05 23:13:38,Alter ego,1559251,228,23620,4513,gQ7l_hav-bA
2026-09-05 23:13:38,港区パセリ,2210943,380,25020,6143,aLu4oyQ2zdw
2026-09-05 23:13:38,死んだふり,1966901,168,31597,5367,WNH_ReRMt5k
2026-09-05 23:13:38,Make or Break,3381904,368,43197,13407,nTxTTZ0QLrI
2026-09-05 23:13:38,Addiction,3557540,403,44517,10284,ReuFa_D1Vok
2026-09-05 23:13:38,Nightmare症候群,2116230,167,32982,6757,Grx5AhU14QU
2026-09-05 23:13:38,Nothing special,1627880,137,25519,5482,WdUBD5slEnc
2026-09-05 23:13:38,UDAGAWA GENERATION,6526413,571,59227,22703,qP52sh7PzYA
2026-09-05 23:13:38,本質的なこと,2822874,254,33808,6274,iZhbx2mcmug
2026-09-05 23:13:38,僕は僕を好きになれない,2038429,184,29908,8918,Ktu_LGjGd7A
2026-09-05 23:13:38,引きこもる時間はない,2073403,93,26478,4798,KYvq8-xY1Gg
2026-09-05 23:13:38,愛し合いなさい,1608360,70,24716,5874,MAP3cnAexxM
2026-09-05 23:13:38,自業自得,9728461,626,81085,50218,Rs-Y9MtHsoo
2026-09-05 23:13:38,何度　LOVE SONGの歌詞を読み返しただろう,4300055,179,37316,6969,tltXZSiAAdQ
2026-09-05 23:13:38,油を注せ！,2254813,84,28148,11901,x9a0_2aGeWU
2026-09-05 23:13:38,何歳の頃に戻りたいのか？,9505403,406,71581,27138,7xx66mR_HeE
2026-09-05 23:13:38,君がサヨナラ言えたって・・・,1376450,32,26226,4795,1SQWKDr_GfA
2026-09-05 23:13:38,隙間風よ,2962871,107,32032,9057,5Z4emyH-fME
2026-09-05 23:13:38,マモリビト,2957983,169,31356,10061,I8JZbNTl5rM
2026-09-05 23:13:38,承認欲求,8834426,341,72558,25169,x_BjvhMW9TE
2026-09-05 23:13:38,ドローン旋回中,2757342,101,31572,6230,rNwzfyr07SM
2026-09-05 23:13:38,静寂の暴力,6700123,306,53720,12076,uhbvX4GUrpE
2026-09-05 23:13:38,Start over!,14945146,485,109291,64362,YJRFD1AdaUE
2026-09-05 23:13:38,夏の近道,8884657,345,56776,12478,nV1DHIWSdEo
2026-09-05 23:13:38,Cool,4084525,193,38564,11161,XEKPn3WbksE
2026-09-05 23:13:38,桜月,11038283,547,69894,29120,zKLgrxHDgls
2026-09-05 23:13:38,その日まで,2672353,38,55605,5352,F2lWsUJotmc
2026-09-05 23:13:38,摩擦係数,9925352,402,73247,14320,D8piCp9XMKA
2026-09-05 23:13:38,車間距離,2312694,57,29053,3404,MKXSWXlSOB0
2026-09-05 23:13:38,僕のジレンマ,3885778,109,48265,5587,ZBk4V-uqcXs
2026-09-05 23:13:38,五月雨よ,9228394,143,72836,12979,3boaeE3dwMs
2026-09-05 23:13:38,無言の宇宙,6530802,64,53932,7560,7GZGTse6dUs
2026-09-05 23:13:38,Dead end,5737690,235,54372,7202,FEfJB32wvsk
2026-09-05 23:13:38,流れ弾,11591695,274,92178,22388,drCopBcrxRM
2026-09-05 23:13:38,思ったよりも寂しくない,4781429,62,51482,6449,D0W44Z3D3wo
2026-09-05 23:13:38,偶然の答え,5659004,193,59190,8135,_ZCf_iLMwn0
2026-09-05 23:13:38,BAN,14136418,390,97947,18419,fPZ37t3nvco
2026-09-05 23:13:38,Buddies,5854016,93,63149,9236,yT5S7Cy5cCE
2026-09-05 23:13:38,なぜ　恋をして来なかったんだろう？,14473317,316,110697,17059,S4gEJIyLHlM
2026-09-05 23:13:38,Nobady's fault,8541594,139,99732,15500,fagRTasDcKo
2026-09-06 02:01:00,光源,1600568,724,24155,4979,7pusekGNE-o
2026-09-06 02:01:00,The growing up train,2851528,730,39899,18424,Rk54JNn7Qw4
2026-09-06 02:01:00,木枯らしは泣かない,1197334,130,22764,5024,aQ1iXj4oXfI
2026-09-06 02:01:00,Unhappy birthday構文,4161669,916,48480,30172,hBfDlIN0WtI
2026-09-06 02:01:00,Alter ego,1559508,257,23622,4513,gQ7l_hav-bA
2026-09-06 02:01:00,港区パセリ,2211379,436,25021,6143,aLu4oyQ2zdw
2026-09-06 02:01:00,死んだふり,1967126,225,31597,5367,WNH_ReRMt5k
2026-09-06 02:01:00,Make or Break,3382310,406,43196,13407,nTxTTZ0QLrI
2026-09-06 02:01:00,Addiction,3557970,430,44520,10284,ReuFa_D1Vok
2026-09-06 02:01:00,Nightmare症候群,2116417,187,32982,6757,Grx5AhU14QU
2026-09-06 02:01:00,Nothing special,1628011,131,25520,5482,WdUBD5slEnc
2026-09-06 02:01:00,UDAGAWA GENERATION,6527016,603,59227,22703,qP52sh7PzYA
2026-09-06 02:01:00,本質的なこと,2823152,278,33808,6274,iZhbx2mcmug
2026-09-06 02:01:00,僕は僕を好きになれない,2038556,127,29909,8918,Ktu_LGjGd7A
2026-09-06 02:01:00,引きこもる時間はない,2073507,104,26478,4798,KYvq8-xY1Gg
2026-09-06 02:01:00,愛し合いなさい,1608392,32,24716,5874,MAP3cnAexxM
2026-09-06 02:01:00,自業自得,9729194,733,81087,50218,Rs-Y9MtHsoo
2026-09-06 02:01:00,何度　LOVE SONGの歌詞を読み返しただろう,4300317,262,37316,6969,tltXZSiAAdQ
2026-09-06 02:01:00,油を注せ！,2254845,32,28149,11901,x9a0_2aGeWU
2026-09-06 02:01:00,何歳の頃に戻りたいのか？,9505841,438,71582,27138,7xx66mR_HeE
2026-09-06 02:01:00,君がサヨナラ言えたって・・・,1376551,101,26225,4795,1SQWKDr_GfA
2026-09-06 02:01:00,隙間風よ,2962890,19,32032,9057,5Z4emyH-fME
2026-09-06 02:01:00,マモリビト,2958099,116,31356,10061,I8JZbNTl5rM
2026-09-06 02:01:00,承認欲求,8834766,340,72560,25169,x_BjvhMW9TE
2026-09-06 02:01:00,ドローン旋回中,2757464,122,31573,6230,rNwzfyr07SM
2026-09-06 02:01:00,静寂の暴力,6700421,298,53720,12076,uhbvX4GUrpE
2026-09-06 02:01:00,Start over!,14945655,509,109289,64362,YJRFD1AdaUE
2026-09-06 02:01:00,夏の近道,8885136,479,56776,12478,nV1DHIWSdEo
2026-09-06 02:01:00,Cool,4084658,133,38564,11161,XEKPn3WbksE
2026-09-06 02:01:00,桜月,11038855,572,69895,29120,zKLgrxHDgls
2026-09-06 02:01:00,その日まで,2672495,142,55604,5352,F2lWsUJotmc
2026-09-06 02:01:00,摩擦係数,9925640,288,73246,14320,D8piCp9XMKA
2026-09-06 02:01:00,車間距離,2312704,10,29053,3404,MKXSWXlSOB0
2026-09-06 02:01:00,僕のジレンマ,3885884,106,48266,5587,ZBk4V-uqcXs
2026-09-06 02:01:00,五月雨よ,9228622,228,72837,12979,3boaeE3dwMs
2026-09-06 02:01:00,無言の宇宙,6531123,321,53934,7560,7GZGTse6dUs
2026-09-06 02:01:00,Dead end,5737852,162,54372,7202,FEfJB32wvsk
2026-09-06 02:01:00,流れ弾,11591967,272,92180,22388,drCopBcrxRM
2026-09-06 02:01:00,思ったよりも寂しくない,4781508,79,51482,6449,D0W44Z3D3wo
2026-09-06 02:01:00,偶然の答え,5659114,110,59191,8135,_ZCf_iLMwn0
2026-09-06 02:01:00,BAN,14136698,280,97948,18419,fPZ37t3nvco
2026-09-06 02:01:00,Buddies,5854109,93,63149,9236,yT5S7Cy5cCE
2026-09-06 02:01:00,なぜ　恋をして来なかったんだろう？,14473647,330,110697,17059,S4gEJIyLHlM
2026-09-06 02:01:00,Nobady's fault,8541730,136,99731,15500,fagRTasDcKo
2026-09-06 04:42:36,光源,1601017,449,24157,4979,7pusekGNE-o
2026-09-06 04:42:36,The growing up train,2851985,457,39899,18424,Rk54JNn7Qw4
2026-09-06 04:42:36,木枯らしは泣かない,1197474,140,22764,5024,aQ1iXj4oXfI
2026-09-06 04:42:36,Unhappy birthday構文,4162217,548,48480,30172,hBfDlIN0WtI
2026-09-06 04:42:36,Alter ego,1559714,206,23622,4513,gQ7l_hav-bA
2026-09-06 04:42:36,港区パセリ,2211640,261,25021,6143,aLu4oyQ2zdw
2026-09-06 04:42:36,死んだふり,1967274,148,31599,5367,WNH_ReRMt5k
2026-09-06 04:42:36,Make or Break,3382521,211,43197,13407,nTxTTZ0QLrI
2026-09-06 04:42:36,Addiction,3558209,239,44521,10284,ReuFa_D1Vok
2026-09-06 04:42:36,Nightmare症候群,2116536,119,32984,6757,Grx5AhU14QU
2026-09-06 04:42:36,Nothing special,1628099,88,25520,5482,WdUBD5slEnc
2026-09-06 04:42:36,UDAGAWA GENERATION,6527442,426,59228,22703,qP52sh7PzYA
2026-09-06 04:42:36,本質的なこと,2823302,150,33808,6274,iZhbx2mcmug
2026-09-06 04:42:36,僕は僕を好きになれない,2038562,6,29909,8918,Ktu_LGjGd7A
2026-09-06 04:42:36,引きこもる時間はない,2073567,60,26478,4798,KYvq8-xY1Gg
2026-09-06 04:42:36,愛し合いなさい,1608430,38,24717,5874,MAP3cnAexxM
2026-09-06 04:42:36,自業自得,9729612,418,81088,50218,Rs-Y9MtHsoo
2026-09-06 04:42:36,何度　LOVE SONGの歌詞を読み返しただろう,4300325,8,37316,6969,tltXZSiAAdQ
2026-09-06 04:42:36,油を注せ！,2254895,50,28149,11901,x9a0_2aGeWU
2026-09-06 04:42:36,何歳の頃に戻りたいのか？,9506105,264,71584,27138,7xx66mR_HeE
2026-09-06 04:42:36,君がサヨナラ言えたって・・・,1376616,65,26225,4795,1SQWKDr_GfA
2026-09-06 04:42:36,隙間風よ,2963022,132,32032,9057,5Z4emyH-fME
2026-09-06 04:42:36,マモリビト,2958308,209,31356,10061,I8JZbNTl5rM
2026-09-06 04:42:36,承認欲求,8834982,216,72561,25169,x_BjvhMW9TE
2026-09-06 04:42:36,ドローン旋回中,2757466,2,31573,6230,rNwzfyr07SM
2026-09-06 04:42:36,静寂の暴力,6700590,169,53721,12076,uhbvX4GUrpE
2026-09-06 04:42:36,Start over!,14945971,316,109291,64362,YJRFD1AdaUE
2026-09-06 04:42:36,夏の近道,8885459,323,56777,12478,nV1DHIWSdEo
2026-09-06 04:42:36,Cool,4084750,92,38564,11161,XEKPn3WbksE
2026-09-06 04:42:36,桜月,11039226,371,69895,29120,zKLgrxHDgls
2026-09-06 04:42:36,その日まで,2672535,40,55605,5352,F2lWsUJotmc
2026-09-06 04:42:36,摩擦係数,9925680,40,73246,14320,D8piCp9XMKA
2026-09-06 04:42:36,車間距離,2312759,55,29053,3404,MKXSWXlSOB0
2026-09-06 04:42:36,僕のジレンマ,3885933,49,48266,5587,ZBk4V-uqcXs
2026-09-06 04:42:36,五月雨よ,9228800,178,72837,12978,3boaeE3dwMs
2026-09-06 04:42:36,無言の宇宙,6531244,121,53934,7560,7GZGTse6dUs
2026-09-06 04:42:36,Dead end,5737951,99,54373,7202,FEfJB32wvsk
2026-09-06 04:42:36,流れ弾,11592136,169,92180,22388,drCopBcrxRM
2026-09-06 04:42:36,思ったよりも寂しくない,4781514,6,51482,6449,D0W44Z3D3wo
2026-09-06 04:42:36,偶然の答え,5659246,132,59191,8135,_ZCf_iLMwn0
2026-09-06 04:42:36,BAN,14136835,137,97947,18419,fPZ37t3nvco
2026-09-06 04:42:36,Buddies,5854160,51,63149,9235,yT5S7Cy5cCE
2026-09-06 04:42:36,なぜ　恋をして来なかったんだろう？,14473835,188,110697,17058,S4gEJIyLHlM
2026-09-06 04:42:36,Nobady's fault,8541816,86,99730,15500,fagRTasDcKo
2026-09-06 06:47:34,光源,1601191,174,24159,4980,7pusekGNE-o
2026-09-06 06:47:34,The growing up train,2852137,152,39900,18425,Rk54JNn7Qw4
2026-09-06 06:47:34,木枯らしは泣かない,1197564,90,22765,5025,aQ1iXj4oXfI
2026-09-06 06:47:34,Unhappy birthday構文,4162392,175,48480,30172,hBfDlIN0WtI
2026-09-06 06:47:34,Alter ego,1559787,73,23622,4513,gQ7l_hav-bA
2026-09-06 06:47:34,港区パセリ,2211734,94,25021,6144,aLu4oyQ2zdw
2026-09-06 06:47:34,死んだふり,1967274,0,31599,5367,WNH_ReRMt5k
2026-09-06 06:47:34,Make or Break,3382576,55,43197,13407,nTxTTZ0QLrI
2026-09-06 06:47:34,Addiction,3558296,87,44521,10284,ReuFa_D1Vok
2026-09-06 06:47:34,Nightmare症候群,2116585,49,32984,6758,Grx5AhU14QU
2026-09-06 06:47:34,Nothing special,1628108,9,25520,5482,WdUBD5slEnc
2026-09-06 06:47:34,UDAGAWA GENERATION,6527577,135,59228,22703,qP52sh7PzYA
2026-09-06 06:47:34,本質的なこと,2823384,82,33808,6275,iZhbx2mcmug
2026-09-06 06:47:34,僕は僕を好きになれない,2038654,92,29909,8918,Ktu_LGjGd7A
2026-09-06 06:47:34,引きこもる時間はない,2073605,38,26477,4799,KYvq8-xY1Gg
2026-09-06 06:47:34,愛し合いなさい,1608477,47,24717,5874,MAP3cnAexxM
2026-09-06 06:47:34,自業自得,9729759,147,81089,50218,Rs-Y9MtHsoo
2026-09-06 06:47:34,何度　LOVE SONGの歌詞を読み返しただろう,4300550,225,37315,6970,tltXZSiAAdQ
2026-09-06 06:47:34,油を注せ！,2254937,42,28149,11901,x9a0_2aGeWU
2026-09-06 06:47:34,何歳の頃に戻りたいのか？,9506172,67,71584,27138,7xx66mR_HeE
2026-09-06 06:47:34,君がサヨナラ言えたって・・・,1376616,0,26225,4795,1SQWKDr_GfA
2026-09-06 06:47:34,隙間風よ,2963079,57,32032,9057,5Z4emyH-fME
2026-09-06 06:47:34,マモリビト,2958392,84,31357,10062,I8JZbNTl5rM
2026-09-06 06:47:34,承認欲求,8835074,92,72561,25169,x_BjvhMW9TE
2026-09-06 06:47:34,ドローン旋回中,2757550,84,31573,6230,rNwzfyr07SM
2026-09-06 06:47:34,静寂の暴力,6700657,67,53721,12077,uhbvX4GUrpE
2026-09-06 06:47:34,Start over!,14946095,124,109290,64362,YJRFD1AdaUE
2026-09-06 06:47:34,夏の近道,8885588,129,56776,12479,nV1DHIWSdEo
2026-09-06 06:47:34,Cool,4084750,0,38564,11161,XEKPn3WbksE
2026-09-06 06:47:34,桜月,11039350,124,69895,29120,zKLgrxHDgls
2026-09-06 06:47:34,その日まで,2672567,32,55604,5352,F2lWsUJotmc
2026-09-06 06:47:34,摩擦係数,9925814,134,73246,14320,D8piCp9XMKA
2026-09-06 06:47:34,車間距離,2312804,45,29053,3404,MKXSWXlSOB0
2026-09-06 06:47:34,僕のジレンマ,3885964,31,48266,5587,ZBk4V-uqcXs
2026-09-06 06:47:34,五月雨よ,9228800,0,72837,12978,3boaeE3dwMs
2026-09-06 06:47:34,無言の宇宙,6531244,0,53934,7560,7GZGTse6dUs
2026-09-06 06:47:34,Dead end,5737951,0,54373,7202,FEfJB32wvsk
2026-09-06 06:47:34,流れ弾,11592188,52,92179,22388,drCopBcrxRM
2026-09-06 06:47:34,思ったよりも寂しくない,4781579,65,51482,6449,D0W44Z3D3wo
2026-09-06 06:47:34,偶然の答え,5659338,92,59191,8135,_ZCf_iLMwn0
2026-09-06 06:47:34,BAN,14136835,0,97947,18419,fPZ37t3nvco
2026-09-06 06:47:34,Buddies,5854160,0,63149,9235,yT5S7Cy5cCE
2026-09-06 06:47:34,なぜ　恋をして来なかったんだろう？,14473895,60,110697,17058,S4gEJIyLHlM
2026-09-06 06:47:34,Nobady's fault,8541844,28,99729,15500,fagRTasDcKo
2026-09-06 08:27:50,光源,1601316,125,24160,4980,7pusekGNE-o
2026-09-06 08:27:50,The growing up train,2852280,143,39899,18426,Rk54JNn7Qw4
2026-09-06 08:27:50,木枯らしは泣かない,1197599,35,22765,5026,aQ1iXj4oXfI
2026-09-06 08:27:50,Unhappy birthday構文,4162565,173,48478,30174,hBfDlIN0WtI
2026-09-06 08:27:50,Alter ego,1559814,27,23621,4514,gQ7l_hav-bA
2026-09-06 08:27:50,港区パセリ,2211856,122,25022,6146,aLu4oyQ2zdw
2026-09-06 08:27:50,死んだふり,1967332,58,31599,5368,WNH_ReRMt5k
2026-09-06 08:27:50,Make or Break,3382602,26,43198,13408,nTxTTZ0QLrI
2026-09-06 08:27:50,Addiction,3558368,72,44520,10285,ReuFa_D1Vok
2026-09-06 08:27:50,Nightmare症候群,2116591,6,32984,6758,Grx5AhU14QU
2026-09-06 08:27:50,Nothing special,1628152,44,25520,5483,WdUBD5slEnc
2026-09-06 08:27:50,UDAGAWA GENERATION,6527599,22,59228,22704,qP52sh7PzYA
2026-09-06 08:27:50,本質的なこと,2823387,3,33808,6275,iZhbx2mcmug
2026-09-06 08:27:50,僕は僕を好きになれない,2038689,35,29910,8919,Ktu_LGjGd7A
2026-09-06 08:27:50,引きこもる時間はない,2073605,0,26476,4799,KYvq8-xY1Gg
2026-09-06 08:27:50,愛し合いなさい,1608490,13,24717,5875,MAP3cnAexxM
2026-09-06 08:27:50,自業自得,9729871,112,81089,50219,Rs-Y9MtHsoo
2026-09-06 08:27:50,何度　LOVE SONGの歌詞を読み返しただろう,4300555,5,37315,6970,tltXZSiAAdQ
2026-09-06 08:27:50,油を注せ！,2254956,19,28149,11902,x9a0_2aGeWU
2026-09-06 08:27:50,何歳の頃に戻りたいのか？,9506244,72,71584,27139,7xx66mR_HeE
2026-09-06 08:27:50,君がサヨナラ言えたって・・・,1376648,32,26225,4795,1SQWKDr_GfA
2026-09-06 08:27:50,隙間風よ,2963082,3,32033,9057,5Z4emyH-fME
2026-09-06 08:27:50,マモリビト,2958435,43,31357,10062,I8JZbNTl5rM
2026-09-06 08:27:50,承認欲求,8835165,91,72561,25170,x_BjvhMW9TE
2026-09-06 08:27:50,ドローン旋回中,2757557,7,31573,6231,rNwzfyr07SM
2026-09-06 08:27:50,静寂の暴力,6700715,58,53721,12077,uhbvX4GUrpE
2026-09-06 08:27:50,Start over!,14946107,12,109291,64363,YJRFD1AdaUE
2026-09-06 08:27:50,夏の近道,8885665,77,56776,12480,nV1DHIWSdEo
2026-09-06 08:27:50,Cool,4084792,42,38564,11161,XEKPn3WbksE
2026-09-06 08:27:50,桜月,11039456,106,69895,29121,zKLgrxHDgls
2026-09-06 08:27:50,その日まで,2672582,15,55604,5352,F2lWsUJotmc
2026-09-06 08:27:50,摩擦係数,9925934,120,73246,14321,D8piCp9XMKA
2026-09-06 08:27:50,車間距離,2312820,16,29053,3405,MKXSWXlSOB0
2026-09-06 08:27:50,僕のジレンマ,3885968,4,48266,5587,ZBk4V-uqcXs
2026-09-06 08:27:50,五月雨よ,9228880,80,72836,12979,3boaeE3dwMs
2026-09-06 08:27:50,無言の宇宙,6531330,86,53934,7560,7GZGTse6dUs
2026-09-06 08:27:50,Dead end,5738002,51,54373,7203,FEfJB32wvsk
2026-09-06 08:27:50,流れ弾,11592223,35,92179,22389,drCopBcrxRM
2026-09-06 08:27:50,思ったよりも寂しくない,4781608,29,51482,6450,D0W44Z3D3wo
2026-09-06 08:27:50,偶然の答え,5659363,25,59191,8136,_ZCf_iLMwn0
2026-09-06 08:27:50,BAN,14136939,104,97947,18420,fPZ37t3nvco
2026-09-06 08:27:50,Buddies,5854176,16,63150,9235,yT5S7Cy5cCE
2026-09-06 08:27:50,なぜ　恋をして来なかったんだろう？,14473962,67,110697,17059,S4gEJIyLHlM
2026-09-06 08:27:50,Nobady's fault,8541861,17,99729,15501,fagRTasDcKo
2026-09-06 10:55:32,光源,1601470,154,24161,4980,7pusekGNE-o
2026-09-06 10:55:32,The growing up train,2852406,126,39897,18426,Rk54JNn7Qw4
2026-09-06 10:55:32,木枯らしは泣かない,1197604,5,22765,5027,aQ1iXj4oXfI
2026-09-06 10:55:32,Unhappy birthday構文,4162841,276,48477,30174,hBfDlIN0WtI
2026-09-06 10:55:32,Alter ego,1559870,56,23622,4514,gQ7l_hav-bA
2026-09-06 10:55:32,港区パセリ,2211856,0,25022,6146,aLu4oyQ2zdw
2026-09-06 10:55:32,死んだふり,1967463,131,31599,5368,WNH_ReRMt5k
2026-09-06 10:55:32,Make or Break,3382677,75,43198,13409,nTxTTZ0QLrI
2026-09-06 10:55:32,Addiction,3558490,122,44522,10285,ReuFa_D1Vok
2026-09-06 10:55:32,Nightmare症候群,2116672,81,32984,6758,Grx5AhU14QU
2026-09-06 10:55:32,Nothing special,1628170,18,25521,5483,WdUBD5slEnc
2026-09-06 10:55:32,UDAGAWA GENERATION,6527828,229,59228,22704,qP52sh7PzYA
2026-09-06 10:55:32,本質的なこと,2823405,18,33808,6275,iZhbx2mcmug
2026-09-06 10:55:32,僕は僕を好きになれない,2038689,0,29910,8919,Ktu_LGjGd7A
2026-09-06 10:55:32,引きこもる時間はない,2073595,-10,26476,4799,KYvq8-xY1Gg
2026-09-06 10:55:32,愛し合いなさい,1608490,0,24717,5875,MAP3cnAexxM
2026-09-06 10:55:32,自業自得,9729924,53,81089,50221,Rs-Y9MtHsoo
2026-09-06 10:55:32,何度　LOVE SONGの歌詞を読み返しただろう,4300663,108,37314,6970,tltXZSiAAdQ
2026-09-06 10:55:32,油を注せ！,2254956,0,28149,11902,x9a0_2aGeWU
2026-09-06 10:55:32,何歳の頃に戻りたいのか？,9506354,110,71584,27139,7xx66mR_HeE
2026-09-06 10:55:32,君がサヨナラ言えたって・・・,1376648,0,26225,4795,1SQWKDr_GfA
2026-09-06 10:55:32,隙間風よ,2963068,-14,32033,9057,5Z4emyH-fME
2026-09-06 10:55:32,マモリビト,2958452,17,31357,10063,I8JZbNTl5rM
2026-09-06 10:55:32,承認欲求,8835250,85,72561,25170,x_BjvhMW9TE
2026-09-06 10:55:32,ドローン旋回中,2757562,5,31573,6231,rNwzfyr07SM
2026-09-06 10:55:32,静寂の暴力,6700789,74,53722,12077,uhbvX4GUrpE
2026-09-06 10:55:32,Start over!,14946311,204,109289,64363,YJRFD1AdaUE
2026-09-06 10:55:32,夏の近道,8885778,113,56777,12480,nV1DHIWSdEo
2026-09-06 10:55:32,Cool,4084825,33,38564,11162,XEKPn3WbksE
2026-09-06 10:55:32,桜月,11039482,26,69896,29121,zKLgrxHDgls
2026-09-06 10:55:32,その日まで,2672590,8,55604,5352,F2lWsUJotmc
2026-09-06 10:55:32,摩擦係数,9925990,56,73245,14321,D8piCp9XMKA
2026-09-06 10:55:32,車間距離,2312820,0,29053,3405,MKXSWXlSOB0
2026-09-06 10:55:32,僕のジレンマ,3885969,1,48266,5587,ZBk4V-uqcXs
2026-09-06 10:55:32,五月雨よ,9228879,-1,72835,12979,3boaeE3dwMs
2026-09-06 10:55:32,無言の宇宙,6531359,29,53935,7560,7GZGTse6dUs
2026-09-06 10:55:32,Dead end,5738040,38,54372,7203,FEfJB32wvsk
2026-09-06 10:55:32,流れ弾,11592339,116,92179,22389,drCopBcrxRM
2026-09-06 10:55:32,思ったよりも寂しくない,4781608,0,51482,6450,D0W44Z3D3wo
2026-09-06 10:55:32,偶然の答え,5659363,0,59191,8136,_ZCf_iLMwn0
2026-09-06 10:55:32,BAN,14136983,44,97947,18412,fPZ37t3nvco
2026-09-06 10:55:32,Buddies,5854176,0,63150,9235,yT5S7Cy5cCE
2026-09-06 10:55:32,なぜ　恋をして来なかったんだろう？,14474026,64,110698,17059,S4gEJIyLHlM
2026-09-06 10:55:32,Nobady's fault,8541900,39,99730,15501,fagRTasDcKo
2026-09-06 15:40:02,光源,1601651,181,24162,4980,7pusekGNE-o
2026-09-06 15:40:02,The growing up train,2853427,1021,39896,18426,Rk54JNn7Qw4
2026-09-06 15:40:02,木枯らしは泣かない,1197823,219,22765,5028,aQ1iXj4oXfI
2026-09-06 15:40:02,Unhappy birthday構文,4164069,1228,48479,30176,hBfDlIN0WtI
2026-09-06 15:40:02,Alter ego,1560194,324,23623,4514,gQ7l_hav-bA
2026-09-06 15:40:02,港区パセリ,2212565,709,25022,6146,aLu4oyQ2zdw
2026-09-06 15:40:02,死んだふり,1967777,314,31598,5368,WNH_ReRMt5k
2026-09-06 15:40:02,Make or Break,3383241,564,43200,13409,nTxTTZ0QLrI
2026-09-06 15:40:02,Addiction,3558567,77,44523,10283,ReuFa_D1Vok
2026-09-06 15:40:02,Nightmare症候群,2116990,318,32984,6758,Grx5AhU14QU
2026-09-06 15:40:02,Nothing special,1628343,173,25520,5483,WdUBD5slEnc
2026-09-06 15:40:02,UDAGAWA GENERATION,6528499,671,59225,22705,qP52sh7PzYA
2026-09-06 15:40:02,本質的なこと,2823847,442,33807,6275,iZhbx2mcmug
2026-09-06 15:40:02,僕は僕を好きになれない,2038836,147,29910,8919,Ktu_LGjGd7A
2026-09-06 15:40:02,引きこもる時間はない,2073616,21,26475,4799,KYvq8-xY1Gg
2026-09-06 15:40:02,愛し合いなさい,1608563,73,24716,5875,MAP3cnAexxM
2026-09-06 15:40:02,自業自得,9730801,877,81088,50221,Rs-Y9MtHsoo
2026-09-06 15:40:02,何度　LOVE SONGの歌詞を読み返しただろう,4300967,304,37315,6972,tltXZSiAAdQ
2026-09-06 15:40:02,油を注せ！,2255079,123,28148,11902,x9a0_2aGeWU
2026-09-06 15:40:02,何歳の頃に戻りたいのか？,9507002,648,71583,27138,7xx66mR_HeE
2026-09-06 15:40:02,君がサヨナラ言えたって・・・,1376677,29,26226,4795,1SQWKDr_GfA
2026-09-06 15:40:02,隙間風よ,2963118,50,32033,9057,5Z4emyH-fME
2026-09-06 15:40:02,マモリビト,2958497,45,31356,10063,I8JZbNTl5rM
2026-09-06 15:40:02,承認欲求,8835758,508,72559,25170,x_BjvhMW9TE
2026-09-06 15:40:02,ドローン旋回中,2757718,156,31571,6231,rNwzfyr07SM
2026-09-06 15:40:02,静寂の暴力,6701153,364,53719,12077,uhbvX4GUrpE
2026-09-06 15:40:02,Start over!,14947036,725,109288,64363,YJRFD1AdaUE
2026-09-06 15:40:02,夏の近道,8886411,633,56777,12480,nV1DHIWSdEo
2026-09-06 15:40:02,Cool,4085024,199,38562,11162,XEKPn3WbksE
2026-09-06 15:40:02,桜月,11040316,834,69893,29121,zKLgrxHDgls
2026-09-06 15:40:02,その日まで,2672610,20,55603,5352,F2lWsUJotmc
2026-09-06 15:40:02,摩擦係数,9926398,408,73247,14321,D8piCp9XMKA
2026-09-06 15:40:02,車間距離,2312901,81,29050,3405,MKXSWXlSOB0
2026-09-06 15:40:02,僕のジレンマ,3886109,140,48264,5587,ZBk4V-uqcXs
2026-09-06 15:40:02,五月雨よ,9229189,310,72833,12979,3boaeE3dwMs
2026-09-06 15:40:02,無言の宇宙,6531599,240,53932,7560,7GZGTse6dUs
2026-09-06 15:40:02,Dead end,5738259,219,54370,7203,FEfJB32wvsk
2026-09-06 15:40:02,流れ弾,11592668,329,92176,22389,drCopBcrxRM
2026-09-06 15:40:02,思ったよりも寂しくない,4781706,98,51480,6450,D0W44Z3D3wo
2026-09-06 15:40:02,偶然の答え,5659575,212,59190,8136,_ZCf_iLMwn0
2026-09-06 15:40:02,BAN,14137371,388,97944,18412,fPZ37t3nvco
2026-09-06 15:40:02,Buddies,5854269,93,63148,9235,yT5S7Cy5cCE
2026-09-06 15:40:02,なぜ　恋をして来なかったんだろう？,14474403,377,110695,17059,S4gEJIyLHlM
2026-09-06 15:40:02,Nobady's fault,8542074,174,99730,15502,fagRTasDcKo
2026-09-06 20:26:16,光源,1603488,1837,24163,4980,7pusekGNE-o
2026-09-06 20:26:16,The growing up train,2854455,1028,39899,18426,Rk54JNn7Qw4
2026-09-06 20:26:16,木枯らしは泣かない,1198049,226,22766,5028,aQ1iXj4oXfI
2026-09-06 20:26:16,Unhappy birthday構文,4165256,1187,48480,30176,hBfDlIN0WtI
2026-09-06 20:26:16,Alter ego,1560569,375,23624,4514,gQ7l_hav-bA
2026-09-06 20:26:16,港区パセリ,2213333,768,25023,6146,aLu4oyQ2zdw
2026-09-06 20:26:16,死んだふり,1968110,333,31599,5368,WNH_ReRMt5k
2026-09-06 20:26:16,Make or Break,3383823,582,43201,13409,nTxTTZ0QLrI
2026-09-06 20:26:16,Addiction,3559577,1010,44524,10282,ReuFa_D1Vok
2026-09-06 20:26:16,Nightmare症候群,2117238,248,32987,6758,Grx5AhU14QU
2026-09-06 20:26:16,Nothing special,1628443,100,25520,5483,WdUBD5slEnc
2026-09-06 20:26:16,UDAGAWA GENERATION,6529326,827,59223,22702,qP52sh7PzYA
2026-09-06 20:26:16,本質的なこと,2824157,310,33808,6275,iZhbx2mcmug
2026-09-06 20:26:16,僕は僕を好きになれない,2038970,134,29912,8909,Ktu_LGjGd7A
2026-09-06 20:26:16,引きこもる時間はない,2073739,123,26475,4799,KYvq8-xY1Gg
2026-09-06 20:26:16,愛し合いなさい,1608634,71,24716,5875,MAP3cnAexxM
2026-09-06 20:26:16,自業自得,9731707,906,81086,50224,Rs-Y9MtHsoo
2026-09-06 20:26:16,何度　LOVE SONGの歌詞を読み返しただろう,4301395,428,37313,6972,tltXZSiAAdQ
2026-09-06 20:26:16,油を注せ！,2255159,80,28149,11902,x9a0_2aGeWU
2026-09-06 20:26:16,何歳の頃に戻りたいのか？,9507639,637,71586,27139,7xx66mR_HeE
2026-09-06 20:26:16,君がサヨナラ言えたって・・・,1376727,50,26226,4795,1SQWKDr_GfA
2026-09-06 20:26:16,隙間風よ,2963325,207,32035,9058,5Z4emyH-fME
2026-09-06 20:26:16,マモリビト,2958963,466,31357,10063,I8JZbNTl5rM
2026-09-06 20:26:16,承認欲求,8836251,493,72561,25170,x_BjvhMW9TE
2026-09-06 20:26:16,ドローン旋回中,2757870,152,31571,6231,rNwzfyr07SM
2026-09-06 20:26:16,静寂の暴力,6701565,412,53721,12078,uhbvX4GUrpE
2026-09-06 20:26:16,Start over!,14947767,731,109285,64363,YJRFD1AdaUE
2026-09-06 20:26:16,夏の近道,8886698,287,56778,12480,nV1DHIWSdEo
2026-09-06 20:26:16,Cool,4085155,131,38562,11162,XEKPn3WbksE
2026-09-06 20:26:16,桜月,11041060,744,69894,29123,zKLgrxHDgls
2026-09-06 20:26:16,その日まで,2672784,174,55603,5352,F2lWsUJotmc
2026-09-06 20:26:16,摩擦係数,9926796,398,73247,14321,D8piCp9XMKA
2026-09-06 20:26:16,車間距離,2312982,81,29050,3405,MKXSWXlSOB0
2026-09-06 20:26:16,僕のジレンマ,3886184,75,48263,5587,ZBk4V-uqcXs
2026-09-06 20:26:16,五月雨よ,9229547,358,72830,12979,3boaeE3dwMs
2026-09-06 20:26:16,無言の宇宙,6531831,232,53932,7560,7GZGTse6dUs
2026-09-06 20:26:16,Dead end,5738481,222,54369,7203,FEfJB32wvsk
2026-09-06 20:26:16,流れ弾,11593020,352,92174,22389,drCopBcrxRM
2026-09-06 20:26:16,思ったよりも寂しくない,4781767,61,51480,6450,D0W44Z3D3wo
2026-09-06 20:26:16,偶然の答え,5659833,258,59192,8136,_ZCf_iLMwn0
2026-09-06 20:26:16,BAN,14137718,347,97944,18412,fPZ37t3nvco
2026-09-06 20:26:16,Buddies,5854355,86,63147,9235,yT5S7Cy5cCE
2026-09-06 20:26:16,なぜ　恋をして来なかったんだろう？,14474792,389,110696,17059,S4gEJIyLHlM
2026-09-06 20:26:16,Nobady's fault,8542274,200,99730,15502,fagRTasDcKo
2026-09-06 23:37:08,光源,1603951,463,24162,4980,7pusekGNE-o
2026-09-06 23:37:08,The growing up train,2854860,405,39898,18426,Rk54JNn7Qw4
2026-09-06 23:37:08,木枯らしは泣かない,1198091,42,22766,5028,aQ1iXj4oXfI
2026-09-06 23:37:08,Unhappy birthday構文,4166000,744,48481,30177,hBfDlIN0WtI
2026-09-06 23:37:08,Alter ego,1560681,112,23623,4514,gQ7l_hav-bA
2026-09-06 23:37:08,港区パセリ,2213643,310,25024,6146,aLu4oyQ2zdw
2026-09-06 23:37:08,死んだふり,1968250,140,31601,5369,WNH_ReRMt5k
2026-09-06 23:37:08,Make or Break,3384106,283,43200,13409,nTxTTZ0QLrI
2026-09-06 23:37:08,Addiction,3559911,334,44525,10282,ReuFa_D1Vok
2026-09-06 23:37:08,Nightmare症候群,2117547,309,32990,6758,Grx5AhU14QU
2026-09-06 23:37:08,Nothing special,1628540,97,25519,5483,WdUBD5slEnc
2026-09-06 23:37:08,UDAGAWA GENERATION,6529712,386,59222,22702,qP52sh7PzYA
2026-09-06 23:37:08,本質的なこと,2824328,171,33807,6275,iZhbx2mcmug
2026-09-06 23:37:08,僕は僕を好きになれない,2039036,66,29911,8909,Ktu_LGjGd7A
2026-09-06 23:37:08,引きこもる時間はない,2073877,138,26475,4799,KYvq8-xY1Gg
2026-09-06 23:37:08,愛し合いなさい,1608722,88,24715,5875,MAP3cnAexxM
2026-09-06 23:37:08,自業自得,9732174,467,81083,50224,Rs-Y9MtHsoo
2026-09-06 23:37:08,何度　LOVE SONGの歌詞を読み返しただろう,4301590,195,37313,6972,tltXZSiAAdQ
2026-09-06 23:37:08,油を注せ！,2255222,63,28149,11902,x9a0_2aGeWU
2026-09-06 23:37:08,何歳の頃に戻りたいのか？,9507925,286,71584,27140,7xx66mR_HeE
2026-09-06 23:37:08,君がサヨナラ言えたって・・・,1376772,45,26226,4795,1SQWKDr_GfA
2026-09-06 23:37:08,隙間風よ,2963430,105,32034,9058,5Z4emyH-fME
2026-09-06 23:37:08,マモリビト,2958980,17,31356,10063,I8JZbNTl5rM
2026-09-06 23:37:08,承認欲求,8836514,263,72561,25170,x_BjvhMW9TE
2026-09-06 23:37:08,ドローン旋回中,2757913,43,31570,6231,rNwzfyr07SM
2026-09-06 23:37:08,静寂の暴力,6701796,231,53720,12078,uhbvX4GUrpE
2026-09-06 23:37:08,Start over!,14948138,371,109286,64363,YJRFD1AdaUE
2026-09-06 23:37:08,夏の近道,8887434,736,56777,12480,nV1DHIWSdEo
2026-09-06 23:37:08,Cool,4085247,92,38561,11162,XEKPn3WbksE
2026-09-06 23:37:08,桜月,11041564,504,69893,29123,zKLgrxHDgls
2026-09-06 23:37:08,その日まで,2672844,60,55604,5352,F2lWsUJotmc
2026-09-06 23:37:08,摩擦係数,9927086,290,73248,14321,D8piCp9XMKA
2026-09-06 23:37:08,車間距離,2312955,-27,29049,3405,MKXSWXlSOB0
2026-09-06 23:37:08,僕のジレンマ,3886326,142,48264,5587,ZBk4V-uqcXs
2026-09-06 23:37:08,五月雨よ,9229705,158,72828,12979,3boaeE3dwMs
2026-09-06 23:37:08,無言の宇宙,6531956,125,53932,7560,7GZGTse6dUs
2026-09-06 23:37:08,Dead end,5738569,88,54368,7203,FEfJB32wvsk
2026-09-06 23:37:08,流れ弾,11593138,118,92173,22392,drCopBcrxRM
2026-09-06 23:37:08,思ったよりも寂しくない,4781807,40,51479,6450,D0W44Z3D3wo
2026-09-06 23:37:08,偶然の答え,5659946,113,59192,8136,_ZCf_iLMwn0
2026-09-06 23:37:08,BAN,14137938,220,97943,18412,fPZ37t3nvco
2026-09-06 23:37:08,Buddies,5854442,87,63146,9235,yT5S7Cy5cCE
2026-09-06 23:37:08,なぜ　恋をして来なかったんだろう？,14474985,193,110697,17059,S4gEJIyLHlM
2026-09-06 23:37:08,Nobady's fault,8542393,119,99730,15503,fagRTasDcKo
2026-09-07 02:25:03,光源,1604479,528,24162,4981,7pusekGNE-o
2026-09-07 02:25:03,The growing up train,2855342,482,39899,18426,Rk54JNn7Qw4
2026-09-07 02:25:03,木枯らしは泣かない,1198218,127,22766,5028,aQ1iXj4oXfI
2026-09-07 02:25:03,Unhappy birthday構文,4166645,645,48482,30179,hBfDlIN0WtI
2026-09-07 02:25:03,Alter ego,1560898,217,23624,4514,gQ7l_hav-bA
2026-09-07 02:25:03,港区パセリ,2213997,354,25024,6146,aLu4oyQ2zdw
2026-09-07 02:25:03,死んだふり,1968424,174,31601,5369,WNH_ReRMt5k
2026-09-07 02:25:03,Make or Break,3384377,271,43201,13409,nTxTTZ0QLrI
2026-09-07 02:25:03,Addiction,3560192,281,44523,10282,ReuFa_D1Vok
2026-09-07 02:25:03,Nightmare症候群,2117803,256,32991,6758,Grx5AhU14QU
2026-09-07 02:25:03,Nothing special,1628631,91,25519,5483,WdUBD5slEnc
2026-09-07 02:25:03,UDAGAWA GENERATION,6530053,341,59220,22703,qP52sh7PzYA
2026-09-07 02:25:03,本質的なこと,2824522,194,33807,6275,iZhbx2mcmug
2026-09-07 02:25:03,僕は僕を好きになれない,2039135,99,29910,8909,Ktu_LGjGd7A
2026-09-07 02:25:03,引きこもる時間はない,2073955,78,26474,4799,KYvq8-xY1Gg
2026-09-07 02:25:03,愛し合いなさい,1608758,36,24715,5875,MAP3cnAexxM
2026-09-07 02:25:03,自業自得,9732577,403,81083,50224,Rs-Y9MtHsoo
2026-09-07 02:25:03,何度　LOVE SONGの歌詞を読み返しただろう,4301819,229,37312,6972,tltXZSiAAdQ
2026-09-07 02:25:03,油を注せ！,2255295,73,28148,11902,x9a0_2aGeWU
2026-09-07 02:25:03,何歳の頃に戻りたいのか？,9508210,285,71583,27140,7xx66mR_HeE
2026-09-07 02:25:03,君がサヨナラ言えたって・・・,1376815,43,26226,4795,1SQWKDr_GfA
2026-09-07 02:25:03,隙間風よ,2963506,76,32035,9058,5Z4emyH-fME
2026-09-07 02:25:03,マモリビト,2959121,141,31356,10063,I8JZbNTl5rM
2026-09-07 02:25:03,承認欲求,8836785,271,72563,25170,x_BjvhMW9TE
2026-09-07 02:25:03,ドローン旋回中,2757982,69,31570,6231,rNwzfyr07SM
2026-09-07 02:25:03,静寂の暴力,6701978,182,53719,12078,uhbvX4GUrpE
2026-09-07 02:25:03,Start over!,14948543,405,109283,64363,YJRFD1AdaUE
2026-09-07 02:25:03,夏の近道,8887513,79,56776,12480,nV1DHIWSdEo
2026-09-07 02:25:03,Cool,4085329,82,38561,11162,XEKPn3WbksE
2026-09-07 02:25:03,桜月,11041855,291,69892,29123,zKLgrxHDgls
2026-09-07 02:25:03,その日まで,2672902,58,55605,5352,F2lWsUJotmc
2026-09-07 02:25:03,摩擦係数,9927258,172,73248,14321,D8piCp9XMKA
2026-09-07 02:25:03,車間距離,2313000,45,29049,3405,MKXSWXlSOB0
2026-09-07 02:25:03,僕のジレンマ,3886402,76,48266,5587,ZBk4V-uqcXs
2026-09-07 02:25:03,五月雨よ,9229850,145,72828,12979,3boaeE3dwMs
2026-09-07 02:25:03,無言の宇宙,6532068,112,53933,7560,7GZGTse6dUs
2026-09-07 02:25:03,Dead end,5738576,7,54368,7203,FEfJB32wvsk
2026-09-07 02:25:03,流れ弾,11593380,242,92172,22392,drCopBcrxRM
2026-09-07 02:25:03,思ったよりも寂しくない,4781851,44,51479,6450,D0W44Z3D3wo
2026-09-07 02:25:03,偶然の答え,5660068,122,59194,8136,_ZCf_iLMwn0
2026-09-07 02:25:03,BAN,14138086,148,97943,18412,fPZ37t3nvco
2026-09-07 02:25:03,Buddies,5854442,0,63146,9235,yT5S7Cy5cCE
2026-09-07 02:25:03,なぜ　恋をして来なかったんだろう？,14475146,161,110699,17059,S4gEJIyLHlM
2026-09-07 02:25:03,Nobady's fault,8542497,104,99731,15503,fagRTasDcKo
2026-09-07 04:45:25,光源,1604795,316,24162,4981,7pusekGNE-o
2026-09-07 04:45:25,The growing up train,2855685,343,39899,18426,Rk54JNn7Qw4
2026-09-07 04:45:25,木枯らしは泣かない,1198218,0,22766,5028,aQ1iXj4oXfI
2026-09-07 04:45:25,Unhappy birthday構文,4166645,0,48482,30179,hBfDlIN0WtI
2026-09-07 04:45:25,Alter ego,1560898,0,23624,4514,gQ7l_hav-bA
2026-09-07 04:45:25,港区パセリ,2214203,206,25024,6146,aLu4oyQ2zdw
2026-09-07 04:45:25,死んだふり,1968574,150,31600,5369,WNH_ReRMt5k
2026-09-07 04:45:25,Make or Break,3384537,160,43201,13409,nTxTTZ0QLrI
2026-09-07 04:45:25,Addiction,3560336,144,44523,10282,ReuFa_D1Vok
2026-09-07 04:45:25,Nightmare症候群,2117803,0,32991,6758,Grx5AhU14QU
2026-09-07 04:45:25,Nothing special,1628690,59,25519,5483,WdUBD5slEnc
2026-09-07 04:45:25,UDAGAWA GENERATION,6530179,126,59219,22703,qP52sh7PzYA
2026-09-07 04:45:25,本質的なこと,2824516,-6,33806,6275,iZhbx2mcmug
2026-09-07 04:45:25,僕は僕を好きになれない,2039114,-21,29909,8909,Ktu_LGjGd7A
2026-09-07 04:45:25,引きこもる時間はない,2073973,18,26473,4799,KYvq8-xY1Gg
2026-09-07 04:45:25,愛し合いなさい,1608800,42,24715,5875,MAP3cnAexxM
2026-09-07 04:45:25,自業自得,9732846,269,81081,50224,Rs-Y9MtHsoo
2026-09-07 04:45:25,何度　LOVE SONGの歌詞を読み返しただろう,4302007,188,37312,6972,tltXZSiAAdQ
2026-09-07 04:45:25,油を注せ！,2255361,66,28148,11902,x9a0_2aGeWU
2026-09-07 04:45:25,何歳の頃に戻りたいのか？,9508410,200,71583,27139,7xx66mR_HeE
2026-09-07 04:45:25,君がサヨナラ言えたって・・・,1376815,0,26226,4795,1SQWKDr_GfA
2026-09-07 04:45:25,隙間風よ,2963506,0,32035,9058,5Z4emyH-fME
2026-09-07 04:45:25,マモリビト,2959194,73,31355,10063,I8JZbNTl5rM
2026-09-07 04:45:25,承認欲求,8836975,190,72561,25170,x_BjvhMW9TE
2026-09-07 04:45:25,ドローン旋回中,2758052,70,31568,6231,rNwzfyr07SM
2026-09-07 04:45:25,静寂の暴力,6701973,-5,53719,12078,uhbvX4GUrpE
2026-09-07 04:45:25,Start over!,14948803,260,109282,64363,YJRFD1AdaUE
2026-09-07 04:45:25,夏の近道,8888027,514,56777,12480,nV1DHIWSdEo
2026-09-07 04:45:25,Cool,4085428,99,38559,11162,XEKPn3WbksE
2026-09-07 04:45:25,桜月,11042118,263,69893,29123,zKLgrxHDgls
2026-09-07 04:45:25,その日まで,2672930,28,55603,5352,F2lWsUJotmc
2026-09-07 04:45:25,摩擦係数,9927423,165,73248,14321,D8piCp9XMKA
2026-09-07 04:45:25,車間距離,2313031,31,29049,3405,MKXSWXlSOB0
2026-09-07 04:45:25,僕のジレンマ,3886402,0,48266,5587,ZBk4V-uqcXs
2026-09-07 04:45:25,五月雨よ,9229978,128,72827,12979,3boaeE3dwMs
2026-09-07 04:45:25,無言の宇宙,6532188,120,53933,7560,7GZGTse6dUs
2026-09-07 04:45:25,Dead end,5738696,120,54367,7203,FEfJB32wvsk
2026-09-07 04:45:25,流れ弾,11593512,132,92171,22392,drCopBcrxRM
2026-09-07 04:45:25,思ったよりも寂しくない,4781924,73,51479,6450,D0W44Z3D3wo
2026-09-07 04:45:25,偶然の答え,5660120,52,59193,8136,_ZCf_iLMwn0
2026-09-07 04:45:25,BAN,14138106,20,97942,18412,fPZ37t3nvco
2026-09-07 04:45:25,Buddies,5854510,68,63146,9235,yT5S7Cy5cCE
2026-09-07 04:45:25,なぜ　恋をして来なかったんだろう？,14475337,191,110699,17059,S4gEJIyLHlM
2026-09-07 04:45:25,Nobady's fault,8542535,38,99731,15503,fagRTasDcKo
2026-09-07 06:50:19,光源,1604886,91,24163,4981,7pusekGNE-o
2026-09-07 06:50:19,The growing up train,2855920,235,39899,18427,Rk54JNn7Qw4
2026-09-07 06:50:19,木枯らしは泣かない,1198358,140,22768,5029,aQ1iXj4oXfI
2026-09-07 06:50:19,Unhappy birthday構文,4167188,543,48482,30180,hBfDlIN0WtI
2026-09-07 06:50:19,Alter ego,1561046,148,23624,4514,gQ7l_hav-bA
2026-09-07 06:50:19,港区パセリ,2214363,160,25024,6147,aLu4oyQ2zdw
2026-09-07 06:50:19,死んだふり,1968669,95,31600,5369,WNH_ReRMt5k
2026-09-07 06:50:19,Make or Break,3384590,53,43201,13409,nTxTTZ0QLrI
2026-09-07 06:50:19,Addiction,3560458,122,44523,10282,ReuFa_D1Vok
2026-09-07 06:50:19,Nightmare症候群,2118045,242,32992,6758,Grx5AhU14QU
2026-09-07 06:50:19,Nothing special,1628714,24,25519,5483,WdUBD5slEnc
2026-09-07 06:50:19,UDAGAWA GENERATION,6530474,295,59219,22703,qP52sh7PzYA
2026-09-07 06:50:19,本質的なこと,2824652,136,33806,6275,iZhbx2mcmug
2026-09-07 06:50:19,僕は僕を好きになれない,2039180,66,29909,8909,Ktu_LGjGd7A
2026-09-07 06:50:19,引きこもる時間はない,2074025,52,26474,4799,KYvq8-xY1Gg
2026-09-07 06:50:19,愛し合いなさい,1608800,0,24715,5875,MAP3cnAexxM
2026-09-07 06:50:19,自業自得,9733003,157,81082,50226,Rs-Y9MtHsoo
2026-09-07 06:50:19,何度　LOVE SONGの歌詞を読み返しただろう,4302102,95,37312,6972,tltXZSiAAdQ
2026-09-07 06:50:19,油を注せ！,2255372,11,28148,11902,x9a0_2aGeWU
2026-09-07 06:50:19,何歳の頃に戻りたいのか？,9508539,129,71582,27139,7xx66mR_HeE
2026-09-07 06:50:19,君がサヨナラ言えたって・・・,1376850,35,26226,4795,1SQWKDr_GfA
2026-09-07 06:50:19,隙間風よ,2963601,95,32035,9058,5Z4emyH-fME
2026-09-07 06:50:19,マモリビト,2959315,121,31354,10064,I8JZbNTl5rM
2026-09-07 06:50:19,承認欲求,8837126,151,72562,25170,x_BjvhMW9TE
2026-09-07 06:50:19,ドローン旋回中,2758117,65,31568,6231,rNwzfyr07SM
2026-09-07 06:50:19,静寂の暴力,6702177,204,53719,12078,uhbvX4GUrpE
2026-09-07 06:50:19,Start over!,14949008,205,109281,64363,YJRFD1AdaUE
2026-09-07 06:50:19,夏の近道,8888209,182,56779,12480,nV1DHIWSdEo
2026-09-07 06:50:19,Cool,4085499,71,38557,11162,XEKPn3WbksE
2026-09-07 06:50:19,桜月,11042301,183,69892,29123,zKLgrxHDgls
2026-09-07 06:50:19,その日まで,2672983,53,55603,5352,F2lWsUJotmc
2026-09-07 06:50:19,摩擦係数,9927509,86,73247,14321,D8piCp9XMKA
2026-09-07 06:50:19,車間距離,2313031,0,29049,3405,MKXSWXlSOB0
2026-09-07 06:50:19,僕のジレンマ,3886494,92,48265,5587,ZBk4V-uqcXs
2026-09-07 06:50:19,五月雨よ,9230055,77,72826,12979,3boaeE3dwMs
2026-09-07 06:50:19,無言の宇宙,6532247,59,53932,7560,7GZGTse6dUs
2026-09-07 06:50:19,Dead end,5738799,103,54367,7203,FEfJB32wvsk
2026-09-07 06:50:19,流れ弾,11593604,92,92169,22392,drCopBcrxRM
2026-09-07 06:50:19,思ったよりも寂しくない,4781924,0,51479,6450,D0W44Z3D3wo
2026-09-07 06:50:19,偶然の答え,5660196,76,59194,8136,_ZCf_iLMwn0
2026-09-07 06:50:19,BAN,14138264,158,97941,18412,fPZ37t3nvco
2026-09-07 06:50:19,Buddies,5854559,49,63145,9235,yT5S7Cy5cCE
2026-09-07 06:50:19,なぜ　恋をして来なかったんだろう？,14475376,39,110698,17059,S4gEJIyLHlM
2026-09-07 06:50:19,Nobady's fault,8542535,0,99731,15503,fagRTasDcKo
2026-09-07 08:20:47,光源,1605106,220,24162,4981,7pusekGNE-o
2026-09-07 08:20:47,The growing up train,2856047,127,39898,18427,Rk54JNn7Qw4
2026-09-07 08:20:47,木枯らしは泣かない,1198360,2,22768,5029,aQ1iXj4oXfI
2026-09-07 08:20:47,Unhappy birthday構文,4167306,118,48482,30180,hBfDlIN0WtI
2026-09-07 08:20:47,Alter ego,1561142,96,23624,4514,gQ7l_hav-bA
2026-09-07 08:20:47,港区パセリ,2214427,64,25024,6147,aLu4oyQ2zdw
2026-09-07 08:20:47,死んだふり,1968720,51,31599,5369,WNH_ReRMt5k
2026-09-07 08:20:47,Make or Break,3384590,0,43201,13409,nTxTTZ0QLrI
2026-09-07 08:20:47,Addiction,3560505,47,44524,10282,ReuFa_D1Vok
2026-09-07 08:20:47,Nightmare症候群,2118070,25,32993,6758,Grx5AhU14QU
2026-09-07 08:20:47,Nothing special,1628713,-1,25519,5483,WdUBD5slEnc
2026-09-07 08:20:47,UDAGAWA GENERATION,6530572,98,59219,22703,qP52sh7PzYA
2026-09-07 08:20:47,本質的なこと,2824696,44,33805,6276,iZhbx2mcmug
2026-09-07 08:20:47,僕は僕を好きになれない,2039197,17,29908,8909,Ktu_LGjGd7A
2026-09-07 08:20:47,引きこもる時間はない,2074049,24,26474,4800,KYvq8-xY1Gg
2026-09-07 08:20:47,愛し合いなさい,1608851,51,24714,5875,MAP3cnAexxM
2026-09-07 08:20:47,自業自得,9733072,69,81081,50226,Rs-Y9MtHsoo
2026-09-07 08:20:47,何度　LOVE SONGの歌詞を読み返しただろう,4302125,23,37312,6973,tltXZSiAAdQ
2026-09-07 08:20:47,油を注せ！,2255393,21,28147,11902,x9a0_2aGeWU
2026-09-07 08:20:47,何歳の頃に戻りたいのか？,9508604,65,71581,27139,7xx66mR_HeE
2026-09-07 08:20:47,君がサヨナラ言えたって・・・,1376868,18,26226,4795,1SQWKDr_GfA
2026-09-07 08:20:47,隙間風よ,2963601,0,32035,9058,5Z4emyH-fME
2026-09-07 08:20:47,マモリビト,2959345,30,31353,10065,I8JZbNTl5rM
2026-09-07 08:20:47,承認欲求,8837184,58,72561,25170,x_BjvhMW9TE
2026-09-07 08:20:47,ドローン旋回中,2758118,1,31568,6231,rNwzfyr07SM
2026-09-07 08:20:47,静寂の暴力,6702272,95,53718,12080,uhbvX4GUrpE
2026-09-07 08:20:47,Start over!,14949091,83,109278,64363,YJRFD1AdaUE
2026-09-07 08:20:47,夏の近道,8888265,56,56779,12481,nV1DHIWSdEo
2026-09-07 08:20:47,Cool,4085501,2,38557,11162,XEKPn3WbksE
2026-09-07 08:20:47,桜月,11042343,42,69892,29123,zKLgrxHDgls
2026-09-07 08:20:47,その日まで,2673000,17,55602,5352,F2lWsUJotmc
2026-09-07 08:20:47,摩擦係数,9927548,39,73246,14321,D8piCp9XMKA
2026-09-07 08:20:47,車間距離,2313058,27,29047,3405,MKXSWXlSOB0
2026-09-07 08:20:47,僕のジレンマ,3886508,14,48264,5587,ZBk4V-uqcXs
2026-09-07 08:20:47,五月雨よ,9230083,28,72824,12979,3boaeE3dwMs
2026-09-07 08:20:47,無言の宇宙,6532274,27,53930,7560,7GZGTse6dUs
2026-09-07 08:20:47,Dead end,5738819,20,54366,7203,FEfJB32wvsk
2026-09-07 08:20:47,流れ弾,11593620,16,92168,22392,drCopBcrxRM
2026-09-07 08:20:47,思ったよりも寂しくない,4781977,53,51478,6450,D0W44Z3D3wo
2026-09-07 08:20:47,偶然の答え,5660196,0,59194,8136,_ZCf_iLMwn0
2026-09-07 08:20:47,BAN,14138284,20,97941,18412,fPZ37t3nvco
2026-09-07 08:20:47,Buddies,5854559,0,63145,9235,yT5S7Cy5cCE
2026-09-07 08:20:47,なぜ　恋をして来なかったんだろう？,14475463,87,110697,17059,S4gEJIyLHlM
2026-09-07 08:20:47,Nobady's fault,8542617,82,99730,15504,fagRTasDcKo
2026-09-07 10:52:59,光源,1605476,370,24162,4981,7pusekGNE-o
2026-09-07 10:52:59,The growing up train,2856470,423,39899,18428,Rk54JNn7Qw4
2026-09-07 10:52:59,木枯らしは泣かない,1198421,61,22769,5029,aQ1iXj4oXfI
2026-09-07 10:52:59,Unhappy birthday構文,4167786,480,48481,30180,hBfDlIN0WtI
2026-09-07 10:52:59,Alter ego,1561267,125,23624,4514,gQ7l_hav-bA
2026-09-07 10:52:59,港区パセリ,2214634,207,25024,6147,aLu4oyQ2zdw
2026-09-07 10:52:59,死んだふり,1968828,108,31599,5369,WNH_ReRMt5k
2026-09-07 10:52:59,Make or Break,3384729,139,43201,13409,nTxTTZ0QLrI
2026-09-07 10:52:59,Addiction,3560720,215,44524,10282,ReuFa_D1Vok
2026-09-07 10:52:59,Nightmare症候群,2118070,0,32993,6758,Grx5AhU14QU
2026-09-07 10:52:59,Nothing special,1628756,43,25519,5483,WdUBD5slEnc
2026-09-07 10:52:59,UDAGAWA GENERATION,6530863,291,59219,22703,qP52sh7PzYA
2026-09-07 10:52:59,本質的なこと,2824812,116,33806,6276,iZhbx2mcmug
2026-09-07 10:52:59,僕は僕を好きになれない,2039198,1,29908,8909,Ktu_LGjGd7A
2026-09-07 10:52:59,引きこもる時間はない,2074049,0,26474,4800,KYvq8-xY1Gg
2026-09-07 10:52:59,愛し合いなさい,1608851,0,24714,5875,MAP3cnAexxM
2026-09-07 10:52:59,自業自得,9733371,299,81081,50227,Rs-Y9MtHsoo
2026-09-07 10:52:59,何度　LOVE SONGの歌詞を読み返しただろう,4302254,129,37312,6973,tltXZSiAAdQ
2026-09-07 10:52:59,油を注せ！,2255393,0,28147,11902,x9a0_2aGeWU
2026-09-07 10:52:59,何歳の頃に戻りたいのか？,9508835,231,71582,27139,7xx66mR_HeE
2026-09-07 10:52:59,君がサヨナラ言えたって・・・,1376868,0,26226,4795,1SQWKDr_GfA
2026-09-07 10:52:59,隙間風よ,2963645,44,32035,9058,5Z4emyH-fME
2026-09-07 10:52:59,マモリビト,2959442,97,31353,10066,I8JZbNTl5rM
2026-09-07 10:52:59,承認欲求,8837366,182,72562,25170,x_BjvhMW9TE
2026-09-07 10:52:59,ドローン旋回中,2758182,64,31568,6231,rNwzfyr07SM
2026-09-07 10:52:59,静寂の暴力,6702411,139,53717,12080,uhbvX4GUrpE
2026-09-07 10:52:59,Start over!,14949394,303,109279,64363,YJRFD1AdaUE
2026-09-07 10:52:59,夏の近道,8888513,248,56781,12481,nV1DHIWSdEo
2026-09-07 10:52:59,Cool,4085552,51,38557,11162,XEKPn3WbksE
2026-09-07 10:52:59,桜月,11042609,266,69892,29124,zKLgrxHDgls
2026-09-07 10:52:59,その日まで,2673051,51,55602,5352,F2lWsUJotmc
2026-09-07 10:52:59,摩擦係数,9927732,184,73246,14321,D8piCp9XMKA
2026-09-07 10:52:59,車間距離,2313058,0,29047,3405,MKXSWXlSOB0
2026-09-07 10:52:59,僕のジレンマ,3886565,57,48264,5587,ZBk4V-uqcXs
2026-09-07 10:52:59,五月雨よ,9230113,30,72824,12979,3boaeE3dwMs
2026-09-07 10:52:59,無言の宇宙,6532381,107,53931,7560,7GZGTse6dUs
2026-09-07 10:52:59,Dead end,5738893,74,54366,7203,FEfJB32wvsk
2026-09-07 10:52:59,流れ弾,11593743,123,92168,22393,drCopBcrxRM
2026-09-07 10:52:59,思ったよりも寂しくない,4782022,45,51478,6450,D0W44Z3D3wo
2026-09-07 10:52:59,偶然の答え,5660262,66,59194,8136,_ZCf_iLMwn0
2026-09-07 10:52:59,BAN,14138411,127,97941,18412,fPZ37t3nvco
2026-09-07 10:52:59,Buddies,5854589,30,63145,9235,yT5S7Cy5cCE
2026-09-07 10:52:59,なぜ　恋をして来なかったんだろう？,14475624,161,110696,17059,S4gEJIyLHlM
2026-09-07 10:52:59,Nobady's fault,8542620,3,99730,15504,fagRTasDcKo
2026-09-07 15:47:34,光源,1606016,540,24163,4981,7pusekGNE-o
2026-09-07 15:47:34,The growing up train,2857044,574,39900,18428,Rk54JNn7Qw4
2026-09-07 15:47:34,木枯らしは泣かない,1198512,91,22769,5029,aQ1iXj4oXfI
2026-09-07 15:47:34,Unhappy birthday構文,4168627,841,48483,30180,hBfDlIN0WtI
2026-09-07 15:47:34,Alter ego,1561391,124,23624,4514,gQ7l_hav-bA
2026-09-07 15:47:34,港区パセリ,2215036,402,25024,6147,aLu4oyQ2zdw
2026-09-07 15:47:34,死んだふり,1969057,229,31600,5369,WNH_ReRMt5k
2026-09-07 15:47:34,Make or Break,3385237,508,43204,13409,nTxTTZ0QLrI
2026-09-07 15:47:34,Addiction,3561026,306,44525,10282,ReuFa_D1Vok
2026-09-07 15:47:34,Nightmare症候群,2118358,288,32994,6758,Grx5AhU14QU
2026-09-07 15:47:34,Nothing special,1628913,157,25519,5483,WdUBD5slEnc
2026-09-07 15:47:34,UDAGAWA GENERATION,6531295,432,59222,22703,qP52sh7PzYA
2026-09-07 15:47:34,本質的なこと,2824972,160,33806,6276,iZhbx2mcmug
2026-09-07 15:47:34,僕は僕を好きになれない,2039279,81,29908,8909,Ktu_LGjGd7A
2026-09-07 15:47:34,引きこもる時間はない,2074155,106,26474,4800,KYvq8-xY1Gg
2026-09-07 15:47:34,愛し合いなさい,1608937,86,24715,5875,MAP3cnAexxM
2026-09-07 15:47:34,自業自得,9733893,522,81081,50229,Rs-Y9MtHsoo
2026-09-07 15:47:34,何度　LOVE SONGの歌詞を読み返しただろう,4302438,184,37313,6973,tltXZSiAAdQ
2026-09-07 15:47:34,油を注せ！,2255491,98,28147,11902,x9a0_2aGeWU
2026-09-07 15:47:34,何歳の頃に戻りたいのか？,9509215,380,71583,27139,7xx66mR_HeE
2026-09-07 15:47:34,君がサヨナラ言えたって・・・,1376931,63,26226,4795,1SQWKDr_GfA
2026-09-07 15:47:34,隙間風よ,2963720,75,32035,9058,5Z4emyH-fME
2026-09-07 15:47:34,マモリビト,2959586,144,31354,10066,I8JZbNTl5rM
2026-09-07 15:47:34,承認欲求,8837685,319,72563,25170,x_BjvhMW9TE
2026-09-07 15:47:34,ドローン旋回中,2758285,103,31568,6231,rNwzfyr07SM
2026-09-07 15:47:34,静寂の暴力,6702505,94,53717,12080,uhbvX4GUrpE
2026-09-07 15:47:34,Start over!,14949833,439,109281,64363,YJRFD1AdaUE
2026-09-07 15:47:34,夏の近道,8889004,491,56783,12481,nV1DHIWSdEo
2026-09-07 15:47:34,Cool,4085684,132,38557,11162,XEKPn3WbksE
2026-09-07 15:47:34,桜月,11043076,467,69892,29124,zKLgrxHDgls
2026-09-07 15:47:34,その日まで,2673091,40,55602,5352,F2lWsUJotmc
2026-09-07 15:47:34,摩擦係数,9927986,254,73246,14321,D8piCp9XMKA
2026-09-07 15:47:34,車間距離,2313073,15,29047,3405,MKXSWXlSOB0
2026-09-07 15:47:34,僕のジレンマ,3886658,93,48265,5587,ZBk4V-uqcXs
2026-09-07 15:47:34,五月雨よ,9230351,238,72824,12979,3boaeE3dwMs
2026-09-07 15:47:34,無言の宇宙,6532478,97,53931,7560,7GZGTse6dUs
2026-09-07 15:47:34,Dead end,5739001,108,54367,7203,FEfJB32wvsk
2026-09-07 15:47:34,流れ弾,11593985,242,92170,22393,drCopBcrxRM
2026-09-07 15:47:34,思ったよりも寂しくない,4782077,55,51478,6450,D0W44Z3D3wo
2026-09-07 15:47:34,偶然の答え,5660441,179,59194,8136,_ZCf_iLMwn0
2026-09-07 15:47:34,BAN,14138593,182,97941,18412,fPZ37t3nvco
2026-09-07 15:47:34,Buddies,5854646,57,63145,9235,yT5S7Cy5cCE
2026-09-07 15:47:34,なぜ　恋をして来なかったんだろう？,14475864,240,110697,17059,S4gEJIyLHlM
2026-09-07 15:47:34,Nobady's fault,8542764,144,99734,15504,fagRTasDcKo
2026-09-07 22:08:28,光源,1606968,952,24170,4983,7pusekGNE-o
2026-09-07 22:08:28,The growing up train,2858222,1178,39900,18429,Rk54JNn7Qw4
2026-09-07 22:08:28,木枯らしは泣かない,1198798,286,22770,5029,aQ1iXj4oXfI
2026-09-07 22:08:28,Unhappy birthday構文,4169972,1345,48484,30181,hBfDlIN0WtI
2026-09-07 22:08:28,Alter ego,1561868,477,23625,4514,gQ7l_hav-bA
2026-09-07 22:08:28,港区パセリ,2215804,768,25024,6147,aLu4oyQ2zdw
2026-09-07 22:08:28,死んだふり,1969423,366,31600,5369,WNH_ReRMt5k
2026-09-07 22:08:28,Make or Break,3385789,552,43205,13409,nTxTTZ0QLrI
2026-09-07 22:08:28,Addiction,3561592,566,44528,10282,ReuFa_D1Vok
2026-09-07 22:08:28,Nightmare症候群,2118785,427,32997,6758,Grx5AhU14QU
2026-09-07 22:08:28,Nothing special,1629129,216,25520,5483,WdUBD5slEnc
2026-09-07 22:08:28,UDAGAWA GENERATION,6532116,821,59224,22703,qP52sh7PzYA
2026-09-07 22:08:28,本質的なこと,2825384,412,33805,6276,iZhbx2mcmug
2026-09-07 22:08:28,僕は僕を好きになれない,2039449,170,29909,8909,Ktu_LGjGd7A
2026-09-07 22:08:28,引きこもる時間はない,2074342,187,26476,4800,KYvq8-xY1Gg
2026-09-07 22:08:28,愛し合いなさい,1609067,130,24715,5875,MAP3cnAexxM
2026-09-07 22:08:28,自業自得,9734800,907,81082,50229,Rs-Y9MtHsoo
2026-09-07 22:08:28,何度　LOVE SONGの歌詞を読み返しただろう,4302964,526,37314,6973,tltXZSiAAdQ
2026-09-07 22:08:28,油を注せ！,2255577,86,28147,11902,x9a0_2aGeWU
2026-09-07 22:08:28,何歳の頃に戻りたいのか？,9509928,713,71584,27140,7xx66mR_HeE
2026-09-07 22:08:28,君がサヨナラ言えたって・・・,1377017,86,26227,4795,1SQWKDr_GfA
2026-09-07 22:08:28,隙間風よ,2963925,205,32035,9058,5Z4emyH-fME
2026-09-07 22:08:28,マモリビト,2959822,236,31355,10066,I8JZbNTl5rM
2026-09-07 22:08:28,承認欲求,8838316,631,72564,25170,x_BjvhMW9TE
2026-09-07 22:08:28,ドローン旋回中,2758508,223,31568,6231,rNwzfyr07SM
2026-09-07 22:08:28,静寂の暴力,6703087,582,53718,12081,uhbvX4GUrpE
2026-09-07 22:08:28,Start over!,14950715,882,109283,64363,YJRFD1AdaUE
2026-09-07 22:08:28,夏の近道,8889784,780,56786,12481,nV1DHIWSdEo
2026-09-07 22:08:28,Cool,4085919,235,38560,11163,XEKPn3WbksE
2026-09-07 22:08:28,桜月,11043912,836,69895,29124,zKLgrxHDgls
2026-09-07 22:08:28,その日まで,2673275,184,55602,5352,F2lWsUJotmc
2026-09-07 22:08:28,摩擦係数,9928480,494,73249,14321,D8piCp9XMKA
2026-09-07 22:08:28,車間距離,2313190,117,29047,3405,MKXSWXlSOB0
2026-09-07 22:08:28,僕のジレンマ,3886820,162,48266,5587,ZBk4V-uqcXs
2026-09-07 22:08:28,五月雨よ,9230731,380,72825,12979,3boaeE3dwMs
2026-09-07 22:08:28,無言の宇宙,6532828,350,53935,7560,7GZGTse6dUs
2026-09-07 22:08:28,Dead end,5739250,249,54369,7203,FEfJB32wvsk
2026-09-07 22:08:28,流れ弾,11594390,405,92172,22393,drCopBcrxRM
2026-09-07 22:08:28,思ったよりも寂しくない,4782233,156,51478,6450,D0W44Z3D3wo
2026-09-07 22:08:28,偶然の答え,5660723,282,59195,8136,_ZCf_iLMwn0
2026-09-07 22:08:28,BAN,14139006,413,97940,18412,fPZ37t3nvco
2026-09-07 22:08:28,Buddies,5854858,212,63148,9235,yT5S7Cy5cCE
2026-09-07 22:08:28,なぜ　恋をして来なかったんだろう？,14476293,429,110699,17059,S4gEJIyLHlM
2026-09-07 22:08:28,Nobady's fault,8543066,302,99735,15504,fagRTasDcKo
2026-09-08 03:29:13,光源,1608466,1498,24174,4984,7pusekGNE-o
2026-09-08 03:29:13,The growing up train,2859136,914,39902,18429,Rk54JNn7Qw4
2026-09-08 03:29:13,木枯らしは泣かない,1199155,357,22771,5029,aQ1iXj4oXfI
2026-09-08 03:29:13,Unhappy birthday構文,4171747,1775,48486,30182,hBfDlIN0WtI
2026-09-08 03:29:13,Alter ego,1562394,526,23629,4514,gQ7l_hav-bA
2026-09-08 03:29:13,港区パセリ,2216755,951,25028,6147,aLu4oyQ2zdw
2026-09-08 03:29:13,死んだふり,1969945,522,31601,5369,WNH_ReRMt5k
2026-09-08 03:29:13,Make or Break,3386536,747,43206,13409,nTxTTZ0QLrI
2026-09-08 03:29:13,Addiction,3562409,817,44531,10283,ReuFa_D1Vok
2026-09-08 03:29:13,Nightmare症候群,2119253,468,33000,6758,Grx5AhU14QU
2026-09-08 03:29:13,Nothing special,1629296,167,25520,5483,WdUBD5slEnc
2026-09-08 03:29:13,UDAGAWA GENERATION,6533117,1001,59226,22703,qP52sh7PzYA
2026-09-08 03:29:13,本質的なこと,2825969,585,33807,6275,iZhbx2mcmug
2026-09-08 03:29:13,僕は僕を好きになれない,2039608,159,29909,8909,Ktu_LGjGd7A
2026-09-08 03:29:13,引きこもる時間はない,2074514,172,26476,4800,KYvq8-xY1Gg
2026-09-08 03:29:13,愛し合いなさい,1609155,88,24715,5875,MAP3cnAexxM
2026-09-08 03:29:13,自業自得,9736007,1207,81082,50229,Rs-Y9MtHsoo
2026-09-08 03:29:13,何度　LOVE SONGの歌詞を読み返しただろう,4303596,632,37316,6973,tltXZSiAAdQ
2026-09-08 03:29:13,油を注せ！,2255835,258,28148,11902,x9a0_2aGeWU
2026-09-08 03:29:13,何歳の頃に戻りたいのか？,9510806,878,71586,27140,7xx66mR_HeE
2026-09-08 03:29:13,君がサヨナラ言えたって・・・,1377107,90,26229,4795,1SQWKDr_GfA
2026-09-08 03:29:13,隙間風よ,2964148,223,32037,9058,5Z4emyH-fME
2026-09-08 03:29:13,マモリビト,2960141,319,31358,10066,I8JZbNTl5rM
2026-09-08 03:29:13,承認欲求,8839021,705,72568,25170,x_BjvhMW9TE
2026-09-08 03:29:13,ドローン旋回中,2758788,280,31571,6231,rNwzfyr07SM
2026-09-08 03:29:13,静寂の暴力,6703734,647,53719,12081,uhbvX4GUrpE
2026-09-08 03:29:13,Start over!,14951737,1022,109285,64363,YJRFD1AdaUE
2026-09-08 03:29:13,夏の近道,8890815,1031,56789,12481,nV1DHIWSdEo
2026-09-08 03:29:13,Cool,4086234,315,38560,11163,XEKPn3WbksE
2026-09-08 03:29:13,桜月,11044925,1013,69895,29124,zKLgrxHDgls
2026-09-08 03:29:13,その日まで,2673376,101,55602,5352,F2lWsUJotmc
2026-09-08 03:29:13,摩擦係数,9929107,627,73250,14321,D8piCp9XMKA
2026-09-08 03:29:13,車間距離,2313289,99,29047,3405,MKXSWXlSOB0
2026-09-08 03:29:13,僕のジレンマ,3886981,161,48268,5587,ZBk4V-uqcXs
2026-09-08 03:29:13,五月雨よ,9231199,468,72828,12979,3boaeE3dwMs
2026-09-08 03:29:13,無言の宇宙,6533230,402,53938,7560,7GZGTse6dUs
2026-09-08 03:29:13,Dead end,5739585,335,54370,7204,FEfJB32wvsk
2026-09-08 03:29:13,流れ弾,11594956,566,92172,22393,drCopBcrxRM
2026-09-08 03:29:13,思ったよりも寂しくない,4782333,100,51476,6450,D0W44Z3D3wo
2026-09-08 03:29:13,偶然の答え,5661023,300,59198,8136,_ZCf_iLMwn0
2026-09-08 03:29:13,BAN,14139575,569,97941,18412,fPZ37t3nvco
2026-09-08 03:29:13,Buddies,5855012,154,63146,9235,yT5S7Cy5cCE
2026-09-08 03:29:13,なぜ　恋をして来なかったんだろう？,14476890,597,110699,17059,S4gEJIyLHlM
2026-09-08 03:29:13,Nobady's fault,8543341,275,99734,15504,fagRTasDcKo
2026-09-08 06:50:34,光源,1608721,255,24174,4984,7pusekGNE-o
2026-09-08 06:50:34,The growing up train,2859874,738,39903,18430,Rk54JNn7Qw4
2026-09-08 06:50:34,木枯らしは泣かない,1199217,62,22770,5030,aQ1iXj4oXfI
2026-09-08 06:50:34,Unhappy birthday構文,4172070,323,48487,30182,hBfDlIN0WtI
2026-09-08 06:50:34,Alter ego,1562463,69,23628,4514,gQ7l_hav-bA
2026-09-08 06:50:34,港区パセリ,2216960,205,25029,6148,aLu4oyQ2zdw
2026-09-08 06:50:34,死んだふり,1970068,123,31601,5369,WNH_ReRMt5k
2026-09-08 06:50:34,Make or Break,3386696,160,43205,13409,nTxTTZ0QLrI
2026-09-08 06:50:34,Addiction,3562582,173,44532,10283,ReuFa_D1Vok
2026-09-08 06:50:34,Nightmare症候群,2119329,76,32999,6758,Grx5AhU14QU
2026-09-08 06:50:34,Nothing special,1629431,135,25520,5483,WdUBD5slEnc
2026-09-08 06:50:34,UDAGAWA GENERATION,6533225,108,59226,22703,qP52sh7PzYA
2026-09-08 06:50:34,本質的なこと,2826117,148,33806,6275,iZhbx2mcmug
2026-09-08 06:50:34,僕は僕を好きになれない,2039698,90,29908,8909,Ktu_LGjGd7A
2026-09-08 06:50:34,引きこもる時間はない,2074578,64,26476,4800,KYvq8-xY1Gg
2026-09-08 06:50:34,愛し合いなさい,1609209,54,24715,5875,MAP3cnAexxM
2026-09-08 06:50:34,自業自得,9736235,228,81081,50233,Rs-Y9MtHsoo
2026-09-08 06:50:34,何度　LOVE SONGの歌詞を読み返しただろう,4303733,137,37316,6973,tltXZSiAAdQ
2026-09-08 06:50:34,油を注せ！,2255881,46,28148,11902,x9a0_2aGeWU
2026-09-08 06:50:34,何歳の頃に戻りたいのか？,9510997,191,71587,27140,7xx66mR_HeE
2026-09-08 06:50:34,君がサヨナラ言えたって・・・,1377147,40,26229,4795,1SQWKDr_GfA
2026-09-08 06:50:34,隙間風よ,2964265,117,32037,9058,5Z4emyH-fME
2026-09-08 06:50:34,マモリビト,2960213,72,31358,10068,I8JZbNTl5rM
2026-09-08 06:50:34,承認欲求,8839162,141,72568,25170,x_BjvhMW9TE
2026-09-08 06:50:34,ドローン旋回中,2758904,116,31571,6231,rNwzfyr07SM
2026-09-08 06:50:34,静寂の暴力,6703892,158,53719,12081,uhbvX4GUrpE
2026-09-08 06:50:34,Start over!,14951979,242,109286,64363,YJRFD1AdaUE
2026-09-08 06:50:34,夏の近道,8891068,253,56789,12481,nV1DHIWSdEo
2026-09-08 06:50:34,Cool,4086295,61,38562,11163,XEKPn3WbksE
2026-09-08 06:50:34,桜月,11045193,268,69895,29124,zKLgrxHDgls
2026-09-08 06:50:34,その日まで,2673443,67,55602,5352,F2lWsUJotmc
2026-09-08 06:50:34,摩擦係数,9929191,84,73250,14321,D8piCp9XMKA
2026-09-08 06:50:34,車間距離,2313321,32,29047,3405,MKXSWXlSOB0
2026-09-08 06:50:34,僕のジレンマ,3887072,91,48268,5587,ZBk4V-uqcXs
2026-09-08 06:50:34,五月雨よ,9231286,87,72828,12979,3boaeE3dwMs
2026-09-08 06:50:34,無言の宇宙,6533283,53,53938,7560,7GZGTse6dUs
2026-09-08 06:50:34,Dead end,5739668,83,54370,7204,FEfJB32wvsk
2026-09-08 06:50:34,流れ弾,11595002,46,92172,22393,drCopBcrxRM
2026-09-08 06:50:34,思ったよりも寂しくない,4782398,65,51476,6450,D0W44Z3D3wo
2026-09-08 06:50:34,偶然の答え,5661097,74,59198,8136,_ZCf_iLMwn0
2026-09-08 06:50:34,BAN,14139710,135,97942,18412,fPZ37t3nvco
2026-09-08 06:50:34,Buddies,5855012,0,63146,9235,yT5S7Cy5cCE
2026-09-08 06:50:34,なぜ　恋をして来なかったんだろう？,14476980,90,110699,17059,S4gEJIyLHlM
2026-09-08 06:50:34,Nobady's fault,8543427,86,99734,15504,fagRTasDcKo
2026-09-08 08:51:24,光源,1608897,176,24175,4984,7pusekGNE-o
2026-09-08 08:51:24,The growing up train,2860113,239,39903,18430,Rk54JNn7Qw4
2026-09-08 08:51:24,木枯らしは泣かない,1199230,13,22770,5030,aQ1iXj4oXfI
2026-09-08 08:51:24,Unhappy birthday構文,4172314,244,48488,30184,hBfDlIN0WtI
2026-09-08 08:51:24,Alter ego,1562589,126,23628,4514,gQ7l_hav-bA
2026-09-08 08:51:24,港区パセリ,2216960,0,25029,6148,aLu4oyQ2zdw
2026-09-08 08:51:24,死んだふり,1970073,5,31601,5369,WNH_ReRMt5k
2026-09-08 08:51:24,Make or Break,3386796,100,43205,13409,nTxTTZ0QLrI
2026-09-08 08:51:24,Addiction,3562699,117,44533,10283,ReuFa_D1Vok
2026-09-08 08:51:24,Nightmare症候群,2119332,3,32999,6758,Grx5AhU14QU
2026-09-08 08:51:24,Nothing special,1629481,50,25520,5483,WdUBD5slEnc
2026-09-08 08:51:24,UDAGAWA GENERATION,6533485,260,59226,22703,qP52sh7PzYA
2026-09-08 08:51:24,本質的なこと,2826117,0,33806,6275,iZhbx2mcmug
2026-09-08 08:51:24,僕は僕を好きになれない,2039745,47,29908,8909,Ktu_LGjGd7A
2026-09-08 08:51:24,引きこもる時間はない,2074596,18,26475,4800,KYvq8-xY1Gg
2026-09-08 08:51:24,愛し合いなさい,1609252,43,24714,5875,MAP3cnAexxM
2026-09-08 08:51:24,自業自得,9736433,198,81081,50233,Rs-Y9MtHsoo
2026-09-08 08:51:24,何度　LOVE SONGの歌詞を読み返しただろう,4303811,78,37317,6973,tltXZSiAAdQ
2026-09-08 08:51:24,油を注せ！,2255933,52,28147,11902,x9a0_2aGeWU
2026-09-08 08:51:24,何歳の頃に戻りたいのか？,9511127,130,71588,27140,7xx66mR_HeE
2026-09-08 08:51:24,君がサヨナラ言えたって・・・,1377169,22,26229,4795,1SQWKDr_GfA
2026-09-08 08:51:24,隙間風よ,2964297,32,32037,9058,5Z4emyH-fME
2026-09-08 08:51:24,マモリビト,2960217,4,31358,10068,I8JZbNTl5rM
2026-09-08 08:51:24,承認欲求,8839354,192,72568,25170,x_BjvhMW9TE
2026-09-08 08:51:24,ドローン旋回中,2758956,52,31571,6231,rNwzfyr07SM
2026-09-08 08:51:24,静寂の暴力,6703897,5,53719,12081,uhbvX4GUrpE
2026-09-08 08:51:24,Start over!,14952132,153,109286,64364,YJRFD1AdaUE
2026-09-08 08:51:24,夏の近道,8891225,157,56789,12481,nV1DHIWSdEo
2026-09-08 08:51:24,Cool,4086295,0,38562,11163,XEKPn3WbksE
2026-09-08 08:51:24,桜月,11045350,157,69896,29124,zKLgrxHDgls
2026-09-08 08:51:24,その日まで,2673461,18,55602,5352,F2lWsUJotmc
2026-09-08 08:51:24,摩擦係数,9929329,138,73251,14321,D8piCp9XMKA
2026-09-08 08:51:24,車間距離,2313334,13,29047,3405,MKXSWXlSOB0
2026-09-08 08:51:24,僕のジレンマ,3887126,54,48269,5587,ZBk4V-uqcXs
2026-09-08 08:51:24,五月雨よ,9231357,71,72828,12979,3boaeE3dwMs
2026-09-08 08:51:24,無言の宇宙,6533354,71,53938,7560,7GZGTse6dUs
2026-09-08 08:51:24,Dead end,5739695,27,54370,7204,FEfJB32wvsk
2026-09-08 08:51:24,流れ弾,11595146,144,92173,22393,drCopBcrxRM
2026-09-08 08:51:24,思ったよりも寂しくない,4782447,49,51476,6450,D0W44Z3D3wo
2026-09-08 08:51:24,偶然の答え,5661132,35,59198,8136,_ZCf_iLMwn0
2026-09-08 08:51:24,BAN,14139780,70,97943,18412,fPZ37t3nvco
2026-09-08 08:51:24,Buddies,5855054,42,63146,9235,yT5S7Cy5cCE
2026-09-08 08:51:24,なぜ　恋をして来なかったんだろう？,14477112,132,110698,17059,S4gEJIyLHlM
2026-09-08 08:51:24,Nobady's fault,8543491,64,99733,15504,fagRTasDcKo
2026-09-08 11:04:06,光源,1609330,433,24176,4984,7pusekGNE-o
2026-09-08 11:04:06,The growing up train,2860566,453,39903,18430,Rk54JNn7Qw4
2026-09-08 11:04:06,木枯らしは泣かない,1199325,95,22770,5030,aQ1iXj4oXfI
2026-09-08 11:04:06,Unhappy birthday構文,4172804,490,48489,30184,hBfDlIN0WtI
2026-09-08 11:04:06,Alter ego,1562730,141,23628,4514,gQ7l_hav-bA
2026-09-08 11:04:06,港区パセリ,2217210,250,25029,6148,aLu4oyQ2zdw
2026-09-08 11:04:06,死んだふり,1970209,136,31602,5369,WNH_ReRMt5k
2026-09-08 11:04:06,Make or Break,3387030,234,43205,13409,nTxTTZ0QLrI
2026-09-08 11:04:06,Addiction,3562942,243,44533,10283,ReuFa_D1Vok
2026-09-08 11:04:06,Nightmare症候群,2119425,93,32999,6758,Grx5AhU14QU
2026-09-08 11:04:06,Nothing special,1629481,0,25520,5483,WdUBD5slEnc
2026-09-08 11:04:06,UDAGAWA GENERATION,6533806,321,59226,22703,qP52sh7PzYA
2026-09-08 11:04:06,本質的なこと,2826253,136,33806,6275,iZhbx2mcmug
2026-09-08 11:04:06,僕は僕を好きになれない,2039745,0,29908,8909,Ktu_LGjGd7A
2026-09-08 11:04:06,引きこもる時間はない,2074596,0,26475,4800,KYvq8-xY1Gg
2026-09-08 11:04:06,愛し合いなさい,1609280,28,24714,5875,MAP3cnAexxM
2026-09-08 11:04:06,自業自得,9736776,343,81082,50233,Rs-Y9MtHsoo
2026-09-08 11:04:06,何度　LOVE SONGの歌詞を読み返しただろう,4303975,164,37318,6973,tltXZSiAAdQ
2026-09-08 11:04:06,油を注せ！,2255933,0,28147,11902,x9a0_2aGeWU
2026-09-08 11:04:06,何歳の頃に戻りたいのか？,9511362,235,71588,27140,7xx66mR_HeE
2026-09-08 11:04:06,君がサヨナラ言えたって・・・,1377167,-2,26229,4795,1SQWKDr_GfA
2026-09-08 11:04:06,隙間風よ,2964376,79,32039,9058,5Z4emyH-fME
2026-09-08 11:04:06,マモリビト,2960318,101,31358,10068,I8JZbNTl5rM
2026-09-08 11:04:06,承認欲求,8839573,219,72568,25171,x_BjvhMW9TE
2026-09-08 11:04:06,ドローン旋回中,2758956,0,31571,6231,rNwzfyr07SM
2026-09-08 11:04:06,静寂の暴力,6704071,174,53719,12081,uhbvX4GUrpE
2026-09-08 11:04:06,Start over!,14952446,314,109286,64364,YJRFD1AdaUE
2026-09-08 11:04:06,夏の近道,8891516,291,56790,12481,nV1DHIWSdEo
2026-09-08 11:04:06,Cool,4086383,88,38562,11164,XEKPn3WbksE
2026-09-08 11:04:06,桜月,11045634,284,69897,29124,zKLgrxHDgls
2026-09-08 11:04:06,その日まで,2673526,65,55602,5352,F2lWsUJotmc
2026-09-08 11:04:06,摩擦係数,9929534,205,73251,14322,D8piCp9XMKA
2026-09-08 11:04:06,車間距離,2313334,0,29047,3405,MKXSWXlSOB0
2026-09-08 11:04:06,僕のジレンマ,3887196,70,48269,5587,ZBk4V-uqcXs
2026-09-08 11:04:06,五月雨よ,9231422,65,72828,12979,3boaeE3dwMs
2026-09-08 11:04:06,無言の宇宙,6533352,-2,53938,7560,7GZGTse6dUs
2026-09-08 11:04:06,Dead end,5739790,95,54370,7204,FEfJB32wvsk
2026-09-08 11:04:06,流れ弾,11595284,138,92173,22393,drCopBcrxRM
2026-09-08 11:04:06,思ったよりも寂しくない,4782446,-1,51476,6450,D0W44Z3D3wo
2026-09-08 11:04:06,偶然の答え,5661180,48,59199,8136,_ZCf_iLMwn0
2026-09-08 11:04:06,BAN,14139925,145,97943,18412,fPZ37t3nvco
2026-09-08 11:04:06,Buddies,5855109,55,63146,9235,yT5S7Cy5cCE
2026-09-08 11:04:06,なぜ　恋をして来なかったんだろう？,14477262,150,110698,17059,S4gEJIyLHlM
2026-09-08 11:04:06,Nobady's fault,8543527,36,99733,15504,fagRTasDcKo
2026-09-08 16:33:03,光源,1610112,782,24178,4984,7pusekGNE-o
2026-09-08 16:33:03,The growing up train,2861392,826,39902,18431,Rk54JNn7Qw4
2026-09-08 16:33:03,木枯らしは泣かない,1199493,168,22771,5030,aQ1iXj4oXfI
2026-09-08 16:33:03,Unhappy birthday構文,4173660,856,48490,30184,hBfDlIN0WtI
2026-09-08 16:33:03,Alter ego,1563016,286,23628,4514,gQ7l_hav-bA
2026-09-08 16:33:03,港区パセリ,2217836,626,25029,6148,aLu4oyQ2zdw
2026-09-08 16:33:03,死んだふり,1970486,277,31603,5369,WNH_ReRMt5k
2026-09-08 16:33:03,Make or Break,3387480,450,43205,13409,nTxTTZ0QLrI
2026-09-08 16:33:03,Addiction,3563367,425,44532,10283,ReuFa_D1Vok
2026-09-08 16:33:03,Nightmare症候群,2119596,171,32999,6758,Grx5AhU14QU
2026-09-08 16:33:03,Nothing special,1629699,218,25521,5483,WdUBD5slEnc
2026-09-08 16:33:03,UDAGAWA GENERATION,6534397,591,59224,22703,qP52sh7PzYA
2026-09-08 16:33:03,本質的なこと,2826643,390,33806,6275,iZhbx2mcmug
2026-09-08 16:33:03,僕は僕を好きになれない,2039933,188,29908,8909,Ktu_LGjGd7A
2026-09-08 16:33:03,引きこもる時間はない,2074710,114,26475,4800,KYvq8-xY1Gg
2026-09-08 16:33:03,愛し合いなさい,1609371,91,24714,5875,MAP3cnAexxM
2026-09-08 16:33:03,自業自得,9737500,724,81085,50233,Rs-Y9MtHsoo
2026-09-08 16:33:03,何度　LOVE SONGの歌詞を読み返しただろう,4304313,338,37319,6973,tltXZSiAAdQ
2026-09-08 16:33:03,油を注せ！,2256062,129,28148,11902,x9a0_2aGeWU
2026-09-08 16:33:03,何歳の頃に戻りたいのか？,9511880,518,71589,27140,7xx66mR_HeE
2026-09-08 16:33:03,君がサヨナラ言えたって・・・,1377259,92,26228,4795,1SQWKDr_GfA
2026-09-08 16:33:03,隙間風よ,2964523,147,32041,9058,5Z4emyH-fME
2026-09-08 16:33:03,マモリビト,2960523,205,31358,10068,I8JZbNTl5rM
2026-09-08 16:33:03,承認欲求,8840008,435,72570,25170,x_BjvhMW9TE
2026-09-08 16:33:03,ドローン旋回中,2759183,227,31572,6231,rNwzfyr07SM
2026-09-08 16:33:03,静寂の暴力,6704439,368,53720,12081,uhbvX4GUrpE
2026-09-08 16:33:03,Start over!,14953053,607,109285,64364,YJRFD1AdaUE
2026-09-08 16:33:03,夏の近道,8892113,597,56790,12481,nV1DHIWSdEo
2026-09-08 16:33:03,Cool,4086598,215,38563,11164,XEKPn3WbksE
2026-09-08 16:33:03,桜月,11046293,659,69899,29124,zKLgrxHDgls
2026-09-08 16:33:03,その日まで,2673622,96,55602,5352,F2lWsUJotmc
2026-09-08 16:33:03,摩擦係数,9929886,352,73252,14322,D8piCp9XMKA
2026-09-08 16:33:03,車間距離,2313405,71,29047,3405,MKXSWXlSOB0
2026-09-08 16:33:03,僕のジレンマ,3887330,134,48271,5587,ZBk4V-uqcXs
2026-09-08 16:33:03,五月雨よ,9231650,228,72828,12979,3boaeE3dwMs
2026-09-08 16:33:03,無言の宇宙,6533688,336,53939,7560,7GZGTse6dUs
2026-09-08 16:33:03,Dead end,5739945,155,54371,7204,FEfJB32wvsk
2026-09-08 16:33:03,流れ弾,11595584,300,92173,22393,drCopBcrxRM
2026-09-08 16:33:03,思ったよりも寂しくない,4782594,148,51477,6450,D0W44Z3D3wo
2026-09-08 16:33:03,偶然の答え,5661343,163,59199,8136,_ZCf_iLMwn0
2026-09-08 16:33:03,BAN,14140243,318,97945,18412,fPZ37t3nvco
2026-09-08 16:33:03,Buddies,5855204,95,63146,9235,yT5S7Cy5cCE
2026-09-08 16:33:03,なぜ　恋をして来なかったんだろう？,14477555,293,110699,17059,S4gEJIyLHlM
2026-09-08 16:33:03,Nobady's fault,8543684,157,99735,15504,fagRTasDcKo
2026-09-08 21:23:16,光源,1610842,730,24179,4984,7pusekGNE-o
2026-09-08 21:23:16,The growing up train,2862262,870,39905,18431,Rk54JNn7Qw4
2026-09-08 21:23:16,木枯らしは泣かない,1199616,123,22771,5030,aQ1iXj4oXfI
2026-09-08 21:23:16,Unhappy birthday構文,4174758,1098,48493,30185,hBfDlIN0WtI
2026-09-08 21:23:16,Alter ego,1563351,335,23629,4515,gQ7l_hav-bA
2026-09-08 21:23:16,港区パセリ,2218424,588,25029,6148,aLu4oyQ2zdw
2026-09-08 21:23:16,死んだふり,1970719,233,31603,5369,WNH_ReRMt5k
2026-09-08 21:23:16,Make or Break,3387999,519,43208,13409,nTxTTZ0QLrI
2026-09-08 21:23:16,Addiction,3563869,502,44532,10283,ReuFa_D1Vok
2026-09-08 21:23:16,Nightmare症候群,2119834,238,33001,6758,Grx5AhU14QU
2026-09-08 21:23:16,Nothing special,1629794,95,25522,5483,WdUBD5slEnc
2026-09-08 21:23:16,UDAGAWA GENERATION,6535081,684,59226,22703,qP52sh7PzYA
2026-09-08 21:23:16,本質的なこと,2827004,361,33805,6275,iZhbx2mcmug
2026-09-08 21:23:16,僕は僕を好きになれない,2040091,158,29908,8909,Ktu_LGjGd7A
2026-09-08 21:23:16,引きこもる時間はない,2074839,129,26475,4800,KYvq8-xY1Gg
2026-09-08 21:23:16,愛し合いなさい,1609434,63,24714,5875,MAP3cnAexxM
2026-09-08 21:23:16,自業自得,9738218,718,81087,50233,Rs-Y9MtHsoo
2026-09-08 21:23:16,何度　LOVE SONGの歌詞を読み返しただろう,4304668,355,37320,6973,tltXZSiAAdQ
2026-09-08 21:23:16,油を注せ！,2256207,145,28148,11902,x9a0_2aGeWU
2026-09-08 21:23:16,何歳の頃に戻りたいのか？,9512387,507,71589,27140,7xx66mR_HeE
2026-09-08 21:23:16,君がサヨナラ言えたって・・・,1377285,26,26228,4795,1SQWKDr_GfA
2026-09-08 21:23:16,隙間風よ,2964654,131,32044,9058,5Z4emyH-fME
2026-09-08 21:23:16,マモリビト,2960763,240,31359,10068,I8JZbNTl5rM
2026-09-08 21:23:16,承認欲求,8840514,506,72572,25170,x_BjvhMW9TE
2026-09-08 21:23:16,ドローン旋回中,2759337,154,31574,6231,rNwzfyr07SM
2026-09-08 21:23:16,静寂の暴力,6704771,332,53721,12081,uhbvX4GUrpE
2026-09-08 21:23:16,Start over!,14953681,628,109287,64364,YJRFD1AdaUE
2026-09-08 21:23:16,夏の近道,8892676,563,56791,12481,nV1DHIWSdEo
2026-09-08 21:23:16,Cool,4086772,174,38565,11164,XEKPn3WbksE
2026-09-08 21:23:16,桜月,11046963,670,69900,29124,zKLgrxHDgls
2026-09-08 21:23:16,その日まで,2673683,61,55602,5352,F2lWsUJotmc
2026-09-08 21:23:16,摩擦係数,9930289,403,73253,14322,D8piCp9XMKA
2026-09-08 21:23:16,車間距離,2313497,92,29048,3405,MKXSWXlSOB0
2026-09-08 21:23:16,僕のジレンマ,3887411,81,48271,5587,ZBk4V-uqcXs
2026-09-08 21:23:16,五月雨よ,9232028,378,72829,12979,3boaeE3dwMs
2026-09-08 21:23:16,無言の宇宙,6533900,212,53939,7560,7GZGTse6dUs
2026-09-08 21:23:16,Dead end,5740143,198,54371,7204,FEfJB32wvsk
2026-09-08 21:23:16,流れ弾,11595918,334,92176,22393,drCopBcrxRM
2026-09-08 21:23:16,思ったよりも寂しくない,4782659,65,51477,6450,D0W44Z3D3wo
2026-09-08 21:23:16,偶然の答え,5661562,219,59199,8136,_ZCf_iLMwn0
2026-09-08 21:23:16,BAN,14140606,363,97946,18412,fPZ37t3nvco
2026-09-08 21:23:16,Buddies,5855303,99,63144,9235,yT5S7Cy5cCE
2026-09-08 21:23:16,なぜ　恋をして来なかったんだろう？,14477907,352,110700,17059,S4gEJIyLHlM
2026-09-08 21:23:16,Nobady's fault,8543888,204,99739,15504,fagRTasDcKo
2026-09-09 01:54:48,光源,1611867,1025,24182,4985,7pusekGNE-o
2026-09-09 01:54:48,The growing up train,2863282,1020,39906,18431,Rk54JNn7Qw4
2026-09-09 01:54:48,木枯らしは泣かない,1199909,293,22770,5030,aQ1iXj4oXfI
2026-09-09 01:54:48,Unhappy birthday構文,4176027,1269,48494,30188,hBfDlIN0WtI
2026-09-09 01:54:48,Alter ego,1563760,409,23630,4515,gQ7l_hav-bA
2026-09-09 01:54:48,港区パセリ,2219103,679,25029,6148,aLu4oyQ2zdw
2026-09-09 01:54:48,死んだふり,1971085,366,31605,5369,WNH_ReRMt5k
2026-09-09 01:54:48,Make or Break,3388514,515,43209,13409,nTxTTZ0QLrI
2026-09-09 01:54:48,Addiction,3564347,478,44533,10283,ReuFa_D1Vok
2026-09-09 01:54:48,Nightmare症候群,2120108,274,33002,6758,Grx5AhU14QU
2026-09-09 01:54:48,Nothing special,1629890,96,25522,5483,WdUBD5slEnc
2026-09-09 01:54:48,UDAGAWA GENERATION,6535903,822,59226,22703,qP52sh7PzYA
2026-09-09 01:54:48,本質的なこと,2827307,303,33807,6275,iZhbx2mcmug
2026-09-09 01:54:48,僕は僕を好きになれない,2040210,119,29908,8909,Ktu_LGjGd7A
2026-09-09 01:54:48,引きこもる時間はない,2074961,122,26476,4800,KYvq8-xY1Gg
2026-09-09 01:54:48,愛し合いなさい,1609551,117,24714,5875,MAP3cnAexxM
2026-09-09 01:54:48,自業自得,9739069,851,81091,50235,Rs-Y9MtHsoo
2026-09-09 01:54:48,何度　LOVE SONGの歌詞を読み返しただろう,4305134,466,37324,6973,tltXZSiAAdQ
2026-09-09 01:54:48,油を注せ！,2256362,155,28147,11902,x9a0_2aGeWU
2026-09-09 01:54:48,何歳の頃に戻りたいのか？,9513020,633,71590,27141,7xx66mR_HeE
2026-09-09 01:54:48,君がサヨナラ言えたって・・・,1377325,40,26228,4795,1SQWKDr_GfA
2026-09-09 01:54:48,隙間風よ,2964804,150,32045,9058,5Z4emyH-fME
2026-09-09 01:54:48,マモリビト,2960995,232,31358,10068,I8JZbNTl5rM
2026-09-09 01:54:48,承認欲求,8841043,529,72577,25170,x_BjvhMW9TE
2026-09-09 01:54:48,ドローン旋回中,2759482,145,31573,6231,rNwzfyr07SM
2026-09-09 01:54:48,静寂の暴力,6705209,438,53721,12081,uhbvX4GUrpE
2026-09-09 01:54:48,Start over!,14954438,757,109287,64364,YJRFD1AdaUE
2026-09-09 01:54:48,夏の近道,8893404,728,56793,12481,nV1DHIWSdEo
2026-09-09 01:54:48,Cool,4086985,213,38564,11164,XEKPn3WbksE
2026-09-09 01:54:48,桜月,11047772,809,69900,29124,zKLgrxHDgls
2026-09-09 01:54:48,その日まで,2673841,158,55602,5352,F2lWsUJotmc
2026-09-09 01:54:48,摩擦係数,9930741,452,73257,14323,D8piCp9XMKA
2026-09-09 01:54:48,車間距離,2313511,14,29048,3405,MKXSWXlSOB0
2026-09-09 01:54:48,僕のジレンマ,3887602,191,48273,5587,ZBk4V-uqcXs
2026-09-09 01:54:48,五月雨よ,9232372,344,72830,12979,3boaeE3dwMs
2026-09-09 01:54:48,無言の宇宙,6534183,283,53940,7560,7GZGTse6dUs
2026-09-09 01:54:48,Dead end,5740322,179,54371,7204,FEfJB32wvsk
2026-09-09 01:54:48,流れ弾,11596312,394,92175,22393,drCopBcrxRM
2026-09-09 01:54:48,思ったよりも寂しくない,4782801,142,51478,6450,D0W44Z3D3wo
2026-09-09 01:54:48,偶然の答え,5661797,235,59200,8136,_ZCf_iLMwn0
2026-09-09 01:54:48,BAN,14140989,383,97947,18412,fPZ37t3nvco
2026-09-09 01:54:48,Buddies,5855349,46,63145,9235,yT5S7Cy5cCE
2026-09-09 01:54:48,なぜ　恋をして来なかったんだろう？,14478264,357,110701,17059,S4gEJIyLHlM
2026-09-09 01:54:48,Nobady's fault,8544153,265,99740,15504,fagRTasDcKo
2026-09-09 04:39:37,光源,1612240,373,24182,4985,7pusekGNE-o
2026-09-09 04:39:37,The growing up train,2863519,237,39906,18431,Rk54JNn7Qw4
2026-09-09 04:39:37,木枯らしは泣かない,1199913,4,22770,5030,aQ1iXj4oXfI
2026-09-09 04:39:37,Unhappy birthday構文,4176457,430,48494,30188,hBfDlIN0WtI
2026-09-09 04:39:37,Alter ego,1563884,124,23630,4515,gQ7l_hav-bA
2026-09-09 04:39:37,港区パセリ,2219297,194,25029,6148,aLu4oyQ2zdw
2026-09-09 04:39:37,死んだふり,1971090,5,31605,5369,WNH_ReRMt5k
2026-09-09 04:39:37,Make or Break,3388654,140,43209,13409,nTxTTZ0QLrI
2026-09-09 04:39:37,Addiction,3564520,173,44533,10283,ReuFa_D1Vok
2026-09-09 04:39:37,Nightmare症候群,2120175,67,33002,6758,Grx5AhU14QU
2026-09-09 04:39:37,Nothing special,1630001,111,25522,5483,WdUBD5slEnc
2026-09-09 04:39:37,UDAGAWA GENERATION,6536087,184,59228,22703,qP52sh7PzYA
2026-09-09 04:39:37,本質的なこと,2827307,0,33807,6275,iZhbx2mcmug
2026-09-09 04:39:37,僕は僕を好きになれない,2040268,58,29909,8909,Ktu_LGjGd7A
2026-09-09 04:39:37,引きこもる時間はない,2075010,49,26477,4800,KYvq8-xY1Gg
2026-09-09 04:39:37,愛し合いなさい,1609554,3,24714,5875,MAP3cnAexxM
2026-09-09 04:39:37,自業自得,9739274,205,81091,50235,Rs-Y9MtHsoo
2026-09-09 04:39:37,何度　LOVE SONGの歌詞を読み返しただろう,4305270,136,37324,6973,tltXZSiAAdQ
2026-09-09 04:39:37,油を注せ！,2256409,47,28148,11902,x9a0_2aGeWU
2026-09-09 04:39:37,何歳の頃に戻りたいのか？,9513272,252,71590,27141,7xx66mR_HeE
2026-09-09 04:39:37,君がサヨナラ言えたって・・・,1377401,76,26228,4795,1SQWKDr_GfA
2026-09-09 04:39:37,隙間風よ,2964804,0,32045,9058,5Z4emyH-fME
2026-09-09 04:39:37,マモリビト,2961134,139,31358,10068,I8JZbNTl5rM
2026-09-09 04:39:37,承認欲求,8841180,137,72577,25170,x_BjvhMW9TE
2026-09-09 04:39:37,ドローン旋回中,2759593,111,31574,6231,rNwzfyr07SM
2026-09-09 04:39:37,静寂の暴力,6705213,4,53721,12081,uhbvX4GUrpE
2026-09-09 04:39:37,Start over!,14954450,12,109288,64364,YJRFD1AdaUE
2026-09-09 04:39:37,夏の近道,8893686,282,56794,12481,nV1DHIWSdEo
2026-09-09 04:39:37,Cool,4086989,4,38564,11164,XEKPn3WbksE
2026-09-09 04:39:37,桜月,11048064,292,69902,29126,zKLgrxHDgls
2026-09-09 04:39:37,その日まで,2673841,0,55602,5352,F2lWsUJotmc
2026-09-09 04:39:37,摩擦係数,9930745,4,73257,14323,D8piCp9XMKA
2026-09-09 04:39:37,車間距離,2313557,46,29048,3405,MKXSWXlSOB0
2026-09-09 04:39:37,僕のジレンマ,3887653,51,48274,5587,ZBk4V-uqcXs
2026-09-09 04:39:37,五月雨よ,9232372,0,72830,12979,3boaeE3dwMs
2026-09-09 04:39:37,無言の宇宙,6534274,91,53940,7560,7GZGTse6dUs
2026-09-09 04:39:37,Dead end,5740444,122,54371,7204,FEfJB32wvsk
2026-09-09 04:39:37,流れ弾,11596317,5,92175,22393,drCopBcrxRM
2026-09-09 04:39:37,思ったよりも寂しくない,4782801,0,51478,6450,D0W44Z3D3wo
2026-09-09 04:39:37,偶然の答え,5661800,3,59200,8136,_ZCf_iLMwn0
2026-09-09 04:39:37,BAN,14141111,122,97947,18412,fPZ37t3nvco
2026-09-09 04:39:37,Buddies,5855442,93,63145,9235,yT5S7Cy5cCE
2026-09-09 04:39:37,なぜ　恋をして来なかったんだろう？,14478475,211,110702,17059,S4gEJIyLHlM
2026-09-09 04:39:37,Nobady's fault,8544157,4,99740,15504,fagRTasDcKo
2026-09-09 07:09:58,光源,1612510,270,24184,4985,7pusekGNE-o
2026-09-09 07:09:58,The growing up train,2863885,366,39907,18432,Rk54JNn7Qw4
2026-09-09 07:09:58,木枯らしは泣かない,1200065,152,22770,5031,aQ1iXj4oXfI
2026-09-09 07:09:58,Unhappy birthday構文,4176672,215,48495,30188,hBfDlIN0WtI
2026-09-09 07:09:58,Alter ego,1563956,72,23630,4515,gQ7l_hav-bA
2026-09-09 07:09:58,港区パセリ,2219450,153,25029,6149,aLu4oyQ2zdw
2026-09-09 07:09:58,死んだふり,1971267,177,31605,5369,WNH_ReRMt5k
2026-09-09 07:09:58,Make or Break,3388811,157,43209,13409,nTxTTZ0QLrI
2026-09-09 07:09:58,Addiction,3564591,71,44534,10283,ReuFa_D1Vok
2026-09-09 07:09:58,Nightmare症候群,2120256,81,33002,6758,Grx5AhU14QU
2026-09-09 07:09:58,Nothing special,1630071,70,25522,5483,WdUBD5slEnc
2026-09-09 07:09:58,UDAGAWA GENERATION,6536255,168,59227,22703,qP52sh7PzYA
2026-09-09 07:09:58,本質的なこと,2827543,236,33807,6275,iZhbx2mcmug
2026-09-09 07:09:58,僕は僕を好きになれない,2040268,0,29909,8909,Ktu_LGjGd7A
2026-09-09 07:09:58,引きこもる時間はない,2075072,62,26477,4800,KYvq8-xY1Gg
2026-09-09 07:09:58,愛し合いなさい,1609596,42,24714,5875,MAP3cnAexxM
2026-09-09 07:09:58,自業自得,9739534,260,81091,50237,Rs-Y9MtHsoo
2026-09-09 07:09:58,何度　LOVE SONGの歌詞を読み返しただろう,4305407,137,37324,6973,tltXZSiAAdQ
2026-09-09 07:09:58,油を注せ！,2256449,40,28148,11902,x9a0_2aGeWU
2026-09-09 07:09:58,何歳の頃に戻りたいのか？,9513360,88,71590,27141,7xx66mR_HeE
2026-09-09 07:09:58,君がサヨナラ言えたって・・・,1377416,15,26228,4795,1SQWKDr_GfA
2026-09-09 07:09:58,隙間風よ,2964875,71,32045,9058,5Z4emyH-fME
2026-09-09 07:09:58,マモリビト,2961234,100,31358,10069,I8JZbNTl5rM
2026-09-09 07:09:58,承認欲求,8841418,238,72577,25170,x_BjvhMW9TE
2026-09-09 07:09:58,ドローン旋回中,2759668,75,31574,6231,rNwzfyr07SM
2026-09-09 07:09:58,静寂の暴力,6705498,285,53721,12081,uhbvX4GUrpE
2026-09-09 07:09:58,Start over!,14954854,404,109288,64364,YJRFD1AdaUE
2026-09-09 07:09:58,夏の近道,8893897,211,56794,12481,nV1DHIWSdEo
2026-09-09 07:09:58,Cool,4087100,111,38564,11164,XEKPn3WbksE
2026-09-09 07:09:58,桜月,11048301,237,69903,29125,zKLgrxHDgls
2026-09-09 07:09:58,その日まで,2673904,63,55602,5352,F2lWsUJotmc
2026-09-09 07:09:58,摩擦係数,9931019,274,73257,14324,D8piCp9XMKA
2026-09-09 07:09:58,車間距離,2313591,34,29048,3405,MKXSWXlSOB0
2026-09-09 07:09:58,僕のジレンマ,3887656,3,48274,5587,ZBk4V-uqcXs
2026-09-09 07:09:58,五月雨よ,9232508,136,72830,12979,3boaeE3dwMs
2026-09-09 07:09:58,無言の宇宙,6534364,90,53940,7560,7GZGTse6dUs
2026-09-09 07:09:58,Dead end,5740530,86,54371,7204,FEfJB32wvsk
2026-09-09 07:09:58,流れ弾,11596505,188,92176,22393,drCopBcrxRM
2026-09-09 07:09:58,思ったよりも寂しくない,4782875,74,51479,6450,D0W44Z3D3wo
2026-09-09 07:09:58,偶然の答え,5661913,113,59200,8136,_ZCf_iLMwn0
2026-09-09 07:09:58,BAN,14141240,129,97946,18412,fPZ37t3nvco
2026-09-09 07:09:58,Buddies,5855517,75,63145,9235,yT5S7Cy5cCE
2026-09-09 07:09:58,なぜ　恋をして来なかったんだろう？,14478540,65,110702,17059,S4gEJIyLHlM
2026-09-09 07:09:58,Nobady's fault,8544305,148,99741,15504,fagRTasDcKo
2026-09-09 09:51:49,光源,1612885,375,24185,4985,7pusekGNE-o
2026-09-09 09:51:49,The growing up train,2864261,376,39906,18432,Rk54JNn7Qw4
2026-09-09 09:51:49,木枯らしは泣かない,1200091,26,22770,5031,aQ1iXj4oXfI
2026-09-09 09:51:49,Unhappy birthday構文,4177242,570,48493,30191,hBfDlIN0WtI
2026-09-09 09:51:49,Alter ego,1564017,61,23630,4516,gQ7l_hav-bA
2026-09-09 09:51:49,港区パセリ,2219734,284,25030,6149,aLu4oyQ2zdw
2026-09-09 09:51:49,死んだふり,1971419,152,31606,5370,WNH_ReRMt5k
2026-09-09 09:51:49,Make or Break,3389025,214,43208,13410,nTxTTZ0QLrI
2026-09-09 09:51:49,Addiction,3564839,248,44536,10284,ReuFa_D1Vok
2026-09-09 09:51:49,Nightmare症候群,2120299,43,33002,6759,Grx5AhU14QU
2026-09-09 09:51:49,Nothing special,1630146,75,25523,5484,WdUBD5slEnc
2026-09-09 09:51:49,UDAGAWA GENERATION,6536579,324,59227,22704,qP52sh7PzYA
2026-09-09 09:51:49,本質的なこと,2827636,93,33807,6276,iZhbx2mcmug
2026-09-09 09:51:49,僕は僕を好きになれない,2040378,110,29908,8909,Ktu_LGjGd7A
2026-09-09 09:51:49,引きこもる時間はない,2075110,38,26478,4800,KYvq8-xY1Gg
2026-09-09 09:51:49,愛し合いなさい,1609657,61,24713,5875,MAP3cnAexxM
2026-09-09 09:51:49,自業自得,9739803,269,81090,50238,Rs-Y9MtHsoo
2026-09-09 09:51:49,何度　LOVE SONGの歌詞を読み返しただろう,4305555,148,37324,6973,tltXZSiAAdQ
2026-09-09 09:51:49,油を注せ！,2256497,48,28148,11902,x9a0_2aGeWU
2026-09-09 09:51:49,何歳の頃に戻りたいのか？,9513728,368,71590,27142,7xx66mR_HeE
2026-09-09 09:51:49,君がサヨナラ言えたって・・・,1377432,16,26228,4795,1SQWKDr_GfA
2026-09-09 09:51:49,隙間風よ,2964914,39,32045,9058,5Z4emyH-fME
2026-09-09 09:51:49,マモリビト,2961260,26,31358,10069,I8JZbNTl5rM
2026-09-09 09:51:49,承認欲求,8841622,204,72577,25172,x_BjvhMW9TE
2026-09-09 09:51:49,ドローン旋回中,2759720,52,31573,6231,rNwzfyr07SM
2026-09-09 09:51:49,静寂の暴力,6705583,85,53721,12081,uhbvX4GUrpE
2026-09-09 09:51:49,Start over!,14955255,401,109286,64365,YJRFD1AdaUE
2026-09-09 09:51:49,夏の近道,8894140,243,56796,12481,nV1DHIWSdEo
2026-09-09 09:51:49,Cool,4087186,86,38565,11164,XEKPn3WbksE
2026-09-09 09:51:49,桜月,11048555,254,69902,29126,zKLgrxHDgls
2026-09-09 09:51:49,その日まで,2673935,31,55602,5352,F2lWsUJotmc
2026-09-09 09:51:49,摩擦係数,9931206,187,73257,14324,D8piCp9XMKA
2026-09-09 09:51:49,車間距離,2313603,12,29048,3405,MKXSWXlSOB0
2026-09-09 09:51:49,僕のジレンマ,3887713,57,48274,5587,ZBk4V-uqcXs
2026-09-09 09:51:49,五月雨よ,9232700,192,72830,12980,3boaeE3dwMs
2026-09-09 09:51:49,無言の宇宙,6534487,123,53939,7560,7GZGTse6dUs
2026-09-09 09:51:49,Dead end,5740608,78,54370,7204,FEfJB32wvsk
2026-09-09 09:51:49,流れ弾,11596683,178,92175,22394,drCopBcrxRM
2026-09-09 09:51:49,思ったよりも寂しくない,4782918,43,51478,6450,D0W44Z3D3wo
2026-09-09 09:51:49,偶然の答え,5661981,68,59201,8137,_ZCf_iLMwn0
2026-09-09 09:51:49,BAN,14141346,106,97946,18413,fPZ37t3nvco
2026-09-09 09:51:49,Buddies,5855557,40,63145,9235,yT5S7Cy5cCE
2026-09-09 09:51:49,なぜ　恋をして来なかったんだろう？,14478716,176,110701,17060,S4gEJIyLHlM
2026-09-09 09:51:49,Nobady's fault,8544384,79,99741,15505,fagRTasDcKo
2026-09-09 14:32:57,光源,1613591,706,24186,4985,7pusekGNE-o
2026-09-09 14:32:57,The growing up train,2865030,769,39907,18433,Rk54JNn7Qw4
2026-09-09 14:32:57,木枯らしは泣かない,1200175,84,22770,5031,aQ1iXj4oXfI
2026-09-09 14:32:57,Unhappy birthday構文,4178087,845,48495,30191,hBfDlIN0WtI
2026-09-09 14:32:57,Alter ego,1564312,295,23630,4516,gQ7l_hav-bA
2026-09-09 14:32:57,港区パセリ,2220166,432,25030,6150,aLu4oyQ2zdw
2026-09-09 14:32:57,死んだふり,1971513,94,31606,5370,WNH_ReRMt5k
2026-09-09 14:32:57,Make or Break,3389404,379,43208,13410,nTxTTZ0QLrI
2026-09-09 14:32:57,Addiction,3565204,365,44537,10284,ReuFa_D1Vok
2026-09-09 14:32:57,Nightmare症候群,2120512,213,33002,6759,Grx5AhU14QU
2026-09-09 14:32:57,Nothing special,1630225,79,25523,5484,WdUBD5slEnc
2026-09-09 14:32:57,UDAGAWA GENERATION,6537097,518,59228,22704,qP52sh7PzYA
2026-09-09 14:32:57,本質的なこと,2827741,105,33807,6276,iZhbx2mcmug
2026-09-09 14:32:57,僕は僕を好きになれない,2040438,60,29908,8909,Ktu_LGjGd7A
2026-09-09 14:32:57,引きこもる時間はない,2075199,89,26477,4800,KYvq8-xY1Gg
2026-09-09 14:32:57,愛し合いなさい,1609690,33,24713,5875,MAP3cnAexxM
2026-09-09 14:32:57,自業自得,9740396,593,81091,50238,Rs-Y9MtHsoo
2026-09-09 14:32:57,何度　LOVE SONGの歌詞を読み返しただろう,4305770,215,37324,6973,tltXZSiAAdQ
2026-09-09 14:32:57,油を注せ！,2256614,117,28149,11903,x9a0_2aGeWU
2026-09-09 14:32:57,何歳の頃に戻りたいのか？,9514177,449,71590,27142,7xx66mR_HeE
2026-09-09 14:32:57,君がサヨナラ言えたって・・・,1377489,57,26228,4795,1SQWKDr_GfA
2026-09-09 14:32:57,隙間風よ,2965055,141,32045,9058,5Z4emyH-fME
2026-09-09 14:32:57,マモリビト,2961436,176,31358,10071,I8JZbNTl5rM
2026-09-09 14:32:57,承認欲求,8841996,374,72578,25172,x_BjvhMW9TE
2026-09-09 14:32:57,ドローン旋回中,2759869,149,31573,6232,rNwzfyr07SM
2026-09-09 14:32:57,静寂の暴力,6705911,328,53722,12081,uhbvX4GUrpE
2026-09-09 14:32:57,Start over!,14955830,575,109287,64365,YJRFD1AdaUE
2026-09-09 14:32:57,夏の近道,8894675,535,56797,12481,nV1DHIWSdEo
2026-09-09 14:32:57,Cool,4087251,65,38565,11164,XEKPn3WbksE
2026-09-09 14:32:57,桜月,11049142,587,69903,29127,zKLgrxHDgls
2026-09-09 14:32:57,その日まで,2674031,96,55603,5352,F2lWsUJotmc
2026-09-09 14:32:57,摩擦係数,9931561,355,73257,14325,D8piCp9XMKA
2026-09-09 14:32:57,車間距離,2313661,58,29048,3406,MKXSWXlSOB0
2026-09-09 14:32:57,僕のジレンマ,3887875,162,48274,5587,ZBk4V-uqcXs
2026-09-09 14:32:57,五月雨よ,9232943,243,72831,12980,3boaeE3dwMs
2026-09-09 14:32:57,無言の宇宙,6534599,112,53939,7560,7GZGTse6dUs
2026-09-09 14:32:57,Dead end,5740732,124,54371,7205,FEfJB32wvsk
2026-09-09 14:32:57,流れ弾,11596938,255,92176,22394,drCopBcrxRM
2026-09-09 14:32:57,思ったよりも寂しくない,4782978,60,51478,6450,D0W44Z3D3wo
2026-09-09 14:32:57,偶然の答え,5662073,92,59201,8137,_ZCf_iLMwn0
2026-09-09 14:32:57,BAN,14141567,221,97946,18413,fPZ37t3nvco
2026-09-09 14:32:57,Buddies,5855627,70,63145,9235,yT5S7Cy5cCE
2026-09-09 14:32:57,なぜ　恋をして来なかったんだろう？,14478965,249,110701,17060,S4gEJIyLHlM
2026-09-09 14:32:57,Nobady's fault,8544559,175,99744,15505,fagRTasDcKo
2026-09-09 19:23:27,光源,1614343,752,24187,4985,7pusekGNE-o
2026-09-09 19:23:27,The growing up train,2865883,853,39908,18429,Rk54JNn7Qw4
2026-09-09 19:23:27,木枯らしは泣かない,1200458,283,22770,5032,aQ1iXj4oXfI
2026-09-09 19:23:27,Unhappy birthday構文,4179073,986,48498,30194,hBfDlIN0WtI
2026-09-09 19:23:27,Alter ego,1564632,320,23632,4516,gQ7l_hav-bA
2026-09-09 19:23:27,港区パセリ,2220760,594,25032,6151,aLu4oyQ2zdw
2026-09-09 19:23:27,死んだふり,1971861,348,31607,5370,WNH_ReRMt5k
2026-09-09 19:23:27,Make or Break,3389903,499,43208,13410,nTxTTZ0QLrI
2026-09-09 19:23:27,Addiction,3565611,407,44537,10284,ReuFa_D1Vok
2026-09-09 19:23:27,Nightmare症候群,2120779,267,33003,6759,Grx5AhU14QU
2026-09-09 19:23:27,Nothing special,1630368,143,25523,5484,WdUBD5slEnc
2026-09-09 19:23:27,UDAGAWA GENERATION,6537747,650,59232,22704,qP52sh7PzYA
2026-09-09 19:23:27,本質的なこと,2828126,385,33807,6276,iZhbx2mcmug
2026-09-09 19:23:27,僕は僕を好きになれない,2040595,157,29910,8910,Ktu_LGjGd7A
2026-09-09 19:23:27,引きこもる時間はない,2075267,68,26477,4800,KYvq8-xY1Gg
2026-09-09 19:23:27,愛し合いなさい,1609797,107,24713,5876,MAP3cnAexxM
2026-09-09 19:23:27,自業自得,9741053,657,81092,50238,Rs-Y9MtHsoo
2026-09-09 19:23:27,何度　LOVE SONGの歌詞を読み返しただろう,4306105,335,37325,6973,tltXZSiAAdQ
2026-09-09 19:23:27,油を注せ！,2256713,99,28149,11904,x9a0_2aGeWU
2026-09-09 19:23:27,何歳の頃に戻りたいのか？,9514689,512,71592,27142,7xx66mR_HeE
2026-09-09 19:23:27,君がサヨナラ言えたって・・・,1377537,48,26228,4796,1SQWKDr_GfA
2026-09-09 19:23:27,隙間風よ,2965171,116,32045,9059,5Z4emyH-fME
2026-09-09 19:23:27,マモリビト,2961641,205,31358,10071,I8JZbNTl5rM
2026-09-09 19:23:27,承認欲求,8842465,469,72581,25172,x_BjvhMW9TE
2026-09-09 19:23:27,ドローン旋回中,2759979,110,31574,6232,rNwzfyr07SM
2026-09-09 19:23:27,静寂の暴力,6706230,319,53722,12081,uhbvX4GUrpE
2026-09-09 19:23:27,Start over!,14956424,594,109289,64366,YJRFD1AdaUE
2026-09-09 19:23:27,夏の近道,8895156,481,56799,12480,nV1DHIWSdEo
2026-09-09 19:23:27,Cool,4087493,242,38567,11164,XEKPn3WbksE
2026-09-09 19:23:27,桜月,11049779,637,69906,29127,zKLgrxHDgls
2026-09-09 19:23:27,その日まで,2674123,92,55603,5353,F2lWsUJotmc
2026-09-09 19:23:27,摩擦係数,9931937,376,73260,14325,D8piCp9XMKA
2026-09-09 19:23:27,車間距離,2313694,33,29049,3406,MKXSWXlSOB0
2026-09-09 19:23:27,僕のジレンマ,3888035,160,48274,5588,ZBk4V-uqcXs
2026-09-09 19:23:27,五月雨よ,9233094,151,72830,12980,3boaeE3dwMs
2026-09-09 19:23:27,無言の宇宙,6534878,279,53940,7561,7GZGTse6dUs
2026-09-09 19:23:27,Dead end,5740946,214,54374,7205,FEfJB32wvsk
2026-09-09 19:23:27,流れ弾,11597234,296,92175,22394,drCopBcrxRM
2026-09-09 19:23:27,思ったよりも寂しくない,4783118,140,51479,6451,D0W44Z3D3wo
2026-09-09 19:23:27,偶然の答え,5662270,197,59201,8137,_ZCf_iLMwn0
2026-09-09 19:23:27,BAN,14141928,361,97948,18413,fPZ37t3nvco
2026-09-09 19:23:27,Buddies,5855767,140,63147,9236,yT5S7Cy5cCE
2026-09-09 19:23:27,なぜ　恋をして来なかったんだろう？,14479337,372,110703,17060,S4gEJIyLHlM
2026-09-09 19:23:27,Nobady's fault,8544726,167,99746,15506,fagRTasDcKo
2026-09-09 23:54:32,光源,1615149,806,24189,4985,7pusekGNE-o
2026-09-09 23:54:32,The growing up train,2866768,885,39911,18429,Rk54JNn7Qw4
2026-09-09 23:54:32,木枯らしは泣かない,1200570,112,22770,5032,aQ1iXj4oXfI
2026-09-09 23:54:32,Unhappy birthday構文,4180182,1109,48502,30194,hBfDlIN0WtI
2026-09-09 23:54:32,Alter ego,1564830,198,23633,4516,gQ7l_hav-bA
2026-09-09 23:54:32,港区パセリ,2221233,473,25034,6152,aLu4oyQ2zdw
2026-09-09 23:54:32,死んだふり,1972030,169,31608,5370,WNH_ReRMt5k
2026-09-09 23:54:32,Make or Break,3390327,424,43210,13410,nTxTTZ0QLrI
2026-09-09 23:54:32,Addiction,3566090,479,44539,10285,ReuFa_D1Vok
2026-09-09 23:54:32,Nightmare症候群,2120903,124,33002,6759,Grx5AhU14QU
2026-09-09 23:54:32,Nothing special,1630504,136,25523,5484,WdUBD5slEnc
2026-09-09 23:54:32,UDAGAWA GENERATION,6538360,613,59233,22704,qP52sh7PzYA
2026-09-09 23:54:32,本質的なこと,2828347,221,33807,6276,iZhbx2mcmug
2026-09-09 23:54:32,僕は僕を好きになれない,2040710,115,29909,8910,Ktu_LGjGd7A
2026-09-09 23:54:32,引きこもる時間はない,2075407,140,26478,4800,KYvq8-xY1Gg
2026-09-09 23:54:32,愛し合いなさい,1609855,58,24713,5876,MAP3cnAexxM
2026-09-09 23:54:32,自業自得,9741783,730,81094,50240,Rs-Y9MtHsoo
2026-09-09 23:54:32,何度　LOVE SONGの歌詞を読み返しただろう,4306510,405,37327,6973,tltXZSiAAdQ
2026-09-09 23:54:32,油を注せ！,2256785,72,28150,11904,x9a0_2aGeWU
2026-09-09 23:54:32,何歳の頃に戻りたいのか？,9515217,528,71591,27143,7xx66mR_HeE
2026-09-09 23:54:32,君がサヨナラ言えたって・・・,1377589,52,26228,4796,1SQWKDr_GfA
2026-09-09 23:54:32,隙間風よ,2965273,102,32045,9059,5Z4emyH-fME
2026-09-09 23:54:32,マモリビト,2961929,288,31359,10071,I8JZbNTl5rM
2026-09-09 23:54:32,承認欲求,8842911,446,72583,25172,x_BjvhMW9TE
2026-09-09 23:54:32,ドローン旋回中,2760160,181,31575,6233,rNwzfyr07SM
2026-09-09 23:54:32,静寂の暴力,6706575,345,53723,12081,uhbvX4GUrpE
2026-09-09 23:54:32,Start over!,14956841,417,109291,64366,YJRFD1AdaUE
2026-09-09 23:54:32,夏の近道,8895826,670,56799,12479,nV1DHIWSdEo
2026-09-09 23:54:32,Cool,4087675,182,38567,11164,XEKPn3WbksE
2026-09-09 23:54:32,桜月,11050471,692,69907,29127,zKLgrxHDgls
2026-09-09 23:54:32,その日まで,2674209,86,55603,5354,F2lWsUJotmc
2026-09-09 23:54:32,摩擦係数,9932317,380,73260,14325,D8piCp9XMKA
2026-09-09 23:54:32,車間距離,2313777,83,29049,3406,MKXSWXlSOB0
2026-09-09 23:54:32,僕のジレンマ,3888077,42,48275,5588,ZBk4V-uqcXs
2026-09-09 23:54:32,五月雨よ,9233459,365,72831,12980,3boaeE3dwMs
2026-09-09 23:54:32,無言の宇宙,6535078,200,53939,7561,7GZGTse6dUs
2026-09-09 23:54:32,Dead end,5741069,123,54375,7205,FEfJB32wvsk
2026-09-09 23:54:32,流れ弾,11597504,270,92177,22394,drCopBcrxRM
2026-09-09 23:54:32,思ったよりも寂しくない,4783174,56,51479,6451,D0W44Z3D3wo
2026-09-09 23:54:32,偶然の答え,5662453,183,59202,8137,_ZCf_iLMwn0
2026-09-09 23:54:32,BAN,14142204,276,97950,18413,fPZ37t3nvco
2026-09-09 23:54:32,Buddies,5855858,91,63147,9236,yT5S7Cy5cCE
2026-09-09 23:54:32,なぜ　恋をして来なかったんだろう？,14479688,351,110704,17060,S4gEJIyLHlM
2026-09-09 23:54:32,Nobady's fault,8544932,206,99747,15506,fagRTasDcKo
2026-09-10 03:10:11,光源,1615858,709,24189,4985,7pusekGNE-o
2026-09-10 03:10:11,The growing up train,2867413,645,39912,18429,Rk54JNn7Qw4
2026-09-10 03:10:11,木枯らしは泣かない,1200746,176,22770,5032,aQ1iXj4oXfI
2026-09-10 03:10:11,Unhappy birthday構文,4180959,777,48503,30194,hBfDlIN0WtI
2026-09-10 03:10:11,Alter ego,1565167,337,23634,4516,gQ7l_hav-bA
2026-09-10 03:10:11,港区パセリ,2221610,377,25035,6152,aLu4oyQ2zdw
2026-09-10 03:10:11,死んだふり,1972327,297,31610,5370,WNH_ReRMt5k
2026-09-10 03:10:11,Make or Break,3390693,366,43211,13410,nTxTTZ0QLrI
2026-09-10 03:10:11,Addiction,3566454,364,44539,10285,ReuFa_D1Vok
2026-09-10 03:10:11,Nightmare症候群,2121063,160,33004,6759,Grx5AhU14QU
2026-09-10 03:10:11,Nothing special,1630628,124,25524,5484,WdUBD5slEnc
2026-09-10 03:10:11,UDAGAWA GENERATION,6538810,450,59234,22704,qP52sh7PzYA
2026-09-10 03:10:11,本質的なこと,2828439,92,33807,6276,iZhbx2mcmug
2026-09-10 03:10:11,僕は僕を好きになれない,2040723,13,29909,8910,Ktu_LGjGd7A
2026-09-10 03:10:11,引きこもる時間はない,2075538,131,26479,4800,KYvq8-xY1Gg
2026-09-10 03:10:11,愛し合いなさい,1609909,54,24714,5876,MAP3cnAexxM
2026-09-10 03:10:11,自業自得,9742320,537,81097,50241,Rs-Y9MtHsoo
2026-09-10 03:10:11,何度　LOVE SONGの歌詞を読み返しただろう,4306788,278,37328,6973,tltXZSiAAdQ
2026-09-10 03:10:11,油を注せ！,2256873,88,28151,11904,x9a0_2aGeWU
2026-09-10 03:10:11,何歳の頃に戻りたいのか？,9515632,415,71591,27143,7xx66mR_HeE
2026-09-10 03:10:11,君がサヨナラ言えたって・・・,1377616,27,26228,4796,1SQWKDr_GfA
2026-09-10 03:10:11,隙間風よ,2965332,59,32046,9059,5Z4emyH-fME
2026-09-10 03:10:11,マモリビト,2962120,191,31359,10071,I8JZbNTl5rM
2026-09-10 03:10:11,承認欲求,8842977,66,72583,25172,x_BjvhMW9TE
2026-09-10 03:10:11,ドローン旋回中,2760301,141,31575,6233,rNwzfyr07SM
2026-09-10 03:10:11,静寂の暴力,6706862,287,53723,12081,uhbvX4GUrpE
2026-09-10 03:10:11,Start over!,14957551,710,109293,64366,YJRFD1AdaUE
2026-09-10 03:10:11,夏の近道,8896278,452,56799,12479,nV1DHIWSdEo
2026-09-10 03:10:11,Cool,4087717,42,38567,11164,XEKPn3WbksE
2026-09-10 03:10:11,桜月,11050982,511,69908,29127,zKLgrxHDgls
2026-09-10 03:10:11,その日まで,2674318,109,55606,5355,F2lWsUJotmc
2026-09-10 03:10:11,摩擦係数,9932603,286,73261,14325,D8piCp9XMKA
2026-09-10 03:10:11,車間距離,2313804,27,29049,3406,MKXSWXlSOB0
2026-09-10 03:10:11,僕のジレンマ,3888186,109,48275,5588,ZBk4V-uqcXs
2026-09-10 03:10:11,五月雨よ,9233677,218,72831,12980,3boaeE3dwMs
2026-09-10 03:10:11,無言の宇宙,6535164,86,53940,7561,7GZGTse6dUs
2026-09-10 03:10:11,Dead end,5741164,95,54375,7205,FEfJB32wvsk
2026-09-10 03:10:11,流れ弾,11597575,71,92177,22394,drCopBcrxRM
2026-09-10 03:10:11,思ったよりも寂しくない,4783262,88,51480,6451,D0W44Z3D3wo
2026-09-10 03:10:11,偶然の答え,5662635,182,59203,8137,_ZCf_iLMwn0
2026-09-10 03:10:11,BAN,14142455,251,97950,18413,fPZ37t3nvco
2026-09-10 03:10:11,Buddies,5855925,67,63147,9236,yT5S7Cy5cCE
2026-09-10 03:10:11,なぜ　恋をして来なかったんだろう？,14479758,70,110704,17060,S4gEJIyLHlM
2026-09-10 03:10:11,Nobady's fault,8544977,45,99747,15506,fagRTasDcKo
2026-09-10 06:22:32,光源,1616336,478,24189,4985,7pusekGNE-o
2026-09-10 06:22:32,The growing up train,2867933,520,39913,18431,Rk54JNn7Qw4
2026-09-10 06:22:32,木枯らしは泣かない,1200806,60,22770,5032,aQ1iXj4oXfI
2026-09-10 06:22:32,Unhappy birthday構文,4181502,543,48503,30195,hBfDlIN0WtI
2026-09-10 06:22:32,Alter ego,1565332,165,23634,4516,gQ7l_hav-bA
2026-09-10 06:22:32,港区パセリ,2221919,309,25035,6155,aLu4oyQ2zdw
2026-09-10 06:22:32,死んだふり,1972501,174,31611,5370,WNH_ReRMt5k
2026-09-10 06:22:32,Make or Break,3390988,295,43212,13410,nTxTTZ0QLrI
2026-09-10 06:22:32,Addiction,3566660,206,44539,10285,ReuFa_D1Vok
2026-09-10 06:22:32,Nightmare症候群,2121073,10,33004,6759,Grx5AhU14QU
2026-09-10 06:22:32,Nothing special,1630628,0,25524,5484,WdUBD5slEnc
2026-09-10 06:22:32,UDAGAWA GENERATION,6539031,221,59234,22704,qP52sh7PzYA
2026-09-10 06:22:32,本質的なこと,2828791,352,33807,6276,iZhbx2mcmug
2026-09-10 06:22:32,僕は僕を好きになれない,2040859,136,29909,8910,Ktu_LGjGd7A
2026-09-10 06:22:32,引きこもる時間はない,2075615,77,26479,4800,KYvq8-xY1Gg
2026-09-10 06:22:32,愛し合いなさい,1609951,42,24714,5876,MAP3cnAexxM
2026-09-10 06:22:32,自業自得,9742682,362,81098,50243,Rs-Y9MtHsoo
2026-09-10 06:22:32,何度　LOVE SONGの歌詞を読み返しただろう,4307014,226,37328,6973,tltXZSiAAdQ
2026-09-10 06:22:32,油を注せ！,2256940,67,28151,11904,x9a0_2aGeWU
2026-09-10 06:22:32,何歳の頃に戻りたいのか？,9515979,347,71592,27143,7xx66mR_HeE
2026-09-10 06:22:32,君がサヨナラ言えたって・・・,1377670,54,26228,4796,1SQWKDr_GfA
2026-09-10 06:22:32,隙間風よ,2965483,151,32046,9059,5Z4emyH-fME
2026-09-10 06:22:32,マモリビト,2962273,153,31359,10072,I8JZbNTl5rM
2026-09-10 06:22:32,承認欲求,8843501,524,72584,25172,x_BjvhMW9TE
2026-09-10 06:22:32,ドローン旋回中,2760471,170,31575,6233,rNwzfyr07SM
2026-09-10 06:22:32,静寂の暴力,6707088,226,53725,12081,uhbvX4GUrpE
2026-09-10 06:22:32,Start over!,14957958,407,109294,64366,YJRFD1AdaUE
2026-09-10 06:22:32,夏の近道,8896641,363,56800,12479,nV1DHIWSdEo
2026-09-10 06:22:32,Cool,4087879,162,38567,11164,XEKPn3WbksE
2026-09-10 06:22:32,桜月,11051000,18,69908,29127,zKLgrxHDgls
2026-09-10 06:22:32,その日まで,2674413,95,55606,5355,F2lWsUJotmc
2026-09-10 06:22:32,摩擦係数,9932814,211,73261,14325,D8piCp9XMKA
2026-09-10 06:22:32,車間距離,2313880,76,29049,3406,MKXSWXlSOB0
2026-09-10 06:22:32,僕のジレンマ,3888365,179,48275,5588,ZBk4V-uqcXs
2026-09-10 06:22:32,五月雨よ,9233857,180,72832,12980,3boaeE3dwMs
2026-09-10 06:22:32,無言の宇宙,6535439,275,53940,7561,7GZGTse6dUs
2026-09-10 06:22:32,Dead end,5741277,113,54375,7205,FEfJB32wvsk
2026-09-10 06:22:32,流れ弾,11597742,167,92177,22393,drCopBcrxRM
2026-09-10 06:22:32,思ったよりも寂しくない,4783348,86,51480,6451,D0W44Z3D3wo
2026-09-10 06:22:32,偶然の答え,5662635,0,59203,8137,_ZCf_iLMwn0
2026-09-10 06:22:32,BAN,14142644,189,97951,18413,fPZ37t3nvco
2026-09-10 06:22:32,Buddies,5856011,86,63147,9236,yT5S7Cy5cCE
2026-09-10 06:22:32,なぜ　恋をして来なかったんだろう？,14480145,387,110704,17060,S4gEJIyLHlM
2026-09-10 06:22:32,Nobady's fault,8545076,99,99748,15506,fagRTasDcKo
2026-09-10 08:40:08,光源,1616452,116,24190,4985,7pusekGNE-o
2026-09-10 08:40:08,The growing up train,2868172,239,39912,18432,Rk54JNn7Qw4
2026-09-10 08:40:08,木枯らしは泣かない,1200879,73,22770,5033,aQ1iXj4oXfI
2026-09-10 08:40:08,Unhappy birthday構文,4181732,230,48503,30197,hBfDlIN0WtI
2026-09-10 08:40:08,Alter ego,1565423,91,23636,4516,gQ7l_hav-bA
2026-09-10 08:40:08,港区パセリ,2222075,156,25037,6155,aLu4oyQ2zdw
2026-09-10 08:40:08,死んだふり,1972560,59,31610,5370,WNH_ReRMt5k
2026-09-10 08:40:08,Make or Break,3391111,123,43212,13410,nTxTTZ0QLrI
2026-09-10 08:40:08,Addiction,3566834,174,44539,10285,ReuFa_D1Vok
2026-09-10 08:40:08,Nightmare症候群,2121228,155,33004,6759,Grx5AhU14QU
2026-09-10 08:40:08,Nothing special,1630726,98,25524,5484,WdUBD5slEnc
2026-09-10 08:40:08,UDAGAWA GENERATION,6539293,262,59235,22704,qP52sh7PzYA
2026-09-10 08:40:08,本質的なこと,2828812,21,33807,6276,iZhbx2mcmug
2026-09-10 08:40:08,僕は僕を好きになれない,2040893,34,29909,8910,Ktu_LGjGd7A
2026-09-10 08:40:08,引きこもる時間はない,2075615,0,26479,4800,KYvq8-xY1Gg
2026-09-10 08:40:08,愛し合いなさい,1609948,-3,24714,5876,MAP3cnAexxM
2026-09-10 08:40:08,自業自得,9742865,183,81100,50243,Rs-Y9MtHsoo
2026-09-10 08:40:08,何度　LOVE SONGの歌詞を読み返しただろう,4307159,145,37328,6973,tltXZSiAAdQ
2026-09-10 08:40:08,油を注せ！,2256940,0,28151,11904,x9a0_2aGeWU
2026-09-10 08:40:08,何歳の頃に戻りたいのか？,9516136,157,71595,27143,7xx66mR_HeE
2026-09-10 08:40:08,君がサヨナラ言えたって・・・,1377694,24,26228,4796,1SQWKDr_GfA
2026-09-10 08:40:08,隙間風よ,2965483,0,32046,9059,5Z4emyH-fME
2026-09-10 08:40:08,マモリビト,2962319,46,31359,10072,I8JZbNTl5rM
2026-09-10 08:40:08,承認欲求,8843618,117,72585,25172,x_BjvhMW9TE
2026-09-10 08:40:08,ドローン旋回中,2760450,-21,31575,6233,rNwzfyr07SM
2026-09-10 08:40:08,静寂の暴力,6707137,49,53726,12081,uhbvX4GUrpE
2026-09-10 08:40:08,Start over!,14958159,201,109295,64366,YJRFD1AdaUE
2026-09-10 08:40:08,夏の近道,8896756,115,56801,12479,nV1DHIWSdEo
2026-09-10 08:40:08,Cool,4087916,37,38567,11165,XEKPn3WbksE
2026-09-10 08:40:08,桜月,11051639,639,69910,29127,zKLgrxHDgls
2026-09-10 08:40:08,その日まで,2674465,52,55606,5356,F2lWsUJotmc
2026-09-10 08:40:08,摩擦係数,9932920,106,73262,14326,D8piCp9XMKA
2026-09-10 08:40:08,車間距離,2313880,0,29049,3406,MKXSWXlSOB0
2026-09-10 08:40:08,僕のジレンマ,3888365,0,48275,5588,ZBk4V-uqcXs
2026-09-10 08:40:08,五月雨よ,9233923,66,72832,12980,3boaeE3dwMs
2026-09-10 08:40:08,無言の宇宙,6535462,23,53940,7561,7GZGTse6dUs
2026-09-10 08:40:08,Dead end,5741396,119,54375,7205,FEfJB32wvsk
2026-09-10 08:40:08,流れ弾,11597880,138,92177,22393,drCopBcrxRM
2026-09-10 08:40:08,思ったよりも寂しくない,4783348,0,51480,6451,D0W44Z3D3wo
2026-09-10 08:40:08,偶然の答え,5662778,143,59203,8137,_ZCf_iLMwn0
2026-09-10 08:40:08,BAN,14142737,93,97951,18413,fPZ37t3nvco
2026-09-10 08:40:08,Buddies,5856047,36,63148,9236,yT5S7Cy5cCE
2026-09-10 08:40:08,なぜ　恋をして来なかったんだろう？,14480260,115,110706,17060,S4gEJIyLHlM
2026-09-10 08:40:08,Nobady's fault,8545241,165,99749,15506,fagRTasDcKo
2026-09-10 11:06:10,光源,1616694,242,24192,4985,7pusekGNE-o
2026-09-10 11:06:10,The growing up train,2868549,377,39912,18432,Rk54JNn7Qw4
2026-09-10 11:06:10,木枯らしは泣かない,1200952,73,22770,5033,aQ1iXj4oXfI
2026-09-10 11:06:10,Unhappy birthday構文,4182116,384,48503,30197,hBfDlIN0WtI
2026-09-10 11:06:10,Alter ego,1565474,51,23636,4516,gQ7l_hav-bA
2026-09-10 11:06:10,港区パセリ,2222232,157,25038,6156,aLu4oyQ2zdw
2026-09-10 11:06:10,死んだふり,1972560,0,31610,5370,WNH_ReRMt5k
2026-09-10 11:06:10,Make or Break,3391196,85,43212,13410,nTxTTZ0QLrI
2026-09-10 11:06:10,Addiction,3567025,191,44540,10285,ReuFa_D1Vok
2026-09-10 11:06:10,Nightmare症候群,2121286,58,33004,6759,Grx5AhU14QU
2026-09-10 11:06:10,Nothing special,1630798,72,25524,5484,WdUBD5slEnc
2026-09-10 11:06:10,UDAGAWA GENERATION,6539500,207,59236,22704,qP52sh7PzYA
2026-09-10 11:06:10,本質的なこと,2828975,163,33808,6276,iZhbx2mcmug
2026-09-10 11:06:10,僕は僕を好きになれない,2040893,0,29909,8910,Ktu_LGjGd7A
2026-09-10 11:06:10,引きこもる時間はない,2075678,63,26479,4800,KYvq8-xY1Gg
2026-09-10 11:06:10,愛し合いなさい,1609966,18,24713,5876,MAP3cnAexxM
2026-09-10 11:06:10,自業自得,9743059,194,81099,50242,Rs-Y9MtHsoo
2026-09-10 11:06:10,何度　LOVE SONGの歌詞を読み返しただろう,4307247,88,37328,6973,tltXZSiAAdQ
2026-09-10 11:06:10,油を注せ！,2256979,39,28151,11904,x9a0_2aGeWU
2026-09-10 11:06:10,何歳の頃に戻りたいのか？,9516404,268,71596,27143,7xx66mR_HeE
2026-09-10 11:06:10,君がサヨナラ言えたって・・・,1377710,16,26228,4796,1SQWKDr_GfA
2026-09-10 11:06:10,隙間風よ,2965557,74,32046,9059,5Z4emyH-fME
2026-09-10 11:06:10,マモリビト,2962359,40,31359,10072,I8JZbNTl5rM
2026-09-10 11:06:10,承認欲求,8843781,163,72586,25172,x_BjvhMW9TE
2026-09-10 11:06:10,ドローン旋回中,2760561,111,31576,6233,rNwzfyr07SM
2026-09-10 11:06:10,静寂の暴力,6707225,88,53726,12081,uhbvX4GUrpE
2026-09-10 11:06:10,Start over!,14958387,228,109295,64366,YJRFD1AdaUE
2026-09-10 11:06:10,夏の近道,8897028,272,56800,12479,nV1DHIWSdEo
2026-09-10 11:06:10,Cool,4087916,0,38567,11165,XEKPn3WbksE
2026-09-10 11:06:10,桜月,11051872,233,69911,29127,zKLgrxHDgls
2026-09-10 11:06:10,その日まで,2674510,45,55607,5357,F2lWsUJotmc
2026-09-10 11:06:10,摩擦係数,9932992,72,73262,14326,D8piCp9XMKA
2026-09-10 11:06:10,車間距離,2313908,28,29049,3406,MKXSWXlSOB0
2026-09-10 11:06:10,僕のジレンマ,3888443,78,48275,5588,ZBk4V-uqcXs
2026-09-10 11:06:10,五月雨よ,9233970,47,72832,12980,3boaeE3dwMs
2026-09-10 11:06:10,無言の宇宙,6535551,89,53941,7561,7GZGTse6dUs
2026-09-10 11:06:10,Dead end,5741458,62,54375,7205,FEfJB32wvsk
2026-09-10 11:06:10,流れ弾,11598009,129,92177,22393,drCopBcrxRM
2026-09-10 11:06:10,思ったよりも寂しくない,4783381,33,51480,6451,D0W44Z3D3wo
2026-09-10 11:06:10,偶然の答え,5662841,63,59203,8137,_ZCf_iLMwn0
2026-09-10 11:06:10,BAN,14142817,80,97951,18413,fPZ37t3nvco
2026-09-10 11:06:10,Buddies,5856085,38,63148,9236,yT5S7Cy5cCE
2026-09-10 11:06:10,なぜ　恋をして来なかったんだろう？,14480328,68,110706,17060,S4gEJIyLHlM
2026-09-10 11:06:10,Nobady's fault,8545241,0,99749,15506,fagRTasDcKo
2026-09-10 16:37:36,光源,1617691,997,24194,4985,7pusekGNE-o
2026-09-10 16:37:36,The growing up train,2869562,1013,39912,18432,Rk54JNn7Qw4
2026-09-10 16:37:36,木枯らしは泣かない,1201108,156,22770,5033,aQ1iXj4oXfI
2026-09-10 16:37:36,Unhappy birthday構文,4182832,716,48503,30197,hBfDlIN0WtI
2026-09-10 16:37:36,Alter ego,1565721,247,23637,4516,gQ7l_hav-bA
2026-09-10 16:37:36,港区パセリ,2222730,498,25039,6157,aLu4oyQ2zdw
2026-09-10 16:37:36,死んだふり,1972876,316,31610,5370,WNH_ReRMt5k
2026-09-10 16:37:36,Make or Break,3391740,544,43212,13410,nTxTTZ0QLrI
2026-09-10 16:37:36,Addiction,3567632,607,44541,10285,ReuFa_D1Vok
2026-09-10 16:37:36,Nightmare症候群,2121446,160,33004,6759,Grx5AhU14QU
2026-09-10 16:37:36,Nothing special,1630951,153,25525,5484,WdUBD5slEnc
2026-09-10 16:37:36,UDAGAWA GENERATION,6540116,616,59237,22704,qP52sh7PzYA
2026-09-10 16:37:36,本質的なこと,2829221,246,33808,6276,iZhbx2mcmug
2026-09-10 16:37:36,僕は僕を好きになれない,2041042,149,29909,8910,Ktu_LGjGd7A
2026-09-10 16:37:36,引きこもる時間はない,2075789,111,26479,4800,KYvq8-xY1Gg
2026-09-10 16:37:36,愛し合いなさい,1610035,69,24713,5876,MAP3cnAexxM
2026-09-10 16:37:36,自業自得,9743798,739,81100,50242,Rs-Y9MtHsoo
2026-09-10 16:37:36,何度　LOVE SONGの歌詞を読み返しただろう,4307549,302,37328,6973,tltXZSiAAdQ
2026-09-10 16:37:36,油を注せ！,2257107,128,28151,11904,x9a0_2aGeWU
2026-09-10 16:37:36,何歳の頃に戻りたいのか？,9517176,772,71596,27143,7xx66mR_HeE
2026-09-10 16:37:36,君がサヨナラ言えたって・・・,1377767,57,26228,4796,1SQWKDr_GfA
2026-09-10 16:37:36,隙間風よ,2965688,131,32046,9059,5Z4emyH-fME
2026-09-10 16:37:36,マモリビト,2962559,200,31358,10072,I8JZbNTl5rM
2026-09-10 16:37:36,承認欲求,8844228,447,72586,25172,x_BjvhMW9TE
2026-09-10 16:37:36,ドローン旋回中,2760779,218,31576,6233,rNwzfyr07SM
2026-09-10 16:37:36,静寂の暴力,6707632,407,53727,12081,uhbvX4GUrpE
2026-09-10 16:37:36,Start over!,14959032,645,109297,64366,YJRFD1AdaUE
2026-09-10 16:37:36,夏の近道,8897447,419,56802,12479,nV1DHIWSdEo
2026-09-10 16:37:36,Cool,4088084,168,38566,11165,XEKPn3WbksE
2026-09-10 16:37:36,桜月,11052648,776,69918,29128,zKLgrxHDgls
2026-09-10 16:37:36,その日まで,2674631,121,55608,5357,F2lWsUJotmc
2026-09-10 16:37:36,摩擦係数,9933467,475,73261,14326,D8piCp9XMKA
2026-09-10 16:37:36,車間距離,2313966,58,29049,3406,MKXSWXlSOB0
2026-09-10 16:37:36,僕のジレンマ,3888563,120,48275,5588,ZBk4V-uqcXs
2026-09-10 16:37:36,五月雨よ,9234265,295,72835,12980,3boaeE3dwMs
2026-09-10 16:37:36,無言の宇宙,6535728,177,53941,7561,7GZGTse6dUs
2026-09-10 16:37:36,Dead end,5741615,157,54376,7205,FEfJB32wvsk
2026-09-10 16:37:36,流れ弾,11598260,251,92179,22394,drCopBcrxRM
2026-09-10 16:37:36,思ったよりも寂しくない,4783503,122,51480,6451,D0W44Z3D3wo
2026-09-10 16:37:36,偶然の答え,5662996,155,59204,8137,_ZCf_iLMwn0
2026-09-10 16:37:36,BAN,14143113,296,97951,18413,fPZ37t3nvco
2026-09-10 16:37:36,Buddies,5856149,64,63148,9236,yT5S7Cy5cCE
2026-09-10 16:37:36,なぜ　恋をして来なかったんだろう？,14480765,437,110708,17051,S4gEJIyLHlM
2026-09-10 16:37:36,Nobady's fault,8545509,268,99750,15506,fagRTasDcKo
2026-09-10 21:29:20,光源,1618459,768,24198,4985,7pusekGNE-o
2026-09-10 21:29:20,The growing up train,2870441,879,39913,18433,Rk54JNn7Qw4
2026-09-10 21:29:20,木枯らしは泣かない,1201171,63,22770,5033,aQ1iXj4oXfI
2026-09-10 21:29:20,Unhappy birthday構文,4184170,1338,48508,30197,hBfDlIN0WtI
2026-09-10 21:29:20,Alter ego,1566079,358,23638,4516,gQ7l_hav-bA
2026-09-10 21:29:20,港区パセリ,2223277,547,25042,6157,aLu4oyQ2zdw
2026-09-10 21:29:20,死んだふり,1973158,282,31611,5370,WNH_ReRMt5k
2026-09-10 21:29:20,Make or Break,3392282,542,43215,13410,nTxTTZ0QLrI
2026-09-10 21:29:20,Addiction,3568145,513,44542,10285,ReuFa_D1Vok
2026-09-10 21:29:20,Nightmare症候群,2121697,251,33004,6759,Grx5AhU14QU
2026-09-10 21:29:20,Nothing special,1631080,129,25525,5484,WdUBD5slEnc
2026-09-10 21:29:20,UDAGAWA GENERATION,6540679,563,59238,22704,qP52sh7PzYA
2026-09-10 21:29:20,本質的なこと,2829578,357,33809,6276,iZhbx2mcmug
2026-09-10 21:29:20,僕は僕を好きになれない,2041197,155,29908,8910,Ktu_LGjGd7A
2026-09-10 21:29:20,引きこもる時間はない,2075863,74,26479,4800,KYvq8-xY1Gg
2026-09-10 21:29:20,愛し合いなさい,1610127,92,24713,5876,MAP3cnAexxM
2026-09-10 21:29:20,自業自得,9744496,698,81101,50244,Rs-Y9MtHsoo
2026-09-10 21:29:20,何度　LOVE SONGの歌詞を読み返しただろう,4307947,398,37328,6973,tltXZSiAAdQ
2026-09-10 21:29:20,油を注せ！,2257207,100,28152,11904,x9a0_2aGeWU
2026-09-10 21:29:20,何歳の頃に戻りたいのか？,9517820,644,71602,27143,7xx66mR_HeE
2026-09-10 21:29:20,君がサヨナラ言えたって・・・,1377795,28,26228,4796,1SQWKDr_GfA
2026-09-10 21:29:20,隙間風よ,2965830,142,32047,9059,5Z4emyH-fME
2026-09-10 21:29:20,マモリビト,2962789,230,31358,10071,I8JZbNTl5rM
2026-09-10 21:29:20,承認欲求,8844757,529,72585,25172,x_BjvhMW9TE
2026-09-10 21:29:20,ドローン旋回中,2760950,171,31576,6233,rNwzfyr07SM
2026-09-10 21:29:20,静寂の暴力,6708004,372,53728,12081,uhbvX4GUrpE
2026-09-10 21:29:20,Start over!,14959810,778,109298,64366,YJRFD1AdaUE
2026-09-10 21:29:20,夏の近道,8898156,709,56804,12479,nV1DHIWSdEo
2026-09-10 21:29:20,Cool,4088241,157,38567,11165,XEKPn3WbksE
2026-09-10 21:29:20,桜月,11053305,657,69920,29128,zKLgrxHDgls
2026-09-10 21:29:20,その日まで,2674787,156,55612,5357,F2lWsUJotmc
2026-09-10 21:29:20,摩擦係数,9933911,444,73264,14326,D8piCp9XMKA
2026-09-10 21:29:20,車間距離,2314039,73,29050,3406,MKXSWXlSOB0
2026-09-10 21:29:20,僕のジレンマ,3888750,187,48276,5588,ZBk4V-uqcXs
2026-09-10 21:29:20,五月雨よ,9234598,333,72837,12981,3boaeE3dwMs
2026-09-10 21:29:20,無言の宇宙,6535987,259,53943,7561,7GZGTse6dUs
2026-09-10 21:29:20,Dead end,5741821,206,54375,7205,FEfJB32wvsk
2026-09-10 21:29:20,流れ弾,11598631,371,92180,22394,drCopBcrxRM
2026-09-10 21:29:20,思ったよりも寂しくない,4783554,51,51479,6451,D0W44Z3D3wo
2026-09-10 21:29:20,偶然の答え,5663191,195,59205,8137,_ZCf_iLMwn0
2026-09-10 21:29:20,BAN,14143489,376,97951,18413,fPZ37t3nvco
2026-09-10 21:29:20,Buddies,5856264,115,63149,9236,yT5S7Cy5cCE
2026-09-10 21:29:20,なぜ　恋をして来なかったんだろう？,14481179,414,110710,17051,S4gEJIyLHlM
2026-09-10 21:29:20,Nobady's fault,8545685,176,99750,15506,fagRTasDcKo
2026-09-11 01:45:08,光源,1619369,910,24202,4985,7pusekGNE-o
2026-09-11 01:45:08,The growing up train,2871477,1036,39915,18433,Rk54JNn7Qw4
2026-09-11 01:45:08,木枯らしは泣かない,1201471,300,22772,5033,aQ1iXj4oXfI
2026-09-11 01:45:08,Unhappy birthday構文,4185275,1105,48510,30198,hBfDlIN0WtI
2026-09-11 01:45:08,Alter ego,1566428,349,23639,4516,gQ7l_hav-bA
2026-09-11 01:45:08,港区パセリ,2223835,558,25044,6157,aLu4oyQ2zdw
2026-09-11 01:45:08,死んだふり,1973497,339,31611,5370,WNH_ReRMt5k
2026-09-11 01:45:08,Make or Break,3392871,589,43216,13410,nTxTTZ0QLrI
2026-09-11 01:45:08,Addiction,3568737,592,44546,10285,ReuFa_D1Vok
2026-09-11 01:45:08,Nightmare症候群,2121905,208,33005,6759,Grx5AhU14QU
2026-09-11 01:45:08,Nothing special,1631315,235,25525,5484,WdUBD5slEnc
2026-09-11 01:45:08,UDAGAWA GENERATION,6541404,725,59242,22704,qP52sh7PzYA
2026-09-11 01:45:08,本質的なこと,2829932,354,33809,6276,iZhbx2mcmug
2026-09-11 01:45:08,僕は僕を好きになれない,2041263,66,29908,8910,Ktu_LGjGd7A
2026-09-11 01:45:08,引きこもる時間はない,2075935,72,26480,4800,KYvq8-xY1Gg
2026-09-11 01:45:08,愛し合いなさい,1610179,52,24713,5876,MAP3cnAexxM
2026-09-11 01:45:08,自業自得,9745275,779,81103,50243,Rs-Y9MtHsoo
2026-09-11 01:45:08,何度　LOVE SONGの歌詞を読み返しただろう,4308209,262,37328,6973,tltXZSiAAdQ
2026-09-11 01:45:08,油を注せ！,2257281,74,28154,11904,x9a0_2aGeWU
2026-09-11 01:45:08,何歳の頃に戻りたいのか？,9518530,710,71607,27143,7xx66mR_HeE
2026-09-11 01:45:08,君がサヨナラ言えたって・・・,1377856,61,26229,4796,1SQWKDr_GfA
2026-09-11 01:45:08,隙間風よ,2966017,187,32047,9059,5Z4emyH-fME
2026-09-11 01:45:08,マモリビト,2962863,74,31358,10071,I8JZbNTl5rM
2026-09-11 01:45:08,承認欲求,8845254,497,72587,25172,x_BjvhMW9TE
2026-09-11 01:45:08,ドローン旋回中,2761187,237,31577,6233,rNwzfyr07SM
2026-09-11 01:45:08,静寂の暴力,6708406,402,53728,12081,uhbvX4GUrpE
2026-09-11 01:45:08,Start over!,14960550,740,109299,64366,YJRFD1AdaUE
2026-09-11 01:45:08,夏の近道,8898740,584,56805,12479,nV1DHIWSdEo
2026-09-11 01:45:08,Cool,4088459,218,38567,11165,XEKPn3WbksE
2026-09-11 01:45:08,桜月,11054086,781,69922,29128,zKLgrxHDgls
2026-09-11 01:45:08,その日まで,2674948,161,55616,5357,F2lWsUJotmc
2026-09-11 01:45:08,摩擦係数,9934381,470,73264,14326,D8piCp9XMKA
2026-09-11 01:45:08,車間距離,2314090,51,29050,3406,MKXSWXlSOB0
2026-09-11 01:45:08,僕のジレンマ,3888895,145,48277,5588,ZBk4V-uqcXs
2026-09-11 01:45:08,五月雨よ,9234926,328,72841,12981,3boaeE3dwMs
2026-09-11 01:45:08,無言の宇宙,6536265,278,53944,7562,7GZGTse6dUs
2026-09-11 01:45:08,Dead end,5741902,81,54375,7205,FEfJB32wvsk
2026-09-11 01:45:08,流れ弾,11598976,345,92181,22394,drCopBcrxRM
2026-09-11 01:45:08,思ったよりも寂しくない,4783733,179,51481,6451,D0W44Z3D3wo
2026-09-11 01:45:08,偶然の答え,5663346,155,59207,8137,_ZCf_iLMwn0
2026-09-11 01:45:08,BAN,14143877,388,97952,18413,fPZ37t3nvco
2026-09-11 01:45:08,Buddies,5856407,143,63149,9236,yT5S7Cy5cCE
2026-09-11 01:45:08,なぜ　恋をして来なかったんだろう？,14481670,491,110711,17051,S4gEJIyLHlM
2026-09-11 01:45:08,Nobady's fault,8545947,262,99748,15507,fagRTasDcKo
2026-09-11 04:20:46,光源,1619998,629,24202,4985,7pusekGNE-o
2026-09-11 04:20:46,The growing up train,2871951,474,39913,18433,Rk54JNn7Qw4
2026-09-11 04:20:46,木枯らしは泣かない,1201594,123,22772,5033,aQ1iXj4oXfI
2026-09-11 04:20:46,Unhappy birthday構文,4185993,718,48510,30199,hBfDlIN0WtI
2026-09-11 04:20:46,Alter ego,1566683,255,23639,4516,gQ7l_hav-bA
2026-09-11 04:20:46,港区パセリ,2224210,375,25045,6157,aLu4oyQ2zdw
2026-09-11 04:20:46,死んだふり,1973506,9,31611,5370,WNH_ReRMt5k
2026-09-11 04:20:46,Make or Break,3393261,390,43216,13410,nTxTTZ0QLrI
2026-09-11 04:20:46,Addiction,3568976,239,44548,10285,ReuFa_D1Vok
2026-09-11 04:20:46,Nightmare症候群,2122074,169,33005,6759,Grx5AhU14QU
2026-09-11 04:20:46,Nothing special,1631374,59,25525,5484,WdUBD5slEnc
2026-09-11 04:20:46,UDAGAWA GENERATION,6541892,488,59244,22704,qP52sh7PzYA
2026-09-11 04:20:46,本質的なこと,2830140,208,33809,6276,iZhbx2mcmug
2026-09-11 04:20:46,僕は僕を好きになれない,2041391,128,29908,8910,Ktu_LGjGd7A
2026-09-11 04:20:46,引きこもる時間はない,2076054,119,26480,4800,KYvq8-xY1Gg
2026-09-11 04:20:46,愛し合いなさい,1610231,52,24713,5876,MAP3cnAexxM
2026-09-11 04:20:46,自業自得,9745832,557,81103,50243,Rs-Y9MtHsoo
2026-09-11 04:20:46,何度　LOVE SONGの歌詞を読み返しただろう,4308520,311,37328,6973,tltXZSiAAdQ
2026-09-11 04:20:46,油を注せ！,2257408,127,28154,11904,x9a0_2aGeWU
2026-09-11 04:20:46,何歳の頃に戻りたいのか？,9518985,455,71607,27143,7xx66mR_HeE
2026-09-11 04:20:46,君がサヨナラ言えたって・・・,1377952,96,26229,4796,1SQWKDr_GfA
2026-09-11 04:20:46,隙間風よ,2965998,-19,32047,9059,5Z4emyH-fME
2026-09-11 04:20:46,マモリビト,2963157,294,31358,10071,I8JZbNTl5rM
2026-09-11 04:20:46,承認欲求,8845617,363,72587,25172,x_BjvhMW9TE
2026-09-11 04:20:46,ドローン旋回中,2761338,151,31578,6233,rNwzfyr07SM
2026-09-11 04:20:46,静寂の暴力,6708680,274,53728,12081,uhbvX4GUrpE
2026-09-11 04:20:46,Start over!,14961098,548,109301,64366,YJRFD1AdaUE
2026-09-11 04:20:46,夏の近道,8899050,310,56805,12479,nV1DHIWSdEo
2026-09-11 04:20:46,Cool,4088598,139,38567,11165,XEKPn3WbksE
2026-09-11 04:20:46,桜月,11054653,567,69922,29128,zKLgrxHDgls
2026-09-11 04:20:46,その日まで,2675112,164,55617,5357,F2lWsUJotmc
2026-09-11 04:20:46,摩擦係数,9934695,314,73266,14326,D8piCp9XMKA
2026-09-11 04:20:46,車間距離,2314166,76,29050,3406,MKXSWXlSOB0
2026-09-11 04:20:46,僕のジレンマ,3888895,0,48277,5588,ZBk4V-uqcXs
2026-09-11 04:20:46,五月雨よ,9235132,206,72841,12981,3boaeE3dwMs
2026-09-11 04:20:46,無言の宇宙,6536454,189,53944,7562,7GZGTse6dUs
2026-09-11 04:20:46,Dead end,5742113,211,54375,7205,FEfJB32wvsk
2026-09-11 04:20:46,流れ弾,11599245,269,92181,22394,drCopBcrxRM
2026-09-11 04:20:46,思ったよりも寂しくない,4783783,50,51481,6451,D0W44Z3D3wo
2026-09-11 04:20:46,偶然の答え,5663557,211,59208,8137,_ZCf_iLMwn0
2026-09-11 04:20:46,BAN,14144143,266,97952,18413,fPZ37t3nvco
2026-09-11 04:20:46,Buddies,5856459,52,63149,9236,yT5S7Cy5cCE
2026-09-11 04:20:46,なぜ　恋をして来なかったんだろう？,14481989,319,110711,17051,S4gEJIyLHlM
2026-09-11 04:20:46,Nobady's fault,8546108,161,99748,15507,fagRTasDcKo
2026-09-11 07:04:57,光源,1620197,199,24202,4986,7pusekGNE-o
2026-09-11 07:04:57,The growing up train,2872361,410,39912,18435,Rk54JNn7Qw4
2026-09-11 07:04:57,木枯らしは泣かない,1201680,86,22772,5034,aQ1iXj4oXfI
2026-09-11 07:04:57,Unhappy birthday構文,4186436,443,48510,30201,hBfDlIN0WtI
2026-09-11 07:04:57,Alter ego,1566810,127,23639,4517,gQ7l_hav-bA
2026-09-11 07:04:57,港区パセリ,2224376,166,25045,6158,aLu4oyQ2zdw
2026-09-11 07:04:57,死んだふり,1973822,316,31611,5371,WNH_ReRMt5k
2026-09-11 07:04:57,Make or Break,3393478,217,43216,13411,nTxTTZ0QLrI
2026-09-11 07:04:57,Addiction,3569255,279,44548,10286,ReuFa_D1Vok
2026-09-11 07:04:57,Nightmare症候群,2122154,80,33005,6760,Grx5AhU14QU
2026-09-11 07:04:57,Nothing special,1631494,120,25525,5484,WdUBD5slEnc
2026-09-11 07:04:57,UDAGAWA GENERATION,6542147,255,59244,22705,qP52sh7PzYA
2026-09-11 07:04:57,本質的なこと,2830257,117,33809,6277,iZhbx2mcmug
2026-09-11 07:04:57,僕は僕を好きになれない,2041472,81,29909,8910,Ktu_LGjGd7A
2026-09-11 07:04:57,引きこもる時間はない,2076147,93,26480,4801,KYvq8-xY1Gg
2026-09-11 07:04:57,愛し合いなさい,1610249,18,24713,5876,MAP3cnAexxM
2026-09-11 07:04:57,自業自得,9746074,242,81103,50245,Rs-Y9MtHsoo
2026-09-11 07:04:57,何度　LOVE SONGの歌詞を読み返しただろう,4308798,278,37329,6974,tltXZSiAAdQ
2026-09-11 07:04:57,油を注せ！,2257471,63,28154,11904,x9a0_2aGeWU
2026-09-11 07:04:57,何歳の頃に戻りたいのか？,9519201,216,71607,27143,7xx66mR_HeE
2026-09-11 07:04:57,君がサヨナラ言えたって・・・,1377980,28,26229,4796,1SQWKDr_GfA
2026-09-11 07:04:57,隙間風よ,2966187,189,32049,9059,5Z4emyH-fME
2026-09-11 07:04:57,マモリビト,2963208,51,31359,10073,I8JZbNTl5rM
2026-09-11 07:04:57,承認欲求,8845813,196,72588,25172,x_BjvhMW9TE
2026-09-11 07:04:57,ドローン旋回中,2761427,89,31577,6233,rNwzfyr07SM
2026-09-11 07:04:57,静寂の暴力,6708838,158,53728,12082,uhbvX4GUrpE
2026-09-11 07:04:57,Start over!,14961316,218,109301,64366,YJRFD1AdaUE
2026-09-11 07:04:57,夏の近道,8899411,361,56805,12480,nV1DHIWSdEo
2026-09-11 07:04:57,Cool,4088620,22,38567,11165,XEKPn3WbksE
2026-09-11 07:04:57,桜月,11054776,123,69922,29128,zKLgrxHDgls
2026-09-11 07:04:57,その日まで,2675192,80,55618,5357,F2lWsUJotmc
2026-09-11 07:04:57,摩擦係数,9934831,136,73267,14326,D8piCp9XMKA
2026-09-11 07:04:57,車間距離,2314204,38,29050,3406,MKXSWXlSOB0
2026-09-11 07:04:57,僕のジレンマ,3889041,146,48277,5588,ZBk4V-uqcXs
2026-09-11 07:04:57,五月雨よ,9235167,35,72840,12981,3boaeE3dwMs
2026-09-11 07:04:57,無言の宇宙,6536498,44,53944,7562,7GZGTse6dUs
2026-09-11 07:04:57,Dead end,5742281,168,54375,7205,FEfJB32wvsk
2026-09-11 07:04:57,流れ弾,11599382,137,92181,22394,drCopBcrxRM
2026-09-11 07:04:57,思ったよりも寂しくない,4783849,66,51481,6451,D0W44Z3D3wo
2026-09-11 07:04:57,偶然の答え,5663597,40,59208,8137,_ZCf_iLMwn0
2026-09-11 07:04:57,BAN,14144262,119,97952,18413,fPZ37t3nvco
2026-09-11 07:04:57,Buddies,5856532,73,63150,9236,yT5S7Cy5cCE
2026-09-11 07:04:57,なぜ　恋をして来なかったんだろう？,14482056,67,110711,17051,S4gEJIyLHlM
2026-09-11 07:04:57,Nobady's fault,8546166,58,99749,15507,fagRTasDcKo
2026-09-11 09:40:20,光源,1620435,238,24202,4986,7pusekGNE-o
2026-09-11 09:40:20,The growing up train,2872753,392,39915,18435,Rk54JNn7Qw4
2026-09-11 09:40:20,木枯らしは泣かない,1201686,6,22772,5036,aQ1iXj4oXfI
2026-09-11 09:40:20,Unhappy birthday構文,4186668,232,48511,30201,hBfDlIN0WtI
2026-09-11 09:40:20,Alter ego,1566810,0,23639,4517,gQ7l_hav-bA
2026-09-11 09:40:20,港区パセリ,2224497,121,25045,6159,aLu4oyQ2zdw
2026-09-11 09:40:20,死んだふり,1973883,61,31611,5371,WNH_ReRMt5k
2026-09-11 09:40:20,Make or Break,3393600,122,43217,13411,nTxTTZ0QLrI
2026-09-11 09:40:20,Addiction,3569410,155,44548,10286,ReuFa_D1Vok
2026-09-11 09:40:20,Nightmare症候群,2122200,46,33006,6760,Grx5AhU14QU
2026-09-11 09:40:20,Nothing special,1631581,87,25525,5485,WdUBD5slEnc
2026-09-11 09:40:20,UDAGAWA GENERATION,6542223,76,59244,22705,qP52sh7PzYA
2026-09-11 09:40:20,本質的なこと,2830263,6,33811,6277,iZhbx2mcmug
2026-09-11 09:40:20,僕は僕を好きになれない,2041485,13,29909,8911,Ktu_LGjGd7A
2026-09-11 09:40:20,引きこもる時間はない,2076165,18,26480,4801,KYvq8-xY1Gg
2026-09-11 09:40:20,愛し合いなさい,1610288,39,24713,5877,MAP3cnAexxM
2026-09-11 09:40:20,自業自得,9746262,188,81103,50248,Rs-Y9MtHsoo
2026-09-11 09:40:20,何度　LOVE SONGの歌詞を読み返しただろう,4308899,101,37331,6974,tltXZSiAAdQ
2026-09-11 09:40:20,油を注せ！,2257490,19,28154,11905,x9a0_2aGeWU
2026-09-11 09:40:20,何歳の頃に戻りたいのか？,9519260,59,71607,27144,7xx66mR_HeE
2026-09-11 09:40:20,君がサヨナラ言えたって・・・,1377980,0,26229,4797,1SQWKDr_GfA
2026-09-11 09:40:20,隙間風よ,2966191,4,32049,9060,5Z4emyH-fME
2026-09-11 09:40:20,マモリビト,2963221,13,31359,10073,I8JZbNTl5rM
2026-09-11 09:40:20,承認欲求,8845844,31,72591,25173,x_BjvhMW9TE
2026-09-11 09:40:20,ドローン旋回中,2761455,28,31580,6234,rNwzfyr07SM
2026-09-11 09:40:20,静寂の暴力,6708838,0,53728,12082,uhbvX4GUrpE
2026-09-11 09:40:20,Start over!,14961633,317,109302,64367,YJRFD1AdaUE
2026-09-11 09:40:20,夏の近道,8899549,138,56806,12481,nV1DHIWSdEo
2026-09-11 09:40:20,Cool,4088674,54,38567,11165,XEKPn3WbksE
2026-09-11 09:40:20,桜月,11055157,381,69922,29129,zKLgrxHDgls
2026-09-11 09:40:20,その日まで,2675205,13,55618,5358,F2lWsUJotmc
2026-09-11 09:40:20,摩擦係数,9934930,99,73268,14327,D8piCp9XMKA
2026-09-11 09:40:20,車間距離,2314231,27,29050,3407,MKXSWXlSOB0
2026-09-11 09:40:20,僕のジレンマ,3889098,57,48277,5589,ZBk4V-uqcXs
2026-09-11 09:40:20,五月雨よ,9235282,115,72841,12982,3boaeE3dwMs
2026-09-11 09:40:20,無言の宇宙,6536618,120,53945,7563,7GZGTse6dUs
2026-09-11 09:40:20,Dead end,5742324,43,54375,7206,FEfJB32wvsk
2026-09-11 09:40:20,流れ弾,11599467,85,92182,22395,drCopBcrxRM
2026-09-11 09:40:20,思ったよりも寂しくない,4783858,9,51481,6452,D0W44Z3D3wo
2026-09-11 09:40:20,偶然の答え,5663714,117,59209,8138,_ZCf_iLMwn0
2026-09-11 09:40:20,BAN,14144332,70,97953,18414,fPZ37t3nvco
2026-09-11 09:40:20,Buddies,5856552,20,63150,9237,yT5S7Cy5cCE
2026-09-11 09:40:20,なぜ　恋をして来なかったんだろう？,14482259,203,110712,17052,S4gEJIyLHlM
2026-09-11 09:40:20,Nobady's fault,8546178,12,99750,15508,fagRTasDcKo
2026-09-11 14:25:14,光源,1621260,825,24205,4986,7pusekGNE-o
2026-09-11 14:25:14,The growing up train,2873567,814,39915,18435,Rk54JNn7Qw4
2026-09-11 14:25:14,木枯らしは泣かない,1201910,224,22772,5037,aQ1iXj4oXfI
2026-09-11 14:25:14,Unhappy birthday構文,4187572,904,48513,30201,hBfDlIN0WtI
2026-09-11 14:25:14,Alter ego,1567138,328,23641,4517,gQ7l_hav-bA
2026-09-11 14:25:14,港区パセリ,2224959,462,25048,6159,aLu4oyQ2zdw
2026-09-11 14:25:14,死んだふり,1974085,202,31612,5371,WNH_ReRMt5k
2026-09-11 14:25:14,Make or Break,3393982,382,43219,13411,nTxTTZ0QLrI
2026-09-11 14:25:14,Addiction,3569871,461,44548,10286,ReuFa_D1Vok
2026-09-11 14:25:14,Nightmare症候群,2122363,163,33007,6760,Grx5AhU14QU
2026-09-11 14:25:14,Nothing special,1631613,32,25525,5485,WdUBD5slEnc
2026-09-11 14:25:14,UDAGAWA GENERATION,6542844,621,59245,22705,qP52sh7PzYA
2026-09-11 14:25:14,本質的なこと,2830586,323,33812,6277,iZhbx2mcmug
2026-09-11 14:25:14,僕は僕を好きになれない,2041550,65,29909,8911,Ktu_LGjGd7A
2026-09-11 14:25:14,引きこもる時間はない,2076268,103,26480,4801,KYvq8-xY1Gg
2026-09-11 14:25:14,愛し合いなさい,1610325,37,24713,5877,MAP3cnAexxM
2026-09-11 14:25:14,自業自得,9746827,565,81105,50247,Rs-Y9MtHsoo
2026-09-11 14:25:14,何度　LOVE SONGの歌詞を読み返しただろう,4309175,276,37331,6974,tltXZSiAAdQ
2026-09-11 14:25:14,油を注せ！,2257592,102,28154,11905,x9a0_2aGeWU
2026-09-11 14:25:14,何歳の頃に戻りたいのか？,9519930,670,71609,27144,7xx66mR_HeE
2026-09-11 14:25:14,君がサヨナラ言えたって・・・,1378049,69,26229,4797,1SQWKDr_GfA
2026-09-11 14:25:14,隙間風よ,2966334,143,32049,9060,5Z4emyH-fME
2026-09-11 14:25:14,マモリビト,2963300,79,31359,10073,I8JZbNTl5rM
2026-09-11 14:25:14,承認欲求,8846077,233,72591,25173,x_BjvhMW9TE
2026-09-11 14:25:14,ドローン旋回中,2761622,167,31581,6235,rNwzfyr07SM
2026-09-11 14:25:14,静寂の暴力,6709222,384,53730,12082,uhbvX4GUrpE
2026-09-11 14:25:14,Start over!,14962226,593,109302,64367,YJRFD1AdaUE
2026-09-11 14:25:14,夏の近道,8900011,462,56808,12481,nV1DHIWSdEo
2026-09-11 14:25:14,Cool,4088745,71,38567,11165,XEKPn3WbksE
2026-09-11 14:25:14,桜月,11055746,589,69924,29129,zKLgrxHDgls
2026-09-11 14:25:14,その日まで,2675329,124,55619,5357,F2lWsUJotmc
2026-09-11 14:25:14,摩擦係数,9935301,371,73268,14326,D8piCp9XMKA
2026-09-11 14:25:14,車間距離,2314272,41,29050,3407,MKXSWXlSOB0
2026-09-11 14:25:14,僕のジレンマ,3889175,77,48277,5589,ZBk4V-uqcXs
2026-09-11 14:25:14,五月雨よ,9235414,132,72841,12982,3boaeE3dwMs
2026-09-11 14:25:14,無言の宇宙,6536766,148,53946,7563,7GZGTse6dUs
2026-09-11 14:25:14,Dead end,5742483,159,54376,7206,FEfJB32wvsk
2026-09-11 14:25:14,流れ弾,11599717,250,92182,22394,drCopBcrxRM
2026-09-11 14:25:14,思ったよりも寂しくない,4783915,57,51481,6452,D0W44Z3D3wo
2026-09-11 14:25:14,偶然の答え,5663838,124,59209,8138,_ZCf_iLMwn0
2026-09-11 14:25:14,BAN,14144504,172,97953,18414,fPZ37t3nvco
2026-09-11 14:25:14,Buddies,5856606,54,63150,9237,yT5S7Cy5cCE
2026-09-11 14:25:14,なぜ　恋をして来なかったんだろう？,14482578,319,110712,17061,S4gEJIyLHlM
2026-09-11 14:25:14,Nobady's fault,8546262,84,99750,15508,fagRTasDcKo
2026-09-11 19:13:06,光源,1622076,816,24205,4987,7pusekGNE-o
2026-09-11 19:13:06,The growing up train,2874487,920,39918,18435,Rk54JNn7Qw4
2026-09-11 19:13:06,木枯らしは泣かない,1202082,172,22774,5037,aQ1iXj4oXfI
2026-09-11 19:13:06,Unhappy birthday構文,4188701,1129,48517,30201,hBfDlIN0WtI
2026-09-11 19:13:06,Alter ego,1567434,296,23641,4518,gQ7l_hav-bA
2026-09-11 19:13:06,港区パセリ,2225277,318,25049,6159,aLu4oyQ2zdw
2026-09-11 19:13:06,死んだふり,1974225,140,31613,5371,WNH_ReRMt5k
2026-09-11 19:13:06,Make or Break,3394471,489,43219,13411,nTxTTZ0QLrI
2026-09-11 19:13:06,Addiction,3570205,334,44548,10286,ReuFa_D1Vok
2026-09-11 19:13:06,Nightmare症候群,2122556,193,33007,6760,Grx5AhU14QU
2026-09-11 19:13:06,Nothing special,1631818,205,25525,5485,WdUBD5slEnc
2026-09-11 19:13:06,UDAGAWA GENERATION,6543496,652,59248,22705,qP52sh7PzYA
2026-09-11 19:13:06,本質的なこと,2830900,314,33813,6277,iZhbx2mcmug
2026-09-11 19:13:06,僕は僕を好きになれない,2041747,197,29910,8911,Ktu_LGjGd7A
2026-09-11 19:13:06,引きこもる時間はない,2076363,95,26481,4801,KYvq8-xY1Gg
2026-09-11 19:13:06,愛し合いなさい,1610443,118,24713,5877,MAP3cnAexxM
2026-09-11 19:13:06,自業自得,9747571,744,81106,50249,Rs-Y9MtHsoo
2026-09-11 19:13:06,何度　LOVE SONGの歌詞を読み返しただろう,4309413,238,37331,6975,tltXZSiAAdQ
2026-09-11 19:13:06,油を注せ！,2257685,93,28154,11905,x9a0_2aGeWU
2026-09-11 19:13:06,何歳の頃に戻りたいのか？,9520521,591,71611,27145,7xx66mR_HeE
2026-09-11 19:13:06,君がサヨナラ言えたって・・・,1378089,40,26229,4797,1SQWKDr_GfA
2026-09-11 19:13:06,隙間風よ,2966488,154,32049,9060,5Z4emyH-fME
2026-09-11 19:13:06,マモリビト,2963523,223,31360,10073,I8JZbNTl5rM
2026-09-11 19:13:06,承認欲求,8846809,732,72594,25173,x_BjvhMW9TE
2026-09-11 19:13:06,ドローン旋回中,2761790,168,31582,6235,rNwzfyr07SM
2026-09-11 19:13:06,静寂の暴力,6709616,394,53732,12082,uhbvX4GUrpE
2026-09-11 19:13:06,Start over!,14962916,690,109303,64367,YJRFD1AdaUE
2026-09-11 19:13:06,夏の近道,8900318,307,56811,12481,nV1DHIWSdEo
2026-09-11 19:13:06,Cool,4089003,258,38568,11165,XEKPn3WbksE
2026-09-11 19:13:06,桜月,11056463,717,69926,29129,zKLgrxHDgls
2026-09-11 19:13:06,その日まで,2675366,37,55619,5357,F2lWsUJotmc
2026-09-11 19:13:06,摩擦係数,9935720,419,73269,14326,D8piCp9XMKA
2026-09-11 19:13:06,車間距離,2314344,72,29050,3407,MKXSWXlSOB0
2026-09-11 19:13:06,僕のジレンマ,3889359,184,48278,5589,ZBk4V-uqcXs
2026-09-11 19:13:06,五月雨よ,9235909,495,72842,12982,3boaeE3dwMs
2026-09-11 19:13:06,無言の宇宙,6537017,251,53947,7564,7GZGTse6dUs
2026-09-11 19:13:06,Dead end,5742609,126,54376,7206,FEfJB32wvsk
2026-09-11 19:13:06,流れ弾,11599916,199,92182,22395,drCopBcrxRM
2026-09-11 19:13:06,思ったよりも寂しくない,4784105,190,51482,6452,D0W44Z3D3wo
2026-09-11 19:13:06,偶然の答え,5663963,125,59210,8138,_ZCf_iLMwn0
2026-09-11 19:13:06,BAN,14144953,449,97954,18415,fPZ37t3nvco
2026-09-11 19:13:06,Buddies,5856725,119,63150,9237,yT5S7Cy5cCE
2026-09-11 19:13:06,なぜ　恋をして来なかったんだろう？,14482957,379,110714,17061,S4gEJIyLHlM
2026-09-11 19:13:06,Nobady's fault,8546563,301,99751,15509,fagRTasDcKo
2026-09-11 23:42:12,光源,1622760,684,24209,4987,7pusekGNE-o
2026-09-11 23:42:12,The growing up train,2875265,778,39917,18435,Rk54JNn7Qw4
2026-09-11 23:42:12,木枯らしは泣かない,1202271,189,22775,5038,aQ1iXj4oXfI
2026-09-11 23:42:12,Unhappy birthday構文,4189579,878,48522,30201,hBfDlIN0WtI
2026-09-11 23:42:12,Alter ego,1567685,251,23641,4518,gQ7l_hav-bA
2026-09-11 23:42:12,港区パセリ,2225925,648,25050,6159,aLu4oyQ2zdw
2026-09-11 23:42:12,死んだふり,1974574,349,31612,5372,WNH_ReRMt5k
2026-09-11 23:42:12,Make or Break,3394885,414,43220,13411,nTxTTZ0QLrI
2026-09-11 23:42:12,Addiction,3570754,549,44548,10286,ReuFa_D1Vok
2026-09-11 23:42:12,Nightmare症候群,2122724,168,33008,6760,Grx5AhU14QU
2026-09-11 23:42:12,Nothing special,1631920,102,25525,5485,WdUBD5slEnc
2026-09-11 23:42:12,UDAGAWA GENERATION,6544066,570,59250,22705,qP52sh7PzYA
2026-09-11 23:42:12,本質的なこと,2831155,255,33814,6277,iZhbx2mcmug
2026-09-11 23:42:12,僕は僕を好きになれない,2041824,77,29910,8911,Ktu_LGjGd7A
2026-09-11 23:42:12,引きこもる時間はない,2076444,81,26481,4801,KYvq8-xY1Gg
2026-09-11 23:42:12,愛し合いなさい,1610498,55,24712,5877,MAP3cnAexxM
2026-09-11 23:42:12,自業自得,9748199,628,81108,50249,Rs-Y9MtHsoo
2026-09-11 23:42:12,何度　LOVE SONGの歌詞を読み返しただろう,4309829,416,37332,6975,tltXZSiAAdQ
2026-09-11 23:42:12,油を注せ！,2257821,136,28155,11905,x9a0_2aGeWU
2026-09-11 23:42:12,何歳の頃に戻りたいのか？,9521074,553,71612,27147,7xx66mR_HeE
2026-09-11 23:42:12,君がサヨナラ言えたって・・・,1378152,63,26229,4797,1SQWKDr_GfA
2026-09-11 23:42:12,隙間風よ,2966559,71,32049,9060,5Z4emyH-fME
2026-09-11 23:42:12,マモリビト,2963847,324,31361,10074,I8JZbNTl5rM
2026-09-11 23:42:12,承認欲求,8847208,399,72597,25172,x_BjvhMW9TE
2026-09-11 23:42:12,ドローン旋回中,2761963,173,31584,6235,rNwzfyr07SM
2026-09-11 23:42:12,静寂の暴力,6709918,302,53732,12082,uhbvX4GUrpE
2026-09-11 23:42:12,Start over!,14963501,585,109305,64368,YJRFD1AdaUE
2026-09-11 23:42:12,夏の近道,8901123,805,56815,12481,nV1DHIWSdEo
2026-09-11 23:42:12,Cool,4089143,140,38569,11165,XEKPn3WbksE
2026-09-11 23:42:12,桜月,11057108,645,69929,29129,zKLgrxHDgls
2026-09-11 23:42:12,その日まで,2675613,247,55619,5357,F2lWsUJotmc
2026-09-11 23:42:12,摩擦係数,9936080,360,73270,14326,D8piCp9XMKA
2026-09-11 23:42:12,車間距離,2314453,109,29050,3407,MKXSWXlSOB0
2026-09-11 23:42:12,僕のジレンマ,3889533,174,48279,5589,ZBk4V-uqcXs
2026-09-11 23:42:12,五月雨よ,9236184,275,72842,12982,3boaeE3dwMs
2026-09-11 23:42:12,無言の宇宙,6537225,208,53950,7564,7GZGTse6dUs
2026-09-11 23:42:12,Dead end,5742865,256,54376,7206,FEfJB32wvsk
2026-09-11 23:42:12,流れ弾,11600316,400,92182,22395,drCopBcrxRM
2026-09-11 23:42:12,思ったよりも寂しくない,4784131,26,51482,6452,D0W44Z3D3wo
2026-09-11 23:42:12,偶然の答え,5664223,260,59210,8138,_ZCf_iLMwn0
2026-09-11 23:42:12,BAN,14145270,317,97954,18415,fPZ37t3nvco
2026-09-11 23:42:12,Buddies,5856797,72,63150,9237,yT5S7Cy5cCE
2026-09-11 23:42:12,なぜ　恋をして来なかったんだろう？,14483270,313,110715,17061,S4gEJIyLHlM
2026-09-11 23:42:12,Nobady's fault,8546727,164,99752,15509,fagRTasDcKo
2026-09-12 03:00:11,光源,1623344,584,24210,4987,7pusekGNE-o
2026-09-12 03:00:11,The growing up train,2875730,465,39917,18435,Rk54JNn7Qw4
2026-09-12 03:00:11,木枯らしは泣かない,1202421,150,22778,5038,aQ1iXj4oXfI
2026-09-12 03:00:11,Unhappy birthday構文,4190321,742,48524,30202,hBfDlIN0WtI
2026-09-12 03:00:11,Alter ego,1567948,263,23641,4519,gQ7l_hav-bA
2026-09-12 03:00:11,港区パセリ,2226379,454,25050,6159,aLu4oyQ2zdw
2026-09-12 03:00:11,死んだふり,1974679,105,31612,5372,WNH_ReRMt5k
2026-09-12 03:00:11,Make or Break,3395112,227,43221,13411,nTxTTZ0QLrI
2026-09-12 03:00:11,Addiction,3571010,256,44549,10286,ReuFa_D1Vok
2026-09-12 03:00:11,Nightmare症候群,2122853,129,33008,6760,Grx5AhU14QU
2026-09-12 03:00:11,Nothing special,1632036,116,25525,5485,WdUBD5slEnc
2026-09-12 03:00:11,UDAGAWA GENERATION,6544378,312,59250,22706,qP52sh7PzYA
2026-09-12 03:00:11,本質的なこと,2831339,184,33814,6277,iZhbx2mcmug
2026-09-12 03:00:11,僕は僕を好きになれない,2041930,106,29910,8912,Ktu_LGjGd7A
2026-09-12 03:00:11,引きこもる時間はない,2076589,145,26482,4801,KYvq8-xY1Gg
2026-09-12 03:00:11,愛し合いなさい,1610565,67,24712,5877,MAP3cnAexxM
2026-09-12 03:00:11,自業自得,9748623,424,81109,50247,Rs-Y9MtHsoo
2026-09-12 03:00:11,何度　LOVE SONGの歌詞を読み返しただろう,4310051,222,37333,6975,tltXZSiAAdQ
2026-09-12 03:00:11,油を注せ！,2257906,85,28158,11905,x9a0_2aGeWU
2026-09-12 03:00:11,何歳の頃に戻りたいのか？,9521449,375,71612,27147,7xx66mR_HeE
2026-09-12 03:00:11,君がサヨナラ言えたって・・・,1378152,0,26229,4797,1SQWKDr_GfA
2026-09-12 03:00:11,隙間風よ,2966631,72,32049,9060,5Z4emyH-fME
2026-09-12 03:00:11,マモリビト,2964035,188,31362,10074,I8JZbNTl5rM
2026-09-12 03:00:11,承認欲求,8847494,286,72598,25172,x_BjvhMW9TE
2026-09-12 03:00:11,ドローン旋回中,2762022,59,31584,6235,rNwzfyr07SM
2026-09-12 03:00:11,静寂の暴力,6710197,279,53732,12082,uhbvX4GUrpE
2026-09-12 03:00:11,Start over!,14964085,584,109307,64368,YJRFD1AdaUE
2026-09-12 03:00:11,夏の近道,8901624,501,56816,12481,nV1DHIWSdEo
2026-09-12 03:00:11,Cool,4089281,138,38569,11165,XEKPn3WbksE
2026-09-12 03:00:11,桜月,11057516,408,69930,29129,zKLgrxHDgls
2026-09-12 03:00:11,その日まで,2675716,103,55620,5357,F2lWsUJotmc
2026-09-12 03:00:11,摩擦係数,9936303,223,73272,14326,D8piCp9XMKA
2026-09-12 03:00:11,車間距離,2314502,49,29051,3407,MKXSWXlSOB0
2026-09-12 03:00:11,僕のジレンマ,3889603,70,48280,5589,ZBk4V-uqcXs
2026-09-12 03:00:11,五月雨よ,9236362,178,72842,12982,3boaeE3dwMs
2026-09-12 03:00:11,無言の宇宙,6537306,81,53950,7564,7GZGTse6dUs
2026-09-12 03:00:11,Dead end,5743001,136,54377,7206,FEfJB32wvsk
2026-09-12 03:00:11,流れ弾,11600529,213,92182,22395,drCopBcrxRM
2026-09-12 03:00:11,思ったよりも寂しくない,4784235,104,51482,6452,D0W44Z3D3wo
2026-09-12 03:00:11,偶然の答え,5664364,141,59210,8138,_ZCf_iLMwn0
2026-09-12 03:00:11,BAN,14145552,282,97957,18415,fPZ37t3nvco
2026-09-12 03:00:11,Buddies,5856897,100,63150,9236,yT5S7Cy5cCE
2026-09-12 03:00:11,なぜ　恋をして来なかったんだろう？,14483618,348,110715,17061,S4gEJIyLHlM
2026-09-12 03:00:11,Nobady's fault,8546866,139,99754,15509,fagRTasDcKo
2026-09-12 05:40:30,光源,1623344,0,24210,4987,7pusekGNE-o
2026-09-12 05:40:30,The growing up train,2876267,537,39919,18435,Rk54JNn7Qw4
2026-09-12 05:40:30,木枯らしは泣かない,1202421,0,22778,5038,aQ1iXj4oXfI
2026-09-12 05:40:30,Unhappy birthday構文,4190667,346,48526,30202,hBfDlIN0WtI
2026-09-12 05:40:30,Alter ego,1568107,159,23641,4520,gQ7l_hav-bA
2026-09-12 05:40:30,港区パセリ,2226539,160,25051,6159,aLu4oyQ2zdw
2026-09-12 05:40:30,死んだふり,1974778,99,31613,5372,WNH_ReRMt5k
2026-09-12 05:40:30,Make or Break,3395483,371,43221,13411,nTxTTZ0QLrI
2026-09-12 05:40:30,Addiction,3571353,343,44549,10286,ReuFa_D1Vok
2026-09-12 05:40:30,Nightmare症候群,2122920,67,33008,6760,Grx5AhU14QU
2026-09-12 05:40:30,Nothing special,1632159,123,25525,5485,WdUBD5slEnc
2026-09-12 05:40:30,UDAGAWA GENERATION,6544909,531,59250,22706,qP52sh7PzYA
2026-09-12 05:40:30,本質的なこと,2831546,207,33814,6277,iZhbx2mcmug
2026-09-12 05:40:30,僕は僕を好きになれない,2041958,28,29910,8912,Ktu_LGjGd7A
2026-09-12 05:40:30,引きこもる時間はない,2076653,64,26482,4801,KYvq8-xY1Gg
2026-09-12 05:40:30,愛し合いなさい,1610629,64,24712,5877,MAP3cnAexxM
2026-09-12 05:40:30,自業自得,9748901,278,81110,50247,Rs-Y9MtHsoo
2026-09-12 05:40:30,何度　LOVE SONGの歌詞を読み返しただろう,4310297,246,37333,6975,tltXZSiAAdQ
2026-09-12 05:40:30,油を注せ！,2257908,2,28158,11905,x9a0_2aGeWU
2026-09-12 05:40:30,何歳の頃に戻りたいのか？,9521615,166,71613,27147,7xx66mR_HeE
2026-09-12 05:40:30,君がサヨナラ言えたって・・・,1378202,50,26229,4797,1SQWKDr_GfA
2026-09-12 05:40:30,隙間風よ,2966729,98,32049,9060,5Z4emyH-fME
2026-09-12 05:40:30,マモリビト,2964035,0,31362,10074,I8JZbNTl5rM
2026-09-12 05:40:30,承認欲求,8847765,271,72598,25172,x_BjvhMW9TE
2026-09-12 05:40:30,ドローン旋回中,2762169,147,31584,6235,rNwzfyr07SM
2026-09-12 05:40:30,静寂の暴力,6710379,182,53733,12082,uhbvX4GUrpE
2026-09-12 05:40:30,Start over!,14964121,36,109309,64368,YJRFD1AdaUE
2026-09-12 05:40:30,夏の近道,8901814,190,56816,12482,nV1DHIWSdEo
2026-09-12 05:40:30,Cool,4089281,0,38569,11165,XEKPn3WbksE
2026-09-12 05:40:30,桜月,11058085,569,69930,29129,zKLgrxHDgls
2026-09-12 05:40:30,その日まで,2675717,1,55620,5357,F2lWsUJotmc
2026-09-12 05:40:30,摩擦係数,9936567,264,73272,14326,D8piCp9XMKA
2026-09-12 05:40:30,車間距離,2314552,50,29051,3407,MKXSWXlSOB0
2026-09-12 05:40:30,僕のジレンマ,3889710,107,48280,5589,ZBk4V-uqcXs
2026-09-12 05:40:30,五月雨よ,9236362,0,72842,12982,3boaeE3dwMs
2026-09-12 05:40:30,無言の宇宙,6537574,268,53951,7564,7GZGTse6dUs
2026-09-12 05:40:30,Dead end,5743148,147,54377,7206,FEfJB32wvsk
2026-09-12 05:40:30,流れ弾,11600722,193,92183,22395,drCopBcrxRM
2026-09-12 05:40:30,思ったよりも寂しくない,4784275,40,51483,6452,D0W44Z3D3wo
2026-09-12 05:40:30,偶然の答え,5664564,200,59210,8138,_ZCf_iLMwn0
2026-09-12 05:40:30,BAN,14145718,166,97958,18415,fPZ37t3nvco
2026-09-12 05:40:30,Buddies,5856979,82,63150,9236,yT5S7Cy5cCE
2026-09-12 05:40:30,なぜ　恋をして来なかったんだろう？,14483623,5,110715,17061,S4gEJIyLHlM
2026-09-12 05:40:30,Nobady's fault,8547029,163,99754,15509,fagRTasDcKo
2026-09-12 07:53:14,光源,1623971,627,24211,4987,7pusekGNE-o
2026-09-12 07:53:14,The growing up train,2876565,298,39919,18436,Rk54JNn7Qw4
2026-09-12 07:53:14,木枯らしは泣かない,1202530,109,22778,5038,aQ1iXj4oXfI
2026-09-12 07:53:14,Unhappy birthday構文,4191098,431,48527,30203,hBfDlIN0WtI
2026-09-12 07:53:14,Alter ego,1568107,0,23641,4520,gQ7l_hav-bA
2026-09-12 07:53:14,港区パセリ,2226793,254,25051,6160,aLu4oyQ2zdw
2026-09-12 07:53:14,死んだふり,1974987,209,31613,5372,WNH_ReRMt5k
2026-09-12 07:53:14,Make or Break,3395491,8,43221,13411,nTxTTZ0QLrI
2026-09-12 07:53:14,Addiction,3571364,11,44549,10286,ReuFa_D1Vok
2026-09-12 07:53:14,Nightmare症候群,2123009,89,33008,6760,Grx5AhU14QU
2026-09-12 07:53:14,Nothing special,1632249,90,25526,5485,WdUBD5slEnc
2026-09-12 07:53:14,UDAGAWA GENERATION,6544909,0,59250,22706,qP52sh7PzYA
2026-09-12 07:53:14,本質的なこと,2831543,-3,33814,6277,iZhbx2mcmug
2026-09-12 07:53:14,僕は僕を好きになれない,2041958,0,29910,8912,Ktu_LGjGd7A
2026-09-12 07:53:14,引きこもる時間はない,2076648,-5,26482,4801,KYvq8-xY1Gg
2026-09-12 07:53:14,愛し合いなさい,1610618,-11,24712,5877,MAP3cnAexxM
2026-09-12 07:53:14,自業自得,9749297,396,81110,50250,Rs-Y9MtHsoo
2026-09-12 07:53:14,何度　LOVE SONGの歌詞を読み返しただろう,4310301,4,37333,6975,tltXZSiAAdQ
2026-09-12 07:53:14,油を注せ！,2257952,44,28158,11905,x9a0_2aGeWU
2026-09-12 07:53:14,何歳の頃に戻りたいのか？,9521865,250,71613,27147,7xx66mR_HeE
2026-09-12 07:53:14,君がサヨナラ言えたって・・・,1378232,30,26229,4797,1SQWKDr_GfA
2026-09-12 07:53:14,隙間風よ,2966719,-10,32049,9060,5Z4emyH-fME
2026-09-12 07:53:14,マモリビト,2964106,71,31362,10074,I8JZbNTl5rM
2026-09-12 07:53:14,承認欲求,8847964,199,72598,25172,x_BjvhMW9TE
2026-09-12 07:53:14,ドローン旋回中,2762169,0,31584,6235,rNwzfyr07SM
2026-09-12 07:53:14,静寂の暴力,6710527,148,53733,12082,uhbvX4GUrpE
2026-09-12 07:53:14,Start over!,14964611,490,109309,64368,YJRFD1AdaUE
2026-09-12 07:53:14,夏の近道,8902094,280,56816,12482,nV1DHIWSdEo
2026-09-12 07:53:14,Cool,4089411,130,38569,11165,XEKPn3WbksE
2026-09-12 07:53:14,桜月,11058224,139,69930,29129,zKLgrxHDgls
2026-09-12 07:53:14,その日まで,2675777,60,55620,5357,F2lWsUJotmc
2026-09-12 07:53:14,摩擦係数,9936568,1,73272,14326,D8piCp9XMKA
2026-09-12 07:53:14,車間距離,2314546,-6,29051,3407,MKXSWXlSOB0
2026-09-12 07:53:14,僕のジレンマ,3889805,95,48280,5589,ZBk4V-uqcXs
2026-09-12 07:53:14,五月雨よ,9236539,177,72842,12982,3boaeE3dwMs
2026-09-12 07:53:14,無言の宇宙,6537660,86,53951,7564,7GZGTse6dUs
2026-09-12 07:53:14,Dead end,5743153,5,54377,7206,FEfJB32wvsk
2026-09-12 07:53:14,流れ弾,11600835,113,92183,22395,drCopBcrxRM
2026-09-12 07:53:14,思ったよりも寂しくない,4784292,17,51483,6452,D0W44Z3D3wo
2026-09-12 07:53:14,偶然の答え,5664591,27,59210,8138,_ZCf_iLMwn0
2026-09-12 07:53:14,BAN,14145813,95,97958,18415,fPZ37t3nvco
2026-09-12 07:53:14,Buddies,5857024,45,63150,9236,yT5S7Cy5cCE
2026-09-12 07:53:14,なぜ　恋をして来なかったんだろう？,14483860,237,110715,17061,S4gEJIyLHlM
2026-09-12 07:53:14,Nobady's fault,8547102,73,99754,15509,fagRTasDcKo
2026-09-12 09:47:41,光源,1624149,178,24212,4987,7pusekGNE-o
2026-09-12 09:47:41,The growing up train,2876780,215,39919,18436,Rk54JNn7Qw4
2026-09-12 09:47:41,木枯らしは泣かない,1202541,11,22779,5039,aQ1iXj4oXfI
2026-09-12 09:47:41,Unhappy birthday構文,4191221,123,48528,30203,hBfDlIN0WtI
2026-09-12 09:47:41,Alter ego,1568252,145,23640,4520,gQ7l_hav-bA
2026-09-12 09:47:41,港区パセリ,2226869,76,25051,6160,aLu4oyQ2zdw
2026-09-12 09:47:41,死んだふり,1975059,72,31613,5372,WNH_ReRMt5k
2026-09-12 09:47:41,Make or Break,3395760,269,43222,13411,nTxTTZ0QLrI
2026-09-12 09:47:41,Addiction,3571522,158,44549,10286,ReuFa_D1Vok
2026-09-12 09:47:41,Nightmare症候群,2123111,102,33007,6760,Grx5AhU14QU
2026-09-12 09:47:41,Nothing special,1632261,12,25525,5485,WdUBD5slEnc
2026-09-12 09:47:41,UDAGAWA GENERATION,6545243,334,59250,22706,qP52sh7PzYA
2026-09-12 09:47:41,本質的なこと,2831713,170,33813,6277,iZhbx2mcmug
2026-09-12 09:47:41,僕は僕を好きになれない,2042015,57,29910,8912,Ktu_LGjGd7A
2026-09-12 09:47:41,引きこもる時間はない,2076699,51,26482,4801,KYvq8-xY1Gg
2026-09-12 09:47:41,愛し合いなさい,1610664,46,24711,5877,MAP3cnAexxM
2026-09-12 09:47:41,自業自得,9749381,84,81111,50251,Rs-Y9MtHsoo
2026-09-12 09:47:41,何度　LOVE SONGの歌詞を読み返しただろう,4310490,189,37333,6975,tltXZSiAAdQ
2026-09-12 09:47:41,油を注せ！,2257982,30,28157,11905,x9a0_2aGeWU
2026-09-12 09:47:41,何歳の頃に戻りたいのか？,9522056,191,71612,27147,7xx66mR_HeE
2026-09-12 09:47:41,君がサヨナラ言えたって・・・,1378258,26,26228,4797,1SQWKDr_GfA
2026-09-12 09:47:41,隙間風よ,2966784,65,32049,9060,5Z4emyH-fME
2026-09-12 09:47:41,マモリビト,2964177,71,31362,10075,I8JZbNTl5rM
2026-09-12 09:47:41,承認欲求,8847964,0,72598,25172,x_BjvhMW9TE
2026-09-12 09:47:41,ドローン旋回中,2762240,71,31584,6235,rNwzfyr07SM
2026-09-12 09:47:41,静寂の暴力,6710527,0,53733,12082,uhbvX4GUrpE
2026-09-12 09:47:41,Start over!,14964843,232,109308,64368,YJRFD1AdaUE
2026-09-12 09:47:41,夏の近道,8902214,120,56815,12482,nV1DHIWSdEo
2026-09-12 09:47:41,Cool,4089446,35,38569,11165,XEKPn3WbksE
2026-09-12 09:47:41,桜月,11058526,302,69930,29129,zKLgrxHDgls
2026-09-12 09:47:41,その日まで,2675802,25,55620,5357,F2lWsUJotmc
2026-09-12 09:47:41,摩擦係数,9936775,207,73273,14327,D8piCp9XMKA
2026-09-12 09:47:41,車間距離,2314546,0,29051,3407,MKXSWXlSOB0
2026-09-12 09:47:41,僕のジレンマ,3889805,0,48280,5589,ZBk4V-uqcXs
2026-09-12 09:47:41,五月雨よ,9236634,95,72842,12982,3boaeE3dwMs
2026-09-12 09:47:41,無言の宇宙,6537660,0,53951,7564,7GZGTse6dUs
2026-09-12 09:47:41,Dead end,5743234,81,54377,7206,FEfJB32wvsk
2026-09-12 09:47:41,流れ弾,11600907,72,92182,22395,drCopBcrxRM
2026-09-12 09:47:41,思ったよりも寂しくない,4784292,0,51483,6452,D0W44Z3D3wo
2026-09-12 09:47:41,偶然の答え,5664631,40,59209,8138,_ZCf_iLMwn0
2026-09-12 09:47:41,BAN,14145887,74,97958,18415,fPZ37t3nvco
2026-09-12 09:47:41,Buddies,5857050,26,63151,9236,yT5S7Cy5cCE
2026-09-12 09:47:41,なぜ　恋をして来なかったんだろう？,14483986,126,110715,17061,S4gEJIyLHlM
2026-09-12 09:47:41,Nobady's fault,8547108,6,99754,15509,fagRTasDcKo
2026-09-12 14:15:39,光源,1624782,633,24211,4987,7pusekGNE-o
2026-09-12 14:15:39,The growing up train,2877286,506,39918,18436,Rk54JNn7Qw4
2026-09-12 14:15:39,木枯らしは泣かない,1202572,31,22780,5039,aQ1iXj4oXfI
2026-09-12 14:15:39,Unhappy birthday構文,4192147,926,48529,30204,hBfDlIN0WtI
2026-09-12 14:15:39,Alter ego,1568369,117,23640,4520,gQ7l_hav-bA
2026-09-12 14:15:39,港区パセリ,2227356,487,25050,6160,aLu4oyQ2zdw
2026-09-12 14:15:39,死んだふり,1975293,234,31614,5372,WNH_ReRMt5k
2026-09-12 14:15:39,Make or Break,3396083,323,43224,13411,nTxTTZ0QLrI
2026-09-12 14:15:39,Addiction,3571965,443,44550,10286,ReuFa_D1Vok
2026-09-12 14:15:39,Nightmare症候群,2123252,141,33009,6760,Grx5AhU14QU
2026-09-12 14:15:39,Nothing special,1632311,50,25525,5485,WdUBD5slEnc
2026-09-12 14:15:39,UDAGAWA GENERATION,6545733,490,59256,22707,qP52sh7PzYA
2026-09-12 14:15:39,本質的なこと,2831855,142,33813,6277,iZhbx2mcmug
2026-09-12 14:15:39,僕は僕を好きになれない,2042130,115,29910,8912,Ktu_LGjGd7A
2026-09-12 14:15:39,引きこもる時間はない,2076732,33,26482,4801,KYvq8-xY1Gg
2026-09-12 14:15:39,愛し合いなさい,1610689,25,24711,5877,MAP3cnAexxM
2026-09-12 14:15:39,自業自得,9749931,550,81113,50251,Rs-Y9MtHsoo
2026-09-12 14:15:39,何度　LOVE SONGの歌詞を読み返しただろう,4310676,186,37335,6975,tltXZSiAAdQ
2026-09-12 14:15:39,油を注せ！,2258071,89,28158,11905,x9a0_2aGeWU
2026-09-12 14:15:39,何歳の頃に戻りたいのか？,9522470,414,71612,27147,7xx66mR_HeE
2026-09-12 14:15:39,君がサヨナラ言えたって・・・,1378289,31,26228,4797,1SQWKDr_GfA
2026-09-12 14:15:39,隙間風よ,2966898,114,32050,9060,5Z4emyH-fME
2026-09-12 14:15:39,マモリビト,2964337,160,31363,10075,I8JZbNTl5rM
2026-09-12 14:15:39,承認欲求,8848463,499,72599,25172,x_BjvhMW9TE
2026-09-12 14:15:39,ドローン旋回中,2762314,74,31584,6235,rNwzfyr07SM
2026-09-12 14:15:39,静寂の暴力,6710781,254,53735,12082,uhbvX4GUrpE
2026-09-12 14:15:39,Start over!,14965296,453,109311,64370,YJRFD1AdaUE
2026-09-12 14:15:39,夏の近道,8902707,493,56818,12482,nV1DHIWSdEo
2026-09-12 14:15:39,Cool,4089599,153,38570,11165,XEKPn3WbksE
2026-09-12 14:15:39,桜月,11058969,443,69931,29130,zKLgrxHDgls
2026-09-12 14:15:39,その日まで,2675879,77,55621,5357,F2lWsUJotmc
2026-09-12 14:15:39,摩擦係数,9937060,285,73274,14327,D8piCp9XMKA
2026-09-12 14:15:39,車間距離,2314594,48,29053,3407,MKXSWXlSOB0
2026-09-12 14:15:39,僕のジレンマ,3889923,118,48281,5589,ZBk4V-uqcXs
2026-09-12 14:15:39,五月雨よ,9236777,143,72842,12982,3boaeE3dwMs
2026-09-12 14:15:39,無言の宇宙,6537901,241,53953,7564,7GZGTse6dUs
2026-09-12 14:15:39,Dead end,5743403,169,54379,7206,FEfJB32wvsk
2026-09-12 14:15:39,流れ弾,11601150,243,92184,22395,drCopBcrxRM
2026-09-12 14:15:39,思ったよりも寂しくない,4784360,68,51483,6452,D0W44Z3D3wo
2026-09-12 14:15:39,偶然の答え,5664699,68,59210,8138,_ZCf_iLMwn0
2026-09-12 14:15:39,BAN,14146120,233,97959,18415,fPZ37t3nvco
2026-09-12 14:15:39,Buddies,5857108,58,63151,9237,yT5S7Cy5cCE
2026-09-12 14:15:39,なぜ　恋をして来なかったんだろう？,14484283,297,110717,17061,S4gEJIyLHlM
2026-09-12 14:15:39,Nobady's fault,8547302,194,99756,15509,fagRTasDcKo
2026-09-12 18:47:04,光源,1625722,940,24212,4989,7pusekGNE-o
2026-09-12 18:47:04,The growing up train,2878524,1238,39919,18436,Rk54JNn7Qw4
2026-09-12 18:47:04,木枯らしは泣かない,1202843,271,22780,5039,aQ1iXj4oXfI
2026-09-12 18:47:04,Unhappy birthday構文,4193359,1212,48531,30204,hBfDlIN0WtI
2026-09-12 18:47:04,Alter ego,1568819,450,23641,4520,gQ7l_hav-bA
2026-09-12 18:47:04,港区パセリ,2227747,391,25050,6160,aLu4oyQ2zdw
2026-09-12 18:47:04,死んだふり,1975626,333,31615,5372,WNH_ReRMt5k
2026-09-12 18:47:04,Make or Break,3396701,618,43226,13411,nTxTTZ0QLrI
2026-09-12 18:47:04,Addiction,3572192,227,44551,10286,ReuFa_D1Vok
2026-09-12 18:47:04,Nightmare症候群,2123430,178,33008,6760,Grx5AhU14QU
2026-09-12 18:47:04,Nothing special,1632590,279,25524,5485,WdUBD5slEnc
2026-09-12 18:47:04,UDAGAWA GENERATION,6546470,737,59257,22707,qP52sh7PzYA
2026-09-12 18:47:04,本質的なこと,2832046,191,33814,6277,iZhbx2mcmug
2026-09-12 18:47:04,僕は僕を好きになれない,2042211,81,29910,8912,Ktu_LGjGd7A
2026-09-12 18:47:04,引きこもる時間はない,2076843,111,26483,4801,KYvq8-xY1Gg
2026-09-12 18:47:04,愛し合いなさい,1610819,130,24711,5877,MAP3cnAexxM
2026-09-12 18:47:04,自業自得,9750175,244,81113,50251,Rs-Y9MtHsoo
2026-09-12 18:47:04,何度　LOVE SONGの歌詞を読み返しただろう,4311070,394,37335,6975,tltXZSiAAdQ
2026-09-12 18:47:04,油を注せ！,2258150,79,28158,11905,x9a0_2aGeWU
2026-09-12 18:47:04,何歳の頃に戻りたいのか？,9523097,627,71611,27147,7xx66mR_HeE
2026-09-12 18:47:04,君がサヨナラ言えたって・・・,1378378,89,26227,4797,1SQWKDr_GfA
2026-09-12 18:47:04,隙間風よ,2967094,196,32051,9060,5Z4emyH-fME
2026-09-12 18:47:04,マモリビト,2964641,304,31362,10075,I8JZbNTl5rM
2026-09-12 18:47:04,承認欲求,8849016,553,72598,25172,x_BjvhMW9TE
2026-09-12 18:47:04,ドローン旋回中,2762493,179,31584,6235,rNwzfyr07SM
2026-09-12 18:47:04,静寂の暴力,6711247,466,53736,12082,uhbvX4GUrpE
2026-09-12 18:47:04,Start over!,14966121,825,109316,64370,YJRFD1AdaUE
2026-09-12 18:47:04,夏の近道,8903428,721,56817,12482,nV1DHIWSdEo
2026-09-12 18:47:04,Cool,4089732,133,38570,11165,XEKPn3WbksE
2026-09-12 18:47:04,桜月,11059769,800,69932,29130,zKLgrxHDgls
2026-09-12 18:47:04,その日まで,2675952,73,55622,5357,F2lWsUJotmc
2026-09-12 18:47:04,摩擦係数,9937468,408,73274,14327,D8piCp9XMKA
2026-09-12 18:47:04,車間距離,2314629,35,29053,3407,MKXSWXlSOB0
2026-09-12 18:47:04,僕のジレンマ,3890064,141,48279,5589,ZBk4V-uqcXs
2026-09-12 18:47:04,五月雨よ,9237165,388,72842,12982,3boaeE3dwMs
2026-09-12 18:47:04,無言の宇宙,6538164,263,53956,7564,7GZGTse6dUs
2026-09-12 18:47:04,Dead end,5743530,127,54379,7206,FEfJB32wvsk
2026-09-12 18:47:04,流れ弾,11601472,322,92186,22395,drCopBcrxRM
2026-09-12 18:47:04,思ったよりも寂しくない,4784443,83,51483,6452,D0W44Z3D3wo
2026-09-12 18:47:04,偶然の答え,5664899,200,59210,8138,_ZCf_iLMwn0
2026-09-12 18:47:04,BAN,14146501,381,97958,18415,fPZ37t3nvco
2026-09-12 18:47:04,Buddies,5857171,63,63151,9237,yT5S7Cy5cCE
2026-09-12 18:47:04,なぜ　恋をして来なかったんだろう？,14484660,377,110717,17061,S4gEJIyLHlM
2026-09-12 18:47:04,Nobady's fault,8547457,155,99758,15509,fagRTasDcKo
2026-09-12 22:14:39,光源,1626249,527,24212,4989,7pusekGNE-o
2026-09-12 22:14:39,The growing up train,2878963,439,39919,18436,Rk54JNn7Qw4
2026-09-12 22:14:39,木枯らしは泣かない,1203010,167,22781,5039,aQ1iXj4oXfI
2026-09-12 22:14:39,Unhappy birthday構文,4193990,631,48534,30205,hBfDlIN0WtI
2026-09-12 22:14:39,Alter ego,1569011,192,23642,4520,gQ7l_hav-bA
2026-09-12 22:14:39,港区パセリ,2228331,584,25052,6160,aLu4oyQ2zdw
2026-09-12 22:14:39,死んだふり,1975818,192,31618,5373,WNH_ReRMt5k
2026-09-12 22:14:39,Make or Break,3397011,310,43226,13411,nTxTTZ0QLrI
2026-09-12 22:14:39,Addiction,3572685,493,44553,10286,ReuFa_D1Vok
2026-09-12 22:14:39,Nightmare症候群,2123576,146,33010,6760,Grx5AhU14QU
2026-09-12 22:14:39,Nothing special,1632644,54,25524,5486,WdUBD5slEnc
2026-09-12 22:14:39,UDAGAWA GENERATION,6546876,406,59257,22707,qP52sh7PzYA
2026-09-12 22:14:39,本質的なこと,2832330,284,33814,6277,iZhbx2mcmug
2026-09-12 22:14:39,僕は僕を好きになれない,2042298,87,29911,8912,Ktu_LGjGd7A
2026-09-12 22:14:39,引きこもる時間はない,2076883,40,26483,4801,KYvq8-xY1Gg
2026-09-12 22:14:39,愛し合いなさい,1610829,10,24711,5877,MAP3cnAexxM
2026-09-12 22:14:39,自業自得,9751116,941,81116,50252,Rs-Y9MtHsoo
2026-09-12 22:14:39,何度　LOVE SONGの歌詞を読み返しただろう,4311281,211,37337,6975,tltXZSiAAdQ
2026-09-12 22:14:39,油を注せ！,2258257,107,28159,11905,x9a0_2aGeWU
2026-09-12 22:14:39,何歳の頃に戻りたいのか？,9523489,392,71612,27147,7xx66mR_HeE
2026-09-12 22:14:39,君がサヨナラ言えたって・・・,1378420,42,26227,4797,1SQWKDr_GfA
2026-09-12 22:14:39,隙間風よ,2967137,43,32051,9060,5Z4emyH-fME
2026-09-12 22:14:39,マモリビト,2964781,140,31364,10075,I8JZbNTl5rM
2026-09-12 22:14:39,承認欲求,8849288,272,72599,25172,x_BjvhMW9TE
2026-09-12 22:14:39,ドローン旋回中,2762681,188,31583,6235,rNwzfyr07SM
2026-09-12 22:14:39,静寂の暴力,6711413,166,53736,12082,uhbvX4GUrpE
2026-09-12 22:14:39,Start over!,14966523,402,109315,64371,YJRFD1AdaUE
2026-09-12 22:14:39,夏の近道,8903705,277,56817,12482,nV1DHIWSdEo
2026-09-12 22:14:39,Cool,4089905,173,38571,11165,XEKPn3WbksE
2026-09-12 22:14:39,桜月,11060176,407,69934,29131,zKLgrxHDgls
2026-09-12 22:14:39,その日まで,2676058,106,55623,5357,F2lWsUJotmc
2026-09-12 22:14:39,摩擦係数,9937745,277,73271,14327,D8piCp9XMKA
2026-09-12 22:14:39,車間距離,2314693,64,29053,3407,MKXSWXlSOB0
2026-09-12 22:14:39,僕のジレンマ,3890128,64,48279,5590,ZBk4V-uqcXs
2026-09-12 22:14:39,五月雨よ,9237216,51,72842,12982,3boaeE3dwMs
2026-09-12 22:14:39,無言の宇宙,6538306,142,53955,7564,7GZGTse6dUs
2026-09-12 22:14:39,Dead end,5743759,229,54380,7206,FEfJB32wvsk
2026-09-12 22:14:39,流れ弾,11601670,198,92187,22396,drCopBcrxRM
2026-09-12 22:14:39,思ったよりも寂しくない,4784498,55,51483,6452,D0W44Z3D3wo
2026-09-12 22:14:39,偶然の答え,5664987,88,59211,8138,_ZCf_iLMwn0
2026-09-12 22:14:39,BAN,14146697,196,97958,18415,fPZ37t3nvco
2026-09-12 22:14:39,Buddies,5857249,78,63151,9237,yT5S7Cy5cCE
2026-09-12 22:14:39,なぜ　恋をして来なかったんだろう？,14484871,211,110717,17061,S4gEJIyLHlM
2026-09-12 22:14:39,Nobady's fault,8547576,119,99759,15509,fagRTasDcKo
2026-09-13 01:37:57,光源,1626970,721,24213,4989,7pusekGNE-o
2026-09-13 01:37:57,The growing up train,2879930,967,39918,18436,Rk54JNn7Qw4
2026-09-13 01:37:57,木枯らしは泣かない,1203106,96,22781,5039,aQ1iXj4oXfI
2026-09-13 01:37:57,Unhappy birthday構文,4194885,895,48533,30208,hBfDlIN0WtI
2026-09-13 01:37:57,Alter ego,1569279,268,23641,4520,gQ7l_hav-bA
2026-09-13 01:37:57,港区パセリ,2228822,491,25054,6160,aLu4oyQ2zdw
2026-09-13 01:37:57,死んだふり,1976094,276,31619,5373,WNH_ReRMt5k
2026-09-13 01:37:57,Make or Break,3397469,458,43225,13411,nTxTTZ0QLrI
2026-09-13 01:37:57,Addiction,3573115,430,44556,10286,ReuFa_D1Vok
2026-09-13 01:37:57,Nightmare症候群,2123783,207,33010,6760,Grx5AhU14QU
2026-09-13 01:37:57,Nothing special,1632731,87,25524,5486,WdUBD5slEnc
2026-09-13 01:37:57,UDAGAWA GENERATION,6547407,531,59256,22707,qP52sh7PzYA
2026-09-13 01:37:57,本質的なこと,2832643,313,33815,6277,iZhbx2mcmug
2026-09-13 01:37:57,僕は僕を好きになれない,2042379,81,29911,8912,Ktu_LGjGd7A
2026-09-13 01:37:57,引きこもる時間はない,2076974,91,26483,4801,KYvq8-xY1Gg
2026-09-13 01:37:57,愛し合いなさい,1610888,59,24712,5877,MAP3cnAexxM
2026-09-13 01:37:57,自業自得,9751723,607,81115,50252,Rs-Y9MtHsoo
2026-09-13 01:37:57,何度　LOVE SONGの歌詞を読み返しただろう,4311585,304,37339,6975,tltXZSiAAdQ
2026-09-13 01:37:57,油を注せ！,2258378,121,28160,11904,x9a0_2aGeWU
2026-09-13 01:37:57,何歳の頃に戻りたいのか？,9523978,489,71612,27148,7xx66mR_HeE
2026-09-13 01:37:57,君がサヨナラ言えたって・・・,1378468,48,26228,4797,1SQWKDr_GfA
2026-09-13 01:37:57,隙間風よ,2967292,155,32051,9060,5Z4emyH-fME
2026-09-13 01:37:57,マモリビト,2964995,214,31367,10075,I8JZbNTl5rM
2026-09-13 01:37:57,承認欲求,8849436,148,72602,25172,x_BjvhMW9TE
2026-09-13 01:37:57,ドローン旋回中,2762853,172,31583,6235,rNwzfyr07SM
2026-09-13 01:37:57,静寂の暴力,6711800,387,53738,12082,uhbvX4GUrpE
2026-09-13 01:37:57,Start over!,14967192,669,109316,64371,YJRFD1AdaUE
2026-09-13 01:37:57,夏の近道,8904218,513,56818,12483,nV1DHIWSdEo
2026-09-13 01:37:57,Cool,4089965,60,38571,11165,XEKPn3WbksE
2026-09-13 01:37:57,桜月,11060795,619,69936,29131,zKLgrxHDgls
2026-09-13 01:37:57,その日まで,2676165,107,55622,5357,F2lWsUJotmc
2026-09-13 01:37:57,摩擦係数,9938101,356,73271,14327,D8piCp9XMKA
2026-09-13 01:37:57,車間距離,2314751,58,29054,3407,MKXSWXlSOB0
2026-09-13 01:37:57,僕のジレンマ,3890291,163,48279,5590,ZBk4V-uqcXs
2026-09-13 01:37:57,五月雨よ,9237563,347,72841,12982,3boaeE3dwMs
2026-09-13 01:37:57,無言の宇宙,6538499,193,53955,7564,7GZGTse6dUs
2026-09-13 01:37:57,Dead end,5743936,177,54380,7206,FEfJB32wvsk
2026-09-13 01:37:57,流れ弾,11601941,271,92188,22396,drCopBcrxRM
2026-09-13 01:37:57,思ったよりも寂しくない,4784536,38,51484,6452,D0W44Z3D3wo
2026-09-13 01:37:57,偶然の答え,5665225,238,59211,8138,_ZCf_iLMwn0
2026-09-13 01:37:57,BAN,14146862,165,97958,18415,fPZ37t3nvco
2026-09-13 01:37:57,Buddies,5857341,92,63152,9237,yT5S7Cy5cCE
2026-09-13 01:37:57,なぜ　恋をして来なかったんだろう？,14485260,389,110718,17061,S4gEJIyLHlM
2026-09-13 01:37:57,Nobady's fault,8547843,267,99759,15509,fagRTasDcKo
2026-09-13 03:52:17,光源,1627466,496,24214,4989,7pusekGNE-o
2026-09-13 03:52:17,The growing up train,2880391,461,39918,18436,Rk54JNn7Qw4
2026-09-13 03:52:17,木枯らしは泣かない,1203307,201,22782,5039,aQ1iXj4oXfI
2026-09-13 03:52:17,Unhappy birthday構文,4195450,565,48533,30208,hBfDlIN0WtI
2026-09-13 03:52:17,Alter ego,1569459,180,23641,4520,gQ7l_hav-bA
2026-09-13 03:52:17,港区パセリ,2229129,307,25055,6160,aLu4oyQ2zdw
2026-09-13 03:52:17,死んだふり,1976249,155,31619,5373,WNH_ReRMt5k
2026-09-13 03:52:17,Make or Break,3397790,321,43225,13411,nTxTTZ0QLrI
2026-09-13 03:52:17,Addiction,3573416,301,44557,10286,ReuFa_D1Vok
2026-09-13 03:52:17,Nightmare症候群,2123824,41,33011,6760,Grx5AhU14QU
2026-09-13 03:52:17,Nothing special,1632870,139,25524,5486,WdUBD5slEnc
2026-09-13 03:52:17,UDAGAWA GENERATION,6547763,356,59256,22707,qP52sh7PzYA
2026-09-13 03:52:17,本質的なこと,2832823,180,33815,6277,iZhbx2mcmug
2026-09-13 03:52:17,僕は僕を好きになれない,2042503,124,29911,8912,Ktu_LGjGd7A
2026-09-13 03:52:17,引きこもる時間はない,2077083,109,26483,4801,KYvq8-xY1Gg
2026-09-13 03:52:17,愛し合いなさい,1610888,0,24712,5877,MAP3cnAexxM
2026-09-13 03:52:17,自業自得,9752118,395,81114,50252,Rs-Y9MtHsoo
2026-09-13 03:52:17,何度　LOVE SONGの歌詞を読み返しただろう,4311792,207,37339,6975,tltXZSiAAdQ
2026-09-13 03:52:17,油を注せ！,2258445,67,28160,11904,x9a0_2aGeWU
2026-09-13 03:52:17,何歳の頃に戻りたいのか？,9524305,327,71612,27148,7xx66mR_HeE
2026-09-13 03:52:17,君がサヨナラ言えたって・・・,1378537,69,26228,4797,1SQWKDr_GfA
2026-09-13 03:52:17,隙間風よ,2967382,90,32052,9060,5Z4emyH-fME
2026-09-13 03:52:17,マモリビト,2965151,156,31367,10075,I8JZbNTl5rM
2026-09-13 03:52:17,承認欲求,8849915,479,72603,25172,x_BjvhMW9TE
2026-09-13 03:52:17,ドローン旋回中,2762944,91,31583,6235,rNwzfyr07SM
2026-09-13 03:52:17,静寂の暴力,6712026,226,53738,12082,uhbvX4GUrpE
2026-09-13 03:52:17,Start over!,14967584,392,109316,64371,YJRFD1AdaUE
2026-09-13 03:52:17,夏の近道,8904591,373,56817,12483,nV1DHIWSdEo
2026-09-13 03:52:17,Cool,4090210,245,38571,11166,XEKPn3WbksE
2026-09-13 03:52:17,桜月,11061184,389,69936,29131,zKLgrxHDgls
2026-09-13 03:52:17,その日まで,2676227,62,55624,5357,F2lWsUJotmc
2026-09-13 03:52:17,摩擦係数,9938313,212,73271,14327,D8piCp9XMKA
2026-09-13 03:52:17,車間距離,2314751,0,29054,3407,MKXSWXlSOB0
2026-09-13 03:52:17,僕のジレンマ,3890361,70,48279,5590,ZBk4V-uqcXs
2026-09-13 03:52:17,五月雨よ,9237712,149,72841,12982,3boaeE3dwMs
2026-09-13 03:52:17,無言の宇宙,6538624,125,53955,7564,7GZGTse6dUs
2026-09-13 03:52:17,Dead end,5744002,66,54380,7206,FEfJB32wvsk
2026-09-13 03:52:17,流れ弾,11602136,195,92189,22396,drCopBcrxRM
2026-09-13 03:52:17,思ったよりも寂しくない,4784636,100,51484,6452,D0W44Z3D3wo
2026-09-13 03:52:17,偶然の答え,5665335,110,59211,8138,_ZCf_iLMwn0
2026-09-13 03:52:17,BAN,14147130,268,97958,18415,fPZ37t3nvco
2026-09-13 03:52:17,Buddies,5857419,78,63152,9237,yT5S7Cy5cCE
2026-09-13 03:52:17,なぜ　恋をして来なかったんだろう？,14485493,233,110718,17061,S4gEJIyLHlM
2026-09-13 03:52:17,Nobady's fault,8547967,124,99759,15509,fagRTasDcKo
2026-09-13 06:06:40,光源,1627466,0,24214,4989,7pusekGNE-o
2026-09-13 06:06:40,The growing up train,2880699,308,39918,18436,Rk54JNn7Qw4
2026-09-13 06:06:40,木枯らしは泣かない,1203307,0,22782,5039,aQ1iXj4oXfI
2026-09-13 06:06:40,Unhappy birthday構文,4195846,396,48535,30209,hBfDlIN0WtI
2026-09-13 06:06:40,Alter ego,1569459,0,23641,4520,gQ7l_hav-bA
2026-09-13 06:06:40,港区パセリ,2229358,229,25055,6160,aLu4oyQ2zdw
2026-09-13 06:06:40,死んだふり,1976321,72,31619,5373,WNH_ReRMt5k
2026-09-13 06:06:40,Make or Break,3397996,206,43226,13411,nTxTTZ0QLrI
2026-09-13 06:06:40,Addiction,3573635,219,44558,10286,ReuFa_D1Vok
2026-09-13 06:06:40,Nightmare症候群,2123967,143,33011,6760,Grx5AhU14QU
2026-09-13 06:06:40,Nothing special,1632983,113,25524,5486,WdUBD5slEnc
2026-09-13 06:06:40,UDAGAWA GENERATION,6548031,268,59256,22707,qP52sh7PzYA
2026-09-13 06:06:40,本質的なこと,2832877,54,33815,6277,iZhbx2mcmug
2026-09-13 06:06:40,僕は僕を好きになれない,2042606,103,29911,8912,Ktu_LGjGd7A
2026-09-13 06:06:40,引きこもる時間はない,2077083,0,26483,4801,KYvq8-xY1Gg
2026-09-13 06:06:40,愛し合いなさい,1610964,76,24712,5877,MAP3cnAexxM
2026-09-13 06:06:40,自業自得,9752369,251,81115,50252,Rs-Y9MtHsoo
2026-09-13 06:06:40,何度　LOVE SONGの歌詞を読み返しただろう,4311957,165,37340,6975,tltXZSiAAdQ
2026-09-13 06:06:40,油を注せ！,2258445,0,28160,11904,x9a0_2aGeWU
2026-09-13 06:06:40,何歳の頃に戻りたいのか？,9524540,235,71612,27148,7xx66mR_HeE
2026-09-13 06:06:40,君がサヨナラ言えたって・・・,1378558,21,26229,4797,1SQWKDr_GfA
2026-09-13 06:06:40,隙間風よ,2967453,71,32052,9060,5Z4emyH-fME
2026-09-13 06:06:40,マモリビト,2965204,53,31367,10075,I8JZbNTl5rM
2026-09-13 06:06:40,承認欲求,8849915,0,72603,25172,x_BjvhMW9TE
2026-09-13 06:06:40,ドローン旋回中,2762944,0,31583,6235,rNwzfyr07SM
2026-09-13 06:06:40,静寂の暴力,6712162,136,53738,12082,uhbvX4GUrpE
2026-09-13 06:06:40,Start over!,14967533,-51,109316,64371,YJRFD1AdaUE
2026-09-13 06:06:40,夏の近道,8904848,257,56817,12483,nV1DHIWSdEo
2026-09-13 06:06:40,Cool,4090210,0,38571,11166,XEKPn3WbksE
2026-09-13 06:06:40,桜月,11061184,0,69936,29131,zKLgrxHDgls
2026-09-13 06:06:40,その日まで,2676227,0,55624,5357,F2lWsUJotmc
2026-09-13 06:06:40,摩擦係数,9938300,-13,73271,14327,D8piCp9XMKA
2026-09-13 06:06:40,車間距離,2314806,55,29054,3407,MKXSWXlSOB0
2026-09-13 06:06:40,僕のジレンマ,3890375,14,48279,5590,ZBk4V-uqcXs
2026-09-13 06:06:40,五月雨よ,9237712,0,72841,12982,3boaeE3dwMs
2026-09-13 06:06:40,無言の宇宙,6538624,0,53955,7564,7GZGTse6dUs
2026-09-13 06:06:40,Dead end,5744143,141,54382,7206,FEfJB32wvsk
2026-09-13 06:06:40,流れ弾,11602136,0,92189,22396,drCopBcrxRM
2026-09-13 06:06:40,思ったよりも寂しくない,4784712,76,51484,6452,D0W44Z3D3wo
2026-09-13 06:06:40,偶然の答え,5665396,61,59211,8138,_ZCf_iLMwn0
2026-09-13 06:06:40,BAN,14147121,-9,97958,18415,fPZ37t3nvco
2026-09-13 06:06:40,Buddies,5857457,38,63153,9237,yT5S7Cy5cCE
2026-09-13 06:06:40,なぜ　恋をして来なかったんだろう？,14485493,0,110718,17061,S4gEJIyLHlM
2026-09-13 06:06:40,Nobady's fault,8547967,0,99759,15509,fagRTasDcKo
2026-09-13 08:33:55,光源,1627922,456,24214,4990,7pusekGNE-o
2026-09-13 08:33:55,The growing up train,2880837,138,39918,18438,Rk54JNn7Qw4
2026-09-13 08:33:55,木枯らしは泣かない,1203443,136,22782,5040,aQ1iXj4oXfI
2026-09-13 08:33:55,Unhappy birthday構文,4196022,176,48535,30210,hBfDlIN0WtI
2026-09-13 08:33:55,Alter ego,1569673,214,23641,4521,gQ7l_hav-bA
2026-09-13 08:33:55,港区パセリ,2229477,119,25056,6163,aLu4oyQ2zdw
2026-09-13 08:33:55,死んだふり,1976441,120,31618,5373,WNH_ReRMt5k
2026-09-13 08:33:55,Make or Break,3398112,116,43226,13412,nTxTTZ0QLrI
2026-09-13 08:33:55,Addiction,3573735,100,44559,10287,ReuFa_D1Vok
2026-09-13 08:33:55,Nightmare症候群,2124020,53,33011,6761,Grx5AhU14QU
2026-09-13 08:33:55,Nothing special,1633047,64,25524,5487,WdUBD5slEnc
2026-09-13 08:33:55,UDAGAWA GENERATION,6548130,99,59256,22708,qP52sh7PzYA
2026-09-13 08:33:55,本質的なこと,2833020,143,33815,6278,iZhbx2mcmug
2026-09-13 08:33:55,僕は僕を好きになれない,2042640,34,29911,8913,Ktu_LGjGd7A
2026-09-13 08:33:55,引きこもる時間はない,2077159,76,26483,4802,KYvq8-xY1Gg
2026-09-13 08:33:55,愛し合いなさい,1611018,54,24712,5878,MAP3cnAexxM
2026-09-13 08:33:55,自業自得,9752487,118,81115,50255,Rs-Y9MtHsoo
2026-09-13 08:33:55,何度　LOVE SONGの歌詞を読み返しただろう,4312023,66,37339,6976,tltXZSiAAdQ
2026-09-13 08:33:55,油を注せ！,2258526,81,28160,11905,x9a0_2aGeWU
2026-09-13 08:33:55,何歳の頃に戻りたいのか？,9524647,107,71610,27149,7xx66mR_HeE
2026-09-13 08:33:55,君がサヨナラ言えたって・・・,1378582,24,26229,4798,1SQWKDr_GfA
2026-09-13 08:33:55,隙間風よ,2967518,65,32052,9061,5Z4emyH-fME
2026-09-13 08:33:55,マモリビト,2965328,124,31367,10077,I8JZbNTl5rM
2026-09-13 08:33:55,承認欲求,8850137,222,72604,25173,x_BjvhMW9TE
2026-09-13 08:33:55,ドローン旋回中,2763073,129,31583,6236,rNwzfyr07SM
2026-09-13 08:33:55,静寂の暴力,6712244,82,53738,12083,uhbvX4GUrpE
2026-09-13 08:33:55,Start over!,14968046,513,109315,64371,YJRFD1AdaUE
2026-09-13 08:33:55,夏の近道,8904961,113,56817,12484,nV1DHIWSdEo
2026-09-13 08:33:55,Cool,4090353,143,38571,11167,XEKPn3WbksE
2026-09-13 08:33:55,桜月,11061662,478,69936,29132,zKLgrxHDgls
2026-09-13 08:33:55,その日まで,2676320,93,55624,5358,F2lWsUJotmc
2026-09-13 08:33:55,摩擦係数,9938544,244,73271,14328,D8piCp9XMKA
2026-09-13 08:33:55,車間距離,2314826,20,29054,3408,MKXSWXlSOB0
2026-09-13 08:33:55,僕のジレンマ,3890452,77,48279,5591,ZBk4V-uqcXs
2026-09-13 08:33:55,五月雨よ,9237894,182,72841,12983,3boaeE3dwMs
2026-09-13 08:33:55,無言の宇宙,6538787,163,53955,7565,7GZGTse6dUs
2026-09-13 08:33:55,Dead end,5744215,72,54382,7207,FEfJB32wvsk
2026-09-13 08:33:55,流れ弾,11602320,184,92189,22397,drCopBcrxRM
2026-09-13 08:33:55,思ったよりも寂しくない,4784769,57,51484,6453,D0W44Z3D3wo
2026-09-13 08:33:55,偶然の答え,5665431,35,59211,8139,_ZCf_iLMwn0
2026-09-13 08:33:55,BAN,14147344,223,97958,18416,fPZ37t3nvco
2026-09-13 08:33:55,Buddies,5857508,51,63153,9238,yT5S7Cy5cCE
2026-09-13 08:33:55,なぜ　恋をして来なかったんだろう？,14485726,233,110717,17061,S4gEJIyLHlM
2026-09-13 08:33:55,Nobady's fault,8548096,129,99759,15510,fagRTasDcKo
2026-09-13 11:04:33,光源,1628102,180,24214,4990,7pusekGNE-o
2026-09-13 11:04:33,The growing up train,2881096,259,39918,18439,Rk54JNn7Qw4
2026-09-13 11:04:33,木枯らしは泣かない,1203480,37,22782,5041,aQ1iXj4oXfI
2026-09-13 11:04:33,Unhappy birthday構文,4196327,305,48535,30213,hBfDlIN0WtI
2026-09-13 11:04:33,Alter ego,1569743,70,23642,4521,gQ7l_hav-bA
2026-09-13 11:04:33,港区パセリ,2229547,70,25056,6163,aLu4oyQ2zdw
2026-09-13 11:04:33,死んだふり,1976441,0,31618,5373,WNH_ReRMt5k
2026-09-13 11:04:33,Make or Break,3398229,117,43226,13412,nTxTTZ0QLrI
2026-09-13 11:04:33,Addiction,3573802,67,44559,10287,ReuFa_D1Vok
2026-09-13 11:04:33,Nightmare症候群,2124065,45,33011,6761,Grx5AhU14QU
2026-09-13 11:04:33,Nothing special,1633113,66,25524,5487,WdUBD5slEnc
2026-09-13 11:04:33,UDAGAWA GENERATION,6548218,88,59257,22708,qP52sh7PzYA
2026-09-13 11:04:33,本質的なこと,2833020,0,33815,6278,iZhbx2mcmug
2026-09-13 11:04:33,僕は僕を好きになれない,2042648,8,29911,8913,Ktu_LGjGd7A
2026-09-13 11:04:33,引きこもる時間はない,2077161,2,26483,4802,KYvq8-xY1Gg
2026-09-13 11:04:33,愛し合いなさい,1611021,3,24712,5878,MAP3cnAexxM
2026-09-13 11:04:33,自業自得,9752520,33,81115,50256,Rs-Y9MtHsoo
2026-09-13 11:04:33,何度　LOVE SONGの歌詞を読み返しただろう,4312023,0,37339,6976,tltXZSiAAdQ
2026-09-13 11:04:33,油を注せ！,2258526,0,28161,11905,x9a0_2aGeWU
2026-09-13 11:04:33,何歳の頃に戻りたいのか？,9524711,64,71610,27149,7xx66mR_HeE
2026-09-13 11:04:33,君がサヨナラ言えたって・・・,1378582,0,26229,4798,1SQWKDr_GfA
2026-09-13 11:04:33,隙間風よ,2967518,0,32052,9061,5Z4emyH-fME
2026-09-13 11:04:33,マモリビト,2965344,16,31368,10077,I8JZbNTl5rM
2026-09-13 11:04:33,承認欲求,8850137,0,72604,25173,x_BjvhMW9TE
2026-09-13 11:04:33,ドローン旋回中,2763073,0,31583,6236,rNwzfyr07SM
2026-09-13 11:04:33,静寂の暴力,6712244,0,53738,12083,uhbvX4GUrpE
2026-09-13 11:04:33,Start over!,14968267,221,109314,64371,YJRFD1AdaUE
2026-09-13 11:04:33,夏の近道,8904961,0,56817,12484,nV1DHIWSdEo
2026-09-13 11:04:33,Cool,4090355,2,38571,11167,XEKPn3WbksE
2026-09-13 11:04:33,桜月,11061868,206,69936,29132,zKLgrxHDgls
2026-09-13 11:04:33,その日まで,2676322,2,55625,5358,F2lWsUJotmc
2026-09-13 11:04:33,摩擦係数,9938645,101,73271,14328,D8piCp9XMKA
2026-09-13 11:04:33,車間距離,2314826,0,29054,3408,MKXSWXlSOB0
2026-09-13 11:04:33,僕のジレンマ,3890486,34,48280,5591,ZBk4V-uqcXs
2026-09-13 11:04:33,五月雨よ,9237926,32,72840,12983,3boaeE3dwMs
2026-09-13 11:04:33,無言の宇宙,6538787,0,53955,7565,7GZGTse6dUs
2026-09-13 11:04:33,Dead end,5744215,0,54382,7207,FEfJB32wvsk
2026-09-13 11:04:33,流れ弾,11602368,48,92188,22397,drCopBcrxRM
2026-09-13 11:04:33,思ったよりも寂しくない,4784775,6,51485,6453,D0W44Z3D3wo
2026-09-13 11:04:33,偶然の答え,5665446,15,59210,8139,_ZCf_iLMwn0
2026-09-13 11:04:33,BAN,14147359,15,97958,18416,fPZ37t3nvco
2026-09-13 11:04:33,Buddies,5857508,0,63153,9238,yT5S7Cy5cCE
2026-09-13 11:04:33,なぜ　恋をして来なかったんだろう？,14485758,32,110717,17061,S4gEJIyLHlM
2026-09-13 11:04:33,Nobady's fault,8548133,37,99760,15510,fagRTasDcKo
2026-09-13 16:46:53,光源,1629004,902,24216,4990,7pusekGNE-o
2026-09-13 16:46:53,The growing up train,2882104,1008,39918,18439,Rk54JNn7Qw4
2026-09-13 16:46:53,木枯らしは泣かない,1203716,236,22781,5041,aQ1iXj4oXfI
2026-09-13 16:46:53,Unhappy birthday構文,4197505,1178,48537,30213,hBfDlIN0WtI
2026-09-13 16:46:53,Alter ego,1570140,397,23643,4521,gQ7l_hav-bA
2026-09-13 16:46:53,港区パセリ,2230128,581,25057,6164,aLu4oyQ2zdw
2026-09-13 16:46:53,死んだふり,1976658,217,31618,5373,WNH_ReRMt5k
2026-09-13 16:46:53,Make or Break,3398798,569,43229,13412,nTxTTZ0QLrI
2026-09-13 16:46:53,Addiction,3574424,622,44559,10287,ReuFa_D1Vok
2026-09-13 16:46:53,Nightmare症候群,2124274,209,33012,6761,Grx5AhU14QU
2026-09-13 16:46:53,Nothing special,1633223,110,25524,5487,WdUBD5slEnc
2026-09-13 16:46:53,UDAGAWA GENERATION,6548970,752,59259,22709,qP52sh7PzYA
2026-09-13 16:46:53,本質的なこと,2833393,373,33817,6278,iZhbx2mcmug
2026-09-13 16:46:53,僕は僕を好きになれない,2042709,61,29911,8913,Ktu_LGjGd7A
2026-09-13 16:46:53,引きこもる時間はない,2077217,56,26484,4802,KYvq8-xY1Gg
2026-09-13 16:46:53,愛し合いなさい,1611095,74,24712,5878,MAP3cnAexxM
2026-09-13 16:46:53,自業自得,9753432,912,81117,50257,Rs-Y9MtHsoo
2026-09-13 16:46:53,何度　LOVE SONGの歌詞を読み返しただろう,4312512,489,37340,6976,tltXZSiAAdQ
2026-09-13 16:46:53,油を注せ！,2258614,88,28161,11906,x9a0_2aGeWU
2026-09-13 16:46:53,何歳の頃に戻りたいのか？,9525404,693,71613,27149,7xx66mR_HeE
2026-09-13 16:46:53,君がサヨナラ言えたって・・・,1378612,30,26228,4798,1SQWKDr_GfA
2026-09-13 16:46:53,隙間風よ,2967718,200,32051,9061,5Z4emyH-fME
2026-09-13 16:46:53,マモリビト,2965613,269,31368,10078,I8JZbNTl5rM
2026-09-13 16:46:53,承認欲求,8850751,614,72606,25173,x_BjvhMW9TE
2026-09-13 16:46:53,ドローン旋回中,2763288,215,31583,6236,rNwzfyr07SM
2026-09-13 16:46:53,静寂の暴力,6712629,385,53738,12083,uhbvX4GUrpE
2026-09-13 16:46:53,Start over!,14969030,763,109316,64371,YJRFD1AdaUE
2026-09-13 16:46:53,夏の近道,8905669,708,56817,12483,nV1DHIWSdEo
2026-09-13 16:46:53,Cool,4090577,222,38572,11167,XEKPn3WbksE
2026-09-13 16:46:53,桜月,11062703,835,69939,29132,zKLgrxHDgls
2026-09-13 16:46:53,その日まで,2676376,54,55624,5358,F2lWsUJotmc
2026-09-13 16:46:53,摩擦係数,9939078,433,73271,14328,D8piCp9XMKA
2026-09-13 16:46:53,車間距離,2314888,62,29054,3408,MKXSWXlSOB0
2026-09-13 16:46:53,僕のジレンマ,3890598,112,48280,5591,ZBk4V-uqcXs
2026-09-13 16:46:53,五月雨よ,9238254,328,72840,12982,3boaeE3dwMs
2026-09-13 16:46:53,無言の宇宙,6539060,273,53955,7564,7GZGTse6dUs
2026-09-13 16:46:53,Dead end,5744379,164,54383,7207,FEfJB32wvsk
2026-09-13 16:46:53,流れ弾,11602710,342,92189,22397,drCopBcrxRM
2026-09-13 16:46:53,思ったよりも寂しくない,4784882,107,51485,6453,D0W44Z3D3wo
2026-09-13 16:46:53,偶然の答え,5665570,124,59211,8139,_ZCf_iLMwn0
2026-09-13 16:46:53,BAN,14147703,344,97957,18416,fPZ37t3nvco
2026-09-13 16:46:53,Buddies,5857567,59,63153,9238,yT5S7Cy5cCE
2026-09-13 16:46:53,なぜ　恋をして来なかったんだろう？,14486107,349,110717,17061,S4gEJIyLHlM
2026-09-13 16:46:53,Nobady's fault,8548259,126,99761,15510,fagRTasDcKo
2026-09-13 21:56:22,光源,1629971,967,24218,4990,7pusekGNE-o
2026-09-13 21:56:22,The growing up train,2883153,1049,39918,18439,Rk54JNn7Qw4
2026-09-13 21:56:22,木枯らしは泣かない,1203964,248,22780,5041,aQ1iXj4oXfI
2026-09-13 21:56:22,Unhappy birthday構文,4198695,1190,48540,30214,hBfDlIN0WtI
2026-09-13 21:56:22,Alter ego,1570509,369,23641,4522,gQ7l_hav-bA
2026-09-13 21:56:22,港区パセリ,2230563,435,25056,6165,aLu4oyQ2zdw
2026-09-13 21:56:22,死んだふり,1977050,392,31618,5373,WNH_ReRMt5k
2026-09-13 21:56:22,Make or Break,3399453,655,43231,13412,nTxTTZ0QLrI
2026-09-13 21:56:22,Addiction,3575049,625,44561,10288,ReuFa_D1Vok
2026-09-13 21:56:22,Nightmare症候群,2124447,173,33010,6761,Grx5AhU14QU
2026-09-13 21:56:22,Nothing special,1633501,278,25525,5487,WdUBD5slEnc
2026-09-13 21:56:22,UDAGAWA GENERATION,6549750,780,59260,22709,qP52sh7PzYA
2026-09-13 21:56:22,本質的なこと,2833676,283,33816,6278,iZhbx2mcmug
2026-09-13 21:56:22,僕は僕を好きになれない,2042880,171,29910,8913,Ktu_LGjGd7A
2026-09-13 21:56:22,引きこもる時間はない,2077374,157,26483,4802,KYvq8-xY1Gg
2026-09-13 21:56:22,愛し合いなさい,1611173,78,24711,5878,MAP3cnAexxM
2026-09-13 21:56:22,自業自得,9754252,820,81118,50257,Rs-Y9MtHsoo
2026-09-13 21:56:22,何度　LOVE SONGの歌詞を読み返しただろう,4312961,449,37345,6976,tltXZSiAAdQ
2026-09-13 21:56:22,油を注せ！,2258713,99,28161,11906,x9a0_2aGeWU
2026-09-13 21:56:22,何歳の頃に戻りたいのか？,9526061,657,71611,27150,7xx66mR_HeE
2026-09-13 21:56:22,君がサヨナラ言えたって・・・,1378705,93,26227,4798,1SQWKDr_GfA
2026-09-13 21:56:22,隙間風よ,2967920,202,32051,9061,5Z4emyH-fME
2026-09-13 21:56:22,マモリビト,2965868,255,31367,10078,I8JZbNTl5rM
2026-09-13 21:56:22,承認欲求,8851299,548,72607,25173,x_BjvhMW9TE
2026-09-13 21:56:22,ドローン旋回中,2763468,180,31585,6236,rNwzfyr07SM
2026-09-13 21:56:22,静寂の暴力,6713006,377,53738,12083,uhbvX4GUrpE
2026-09-13 21:56:22,Start over!,14969956,926,109319,64372,YJRFD1AdaUE
2026-09-13 21:56:22,夏の近道,8906339,670,56818,12483,nV1DHIWSdEo
2026-09-13 21:56:22,Cool,4090832,255,38572,11167,XEKPn3WbksE
2026-09-13 21:56:22,桜月,11063567,864,69939,29132,zKLgrxHDgls
2026-09-13 21:56:22,その日まで,2676592,216,55630,5358,F2lWsUJotmc
2026-09-13 21:56:22,摩擦係数,9939367,289,73270,14328,D8piCp9XMKA
2026-09-13 21:56:22,車間距離,2315003,115,29055,3408,MKXSWXlSOB0
2026-09-13 21:56:22,僕のジレンマ,3890756,158,48279,5591,ZBk4V-uqcXs
2026-09-13 21:56:22,五月雨よ,9238464,210,72841,12982,3boaeE3dwMs
2026-09-13 21:56:22,無言の宇宙,6539332,272,53955,7564,7GZGTse6dUs
2026-09-13 21:56:22,Dead end,5744578,199,54381,7207,FEfJB32wvsk
2026-09-13 21:56:22,流れ弾,11602989,279,92189,22397,drCopBcrxRM
2026-09-13 21:56:22,思ったよりも寂しくない,4784986,104,51485,6453,D0W44Z3D3wo
2026-09-13 21:56:22,偶然の答え,5665900,330,59210,8139,_ZCf_iLMwn0
2026-09-13 21:56:22,BAN,14148086,383,97957,18416,fPZ37t3nvco
2026-09-13 21:56:22,Buddies,5857710,143,63152,9238,yT5S7Cy5cCE
2026-09-13 21:56:22,なぜ　恋をして来なかったんだろう？,14486362,255,110716,17061,S4gEJIyLHlM
2026-09-13 21:56:22,Nobady's fault,8548509,250,99763,15510,fagRTasDcKo
2026-09-14 01:46:06,光源,1630500,529,24219,4990,7pusekGNE-o
2026-09-14 01:46:06,The growing up train,2883454,301,39919,18439,Rk54JNn7Qw4
2026-09-14 01:46:06,木枯らしは泣かない,1204137,173,22780,5041,aQ1iXj4oXfI
2026-09-14 01:46:06,Unhappy birthday構文,4199677,982,48540,30215,hBfDlIN0WtI
2026-09-14 01:46:06,Alter ego,1570816,307,23642,4522,gQ7l_hav-bA
2026-09-14 01:46:06,港区パセリ,2231381,818,25058,6165,aLu4oyQ2zdw
2026-09-14 01:46:06,死んだふり,1977404,354,31621,5373,WNH_ReRMt5k
2026-09-14 01:46:06,Make or Break,3399966,513,43233,13412,nTxTTZ0QLrI
2026-09-14 01:46:06,Addiction,3575531,482,44563,10288,ReuFa_D1Vok
2026-09-14 01:46:06,Nightmare症候群,2124599,152,33011,6761,Grx5AhU14QU
2026-09-14 01:46:06,Nothing special,1633689,188,25525,5487,WdUBD5slEnc
2026-09-14 01:46:06,UDAGAWA GENERATION,6550390,640,59260,22709,qP52sh7PzYA
2026-09-14 01:46:06,本質的なこと,2834114,438,33817,6278,iZhbx2mcmug
2026-09-14 01:46:06,僕は僕を好きになれない,2043033,153,29910,8913,Ktu_LGjGd7A
2026-09-14 01:46:06,引きこもる時間はない,2077477,103,26484,4802,KYvq8-xY1Gg
2026-09-14 01:46:06,愛し合いなさい,1611235,62,24711,5878,MAP3cnAexxM
2026-09-14 01:46:06,自業自得,9754955,703,81119,50257,Rs-Y9MtHsoo
2026-09-14 01:46:06,何度　LOVE SONGの歌詞を読み返しただろう,4313128,167,37345,6977,tltXZSiAAdQ
2026-09-14 01:46:06,油を注せ！,2258862,149,28162,11906,x9a0_2aGeWU
2026-09-14 01:46:06,何歳の頃に戻りたいのか？,9526584,523,71613,27150,7xx66mR_HeE
2026-09-14 01:46:06,君がサヨナラ言えたって・・・,1378741,36,26227,4798,1SQWKDr_GfA
2026-09-14 01:46:06,隙間風よ,2968066,146,32052,9061,5Z4emyH-fME
2026-09-14 01:46:06,マモリビト,2966091,223,31367,10078,I8JZbNTl5rM
2026-09-14 01:46:06,承認欲求,8851745,446,72607,25173,x_BjvhMW9TE
2026-09-14 01:46:06,ドローン旋回中,2763646,178,31586,6236,rNwzfyr07SM
2026-09-14 01:46:06,静寂の暴力,6713376,370,53740,12083,uhbvX4GUrpE
2026-09-14 01:46:06,Start over!,14970670,714,109322,64372,YJRFD1AdaUE
2026-09-14 01:46:06,夏の近道,8906887,548,56820,12492,nV1DHIWSdEo
2026-09-14 01:46:06,Cool,4091026,194,38571,11167,XEKPn3WbksE
2026-09-14 01:46:06,桜月,11064267,700,69938,29132,zKLgrxHDgls
2026-09-14 01:46:06,その日まで,2676722,130,55630,5358,F2lWsUJotmc
2026-09-14 01:46:06,摩擦係数,9939926,559,73272,14329,D8piCp9XMKA
2026-09-14 01:46:06,車間距離,2315026,23,29055,3408,MKXSWXlSOB0
2026-09-14 01:46:06,僕のジレンマ,3890885,129,48280,5591,ZBk4V-uqcXs
2026-09-14 01:46:06,五月雨よ,9238786,322,72841,12982,3boaeE3dwMs
2026-09-14 01:46:06,無言の宇宙,6539559,227,53957,7564,7GZGTse6dUs
2026-09-14 01:46:06,Dead end,5744797,219,54384,7207,FEfJB32wvsk
2026-09-14 01:46:06,流れ弾,11603442,453,92192,22397,drCopBcrxRM
2026-09-14 01:46:06,思ったよりも寂しくない,4785154,168,51486,6453,D0W44Z3D3wo
2026-09-14 01:46:06,偶然の答え,5666129,229,59212,8139,_ZCf_iLMwn0
2026-09-14 01:46:06,BAN,14148441,355,97957,18416,fPZ37t3nvco
2026-09-14 01:46:06,Buddies,5857758,48,63153,9238,yT5S7Cy5cCE
2026-09-14 01:46:06,なぜ　恋をして来なかったんだろう？,14486830,468,110718,17061,S4gEJIyLHlM
2026-09-14 01:46:06,Nobady's fault,8548698,189,99765,15510,fagRTasDcKo
2026-09-14 04:06:15,光源,1630994,494,24219,4990,7pusekGNE-o
2026-09-14 04:06:15,The growing up train,2884209,755,39920,18439,Rk54JNn7Qw4
2026-09-14 04:06:15,木枯らしは泣かない,1204227,90,22782,5045,aQ1iXj4oXfI
2026-09-14 04:06:15,Unhappy birthday構文,4199993,316,48542,30215,hBfDlIN0WtI
2026-09-14 04:06:15,Alter ego,1570915,99,23642,4523,gQ7l_hav-bA
2026-09-14 04:06:15,港区パセリ,2231562,181,25058,6165,aLu4oyQ2zdw
2026-09-14 04:06:15,死んだふり,1977493,89,31623,5373,WNH_ReRMt5k
2026-09-14 04:06:15,Make or Break,3400108,142,43234,13412,nTxTTZ0QLrI
2026-09-14 04:06:15,Addiction,3575669,138,44563,10288,ReuFa_D1Vok
2026-09-14 04:06:15,Nightmare症候群,2124801,202,33011,6761,Grx5AhU14QU
2026-09-14 04:06:15,Nothing special,1633730,41,25525,5487,WdUBD5slEnc
2026-09-14 04:06:15,UDAGAWA GENERATION,6550575,185,59260,22709,qP52sh7PzYA
2026-09-14 04:06:15,本質的なこと,2834217,103,33817,6278,iZhbx2mcmug
2026-09-14 04:06:15,僕は僕を好きになれない,2043080,47,29910,8913,Ktu_LGjGd7A
2026-09-14 04:06:15,引きこもる時間はない,2077530,53,26484,4802,KYvq8-xY1Gg
2026-09-14 04:06:15,愛し合いなさい,1611288,53,24711,5878,MAP3cnAexxM
2026-09-14 04:06:15,自業自得,9755200,245,81119,50257,Rs-Y9MtHsoo
2026-09-14 04:06:15,何度　LOVE SONGの歌詞を読み返しただろう,4313457,329,37345,6978,tltXZSiAAdQ
2026-09-14 04:06:15,油を注せ！,2258892,30,28161,11906,x9a0_2aGeWU
2026-09-14 04:06:15,何歳の頃に戻りたいのか？,9526773,189,71614,27150,7xx66mR_HeE
2026-09-14 04:06:15,君がサヨナラ言えたって・・・,1378802,61,26227,4798,1SQWKDr_GfA
2026-09-14 04:06:15,隙間風よ,2968111,45,32052,9061,5Z4emyH-fME
2026-09-14 04:06:15,マモリビト,2966146,55,31367,10078,I8JZbNTl5rM
2026-09-14 04:06:15,承認欲求,8851898,153,72608,25173,x_BjvhMW9TE
2026-09-14 04:06:15,ドローン旋回中,2763698,52,31586,6236,rNwzfyr07SM
2026-09-14 04:06:15,静寂の暴力,6713537,161,53741,12083,uhbvX4GUrpE
2026-09-14 04:06:15,Start over!,14970854,184,109322,64372,YJRFD1AdaUE
2026-09-14 04:06:15,夏の近道,8907091,204,56820,12499,nV1DHIWSdEo
2026-09-14 04:06:15,Cool,4091079,53,38571,11167,XEKPn3WbksE
2026-09-14 04:06:15,桜月,11064495,228,69938,29132,zKLgrxHDgls
2026-09-14 04:06:15,その日まで,2676774,52,55630,5358,F2lWsUJotmc
2026-09-14 04:06:15,摩擦係数,9940046,120,73272,14329,D8piCp9XMKA
2026-09-14 04:06:15,車間距離,2315105,79,29055,3408,MKXSWXlSOB0
2026-09-14 04:06:15,僕のジレンマ,3890976,91,48280,5591,ZBk4V-uqcXs
2026-09-14 04:06:15,五月雨よ,9238914,128,72842,12982,3boaeE3dwMs
2026-09-14 04:06:15,無言の宇宙,6539631,72,53957,7564,7GZGTse6dUs
2026-09-14 04:06:15,Dead end,5744835,38,54384,7207,FEfJB32wvsk
2026-09-14 04:06:15,流れ弾,11603538,96,92192,22397,drCopBcrxRM
2026-09-14 04:06:15,思ったよりも寂しくない,4785160,6,51486,6453,D0W44Z3D3wo
2026-09-14 04:06:15,偶然の答え,5666228,99,59212,8139,_ZCf_iLMwn0
2026-09-14 04:06:15,BAN,14148525,84,97957,18416,fPZ37t3nvco
2026-09-14 04:06:15,Buddies,5857863,105,63153,9238,yT5S7Cy5cCE
2026-09-14 04:06:15,なぜ　恋をして来なかったんだろう？,14486907,77,110718,17061,S4gEJIyLHlM
2026-09-14 04:06:15,Nobady's fault,8548761,63,99764,15510,fagRTasDcKo
2026-09-14 06:55:57,光源,1631494,500,24220,4990,7pusekGNE-o
2026-09-14 06:55:57,The growing up train,2884725,516,39920,18440,Rk54JNn7Qw4
2026-09-14 06:55:57,木枯らしは泣かない,1204407,180,22782,5047,aQ1iXj4oXfI
2026-09-14 06:55:57,Unhappy birthday構文,4200158,165,48542,30215,hBfDlIN0WtI
2026-09-14 06:55:57,Alter ego,1571062,147,23642,4523,gQ7l_hav-bA
2026-09-14 06:55:57,港区パセリ,2231786,224,25058,6165,aLu4oyQ2zdw
2026-09-14 06:55:57,死んだふり,1977521,28,31623,5373,WNH_ReRMt5k
2026-09-14 06:55:57,Make or Break,3400390,282,43234,13412,nTxTTZ0QLrI
2026-09-14 06:55:57,Addiction,3575933,264,44563,10288,ReuFa_D1Vok
2026-09-14 06:55:57,Nightmare症候群,2124900,99,33011,6761,Grx5AhU14QU
2026-09-14 06:55:57,Nothing special,1633812,82,25525,5487,WdUBD5slEnc
2026-09-14 06:55:57,UDAGAWA GENERATION,6550850,275,59260,22709,qP52sh7PzYA
2026-09-14 06:55:57,本質的なこと,2834374,157,33816,6278,iZhbx2mcmug
2026-09-14 06:55:57,僕は僕を好きになれない,2043096,16,29910,8913,Ktu_LGjGd7A
2026-09-14 06:55:57,引きこもる時間はない,2077530,0,26484,4802,KYvq8-xY1Gg
2026-09-14 06:55:57,愛し合いなさい,1611288,0,24711,5878,MAP3cnAexxM
2026-09-14 06:55:57,自業自得,9755606,406,81122,50257,Rs-Y9MtHsoo
2026-09-14 06:55:57,何度　LOVE SONGの歌詞を読み返しただろう,4313693,236,37345,6978,tltXZSiAAdQ
2026-09-14 06:55:57,油を注せ！,2258932,40,28161,11906,x9a0_2aGeWU
2026-09-14 06:55:57,何歳の頃に戻りたいのか？,9527039,266,71614,27150,7xx66mR_HeE
2026-09-14 06:55:57,君がサヨナラ言えたって・・・,1378830,28,26227,4798,1SQWKDr_GfA
2026-09-14 06:55:57,隙間風よ,2968188,77,32052,9061,5Z4emyH-fME
2026-09-14 06:55:57,マモリビト,2966230,84,31367,10078,I8JZbNTl5rM
2026-09-14 06:55:57,承認欲求,8852020,122,72610,25173,x_BjvhMW9TE
2026-09-14 06:55:57,ドローン旋回中,2763796,98,31586,6236,rNwzfyr07SM
2026-09-14 06:55:57,静寂の暴力,6713719,182,53744,12083,uhbvX4GUrpE
2026-09-14 06:55:57,Start over!,14971260,406,109322,64372,YJRFD1AdaUE
2026-09-14 06:55:57,夏の近道,8907514,423,56823,12502,nV1DHIWSdEo
2026-09-14 06:55:57,Cool,4091137,58,38571,11167,XEKPn3WbksE
2026-09-14 06:55:57,桜月,11064822,327,69938,29132,zKLgrxHDgls
2026-09-14 06:55:57,その日まで,2676807,33,55630,5358,F2lWsUJotmc
2026-09-14 06:55:57,摩擦係数,9940191,145,73272,14329,D8piCp9XMKA
2026-09-14 06:55:57,車間距離,2315109,4,29055,3408,MKXSWXlSOB0
2026-09-14 06:55:57,僕のジレンマ,3891029,53,48280,5591,ZBk4V-uqcXs
2026-09-14 06:55:57,五月雨よ,9239023,109,72842,12982,3boaeE3dwMs
2026-09-14 06:55:57,無言の宇宙,6539735,104,53957,7564,7GZGTse6dUs
2026-09-14 06:55:57,Dead end,5744964,129,54385,7207,FEfJB32wvsk
2026-09-14 06:55:57,流れ弾,11603640,102,92192,22397,drCopBcrxRM
2026-09-14 06:55:57,思ったよりも寂しくない,4785189,29,51486,6453,D0W44Z3D3wo
2026-09-14 06:55:57,偶然の答え,5666373,145,59212,8139,_ZCf_iLMwn0
2026-09-14 06:55:57,BAN,14148644,119,97957,18416,fPZ37t3nvco
2026-09-14 06:55:57,Buddies,5857896,33,63153,9238,yT5S7Cy5cCE
2026-09-14 06:55:57,なぜ　恋をして来なかったんだろう？,14487072,165,110717,17061,S4gEJIyLHlM
2026-09-14 06:55:57,Nobady's fault,8548774,13,99764,15510,fagRTasDcKo
2026-09-14 08:48:26,光源,1631655,161,24221,4990,7pusekGNE-o
2026-09-14 08:48:26,The growing up train,2884966,241,39921,18440,Rk54JNn7Qw4
2026-09-14 08:48:26,木枯らしは泣かない,1204491,84,22783,5049,aQ1iXj4oXfI
2026-09-14 08:48:26,Unhappy birthday構文,4200639,481,48542,30216,hBfDlIN0WtI
2026-09-14 08:48:26,Alter ego,1571161,99,23642,4524,gQ7l_hav-bA
2026-09-14 08:48:26,港区パセリ,2231786,0,25058,6165,aLu4oyQ2zdw
2026-09-14 08:48:26,死んだふり,1977686,165,31623,5373,WNH_ReRMt5k
2026-09-14 08:48:26,Make or Break,3400401,11,43234,13412,nTxTTZ0QLrI
2026-09-14 08:48:26,Addiction,3576090,157,44563,10288,ReuFa_D1Vok
2026-09-14 08:48:26,Nightmare症候群,2124959,59,33012,6761,Grx5AhU14QU
2026-09-14 08:48:26,Nothing special,1633868,56,25525,5488,WdUBD5slEnc
2026-09-14 08:48:26,UDAGAWA GENERATION,6551037,187,59261,22709,qP52sh7PzYA
2026-09-14 08:48:26,本質的なこと,2834382,8,33816,6278,iZhbx2mcmug
2026-09-14 08:48:26,僕は僕を好きになれない,2043130,34,29910,8913,Ktu_LGjGd7A
2026-09-14 08:48:26,引きこもる時間はない,2077568,38,26484,4802,KYvq8-xY1Gg
2026-09-14 08:48:26,愛し合いなさい,1611294,6,24711,5878,MAP3cnAexxM
2026-09-14 08:48:26,自業自得,9755618,12,81122,50257,Rs-Y9MtHsoo
2026-09-14 08:48:26,何度　LOVE SONGの歌詞を読み返しただろう,4313708,15,37345,6978,tltXZSiAAdQ
2026-09-14 08:48:26,油を注せ！,2258962,30,28161,11906,x9a0_2aGeWU
2026-09-14 08:48:26,何歳の頃に戻りたいのか？,9527039,0,71614,27150,7xx66mR_HeE
2026-09-14 08:48:26,君がサヨナラ言えたって・・・,1378830,0,26227,4798,1SQWKDr_GfA
2026-09-14 08:48:26,隙間風よ,2968185,-3,32052,9061,5Z4emyH-fME
2026-09-14 08:48:26,マモリビト,2966271,41,31366,10078,I8JZbNTl5rM
2026-09-14 08:48:26,承認欲求,8852244,224,72610,25173,x_BjvhMW9TE
2026-09-14 08:48:26,ドローン旋回中,2763844,48,31586,6236,rNwzfyr07SM
2026-09-14 08:48:26,静寂の暴力,6713783,64,53743,12083,uhbvX4GUrpE
2026-09-14 08:48:26,Start over!,14971388,128,109322,64372,YJRFD1AdaUE
2026-09-14 08:48:26,夏の近道,8907707,193,56827,12511,nV1DHIWSdEo
2026-09-14 08:48:26,Cool,4091135,-2,38571,11167,XEKPn3WbksE
2026-09-14 08:48:26,桜月,11065034,212,69937,29132,zKLgrxHDgls
2026-09-14 08:48:26,その日まで,2676852,45,55631,5358,F2lWsUJotmc
2026-09-14 08:48:26,摩擦係数,9940324,133,73273,14329,D8piCp9XMKA
2026-09-14 08:48:26,車間距離,2315123,14,29056,3408,MKXSWXlSOB0
2026-09-14 08:48:26,僕のジレンマ,3891025,-4,48280,5591,ZBk4V-uqcXs
2026-09-14 08:48:26,五月雨よ,9239023,0,72842,12982,3boaeE3dwMs
2026-09-14 08:48:26,無言の宇宙,6539729,-6,53957,7564,7GZGTse6dUs
2026-09-14 08:48:26,Dead end,5745026,62,54385,7207,FEfJB32wvsk
2026-09-14 08:48:26,流れ弾,11603640,0,92192,22397,drCopBcrxRM
2026-09-14 08:48:26,思ったよりも寂しくない,4785214,25,51486,6453,D0W44Z3D3wo
2026-09-14 08:48:26,偶然の答え,5666373,0,59212,8139,_ZCf_iLMwn0
2026-09-14 08:48:26,BAN,14148732,88,97958,18416,fPZ37t3nvco
2026-09-14 08:48:26,Buddies,5857946,50,63154,9238,yT5S7Cy5cCE
2026-09-14 08:48:26,なぜ　恋をして来なかったんだろう？,14487078,6,110717,17061,S4gEJIyLHlM
2026-09-14 08:48:26,Nobady's fault,8548838,64,99764,15510,fagRTasDcKo
2026-09-14 11:22:35,光源,1632029,374,24222,4990,7pusekGNE-o
2026-09-14 11:22:35,The growing up train,2885391,425,39921,18440,Rk54JNn7Qw4
2026-09-14 11:22:35,木枯らしは泣かない,1204646,155,22785,5049,aQ1iXj4oXfI
2026-09-14 11:22:35,Unhappy birthday構文,4201177,538,48543,30216,hBfDlIN0WtI
2026-09-14 11:22:35,Alter ego,1571313,152,23643,4524,gQ7l_hav-bA
2026-09-14 11:22:35,港区パセリ,2232009,223,25058,6165,aLu4oyQ2zdw
2026-09-14 11:22:35,死んだふり,1977787,101,31623,5373,WNH_ReRMt5k
2026-09-14 11:22:35,Make or Break,3400551,150,43234,13412,nTxTTZ0QLrI
2026-09-14 11:22:35,Addiction,3576307,217,44563,10288,ReuFa_D1Vok
2026-09-14 11:22:35,Nightmare症候群,2125068,109,33012,6761,Grx5AhU14QU
2026-09-14 11:22:35,Nothing special,1633868,0,25525,5488,WdUBD5slEnc
2026-09-14 11:22:35,UDAGAWA GENERATION,6551037,0,59261,22709,qP52sh7PzYA
2026-09-14 11:22:35,本質的なこと,2834468,86,33816,6278,iZhbx2mcmug
2026-09-14 11:22:35,僕は僕を好きになれない,2043243,113,29910,8913,Ktu_LGjGd7A
2026-09-14 11:22:35,引きこもる時間はない,2077582,14,26485,4802,KYvq8-xY1Gg
2026-09-14 11:22:35,愛し合いなさい,1611339,45,24711,5878,MAP3cnAexxM
2026-09-14 11:22:35,自業自得,9756057,439,81123,50257,Rs-Y9MtHsoo
2026-09-14 11:22:35,何度　LOVE SONGの歌詞を読み返しただろう,4313811,103,37345,6978,tltXZSiAAdQ
2026-09-14 11:22:35,油を注せ！,2259021,59,28160,11906,x9a0_2aGeWU
2026-09-14 11:22:35,何歳の頃に戻りたいのか？,9527207,168,71614,27150,7xx66mR_HeE
2026-09-14 11:22:35,君がサヨナラ言えたって・・・,1378832,2,26227,4798,1SQWKDr_GfA
2026-09-14 11:22:35,隙間風よ,2968235,50,32052,9061,5Z4emyH-fME
2026-09-14 11:22:35,マモリビト,2966278,7,31366,10079,I8JZbNTl5rM
2026-09-14 11:22:35,承認欲求,8852444,200,72610,25173,x_BjvhMW9TE
2026-09-14 11:22:35,ドローン旋回中,2763851,7,31586,6236,rNwzfyr07SM
2026-09-14 11:22:35,静寂の暴力,6713941,158,53744,12083,uhbvX4GUrpE
2026-09-14 11:22:35,Start over!,14971692,304,109322,64372,YJRFD1AdaUE
2026-09-14 11:22:35,夏の近道,8908115,408,56827,12516,nV1DHIWSdEo
2026-09-14 11:22:35,Cool,4091179,44,38571,11167,XEKPn3WbksE
2026-09-14 11:22:35,桜月,11065348,314,69937,29132,zKLgrxHDgls
2026-09-14 11:22:35,その日まで,2676852,0,55631,5358,F2lWsUJotmc
2026-09-14 11:22:35,摩擦係数,9940324,0,73273,14329,D8piCp9XMKA
2026-09-14 11:22:35,車間距離,2315145,22,29056,3408,MKXSWXlSOB0
2026-09-14 11:22:35,僕のジレンマ,3891125,100,48280,5591,ZBk4V-uqcXs
2026-09-14 11:22:35,五月雨よ,9239115,92,72842,12982,3boaeE3dwMs
2026-09-14 11:22:35,無言の宇宙,6539835,106,53957,7564,7GZGTse6dUs
2026-09-14 11:22:35,Dead end,5745086,60,54386,7207,FEfJB32wvsk
2026-09-14 11:22:35,流れ弾,11603739,99,92192,22397,drCopBcrxRM
2026-09-14 11:22:35,思ったよりも寂しくない,4785214,0,51486,6453,D0W44Z3D3wo
2026-09-14 11:22:35,偶然の答え,5666449,76,59212,8139,_ZCf_iLMwn0
2026-09-14 11:22:35,BAN,14148875,143,97958,18416,fPZ37t3nvco
2026-09-14 11:22:35,Buddies,5857948,2,63154,9238,yT5S7Cy5cCE
2026-09-14 11:22:35,なぜ　恋をして来なかったんだろう？,14487178,100,110717,17061,S4gEJIyLHlM
2026-09-14 11:22:35,Nobady's fault,8548919,81,99764,15510,fagRTasDcKo
2026-09-14 17:17:26,光源,1632713,684,24227,4991,7pusekGNE-o
2026-09-14 17:17:26,The growing up train,2886204,813,39923,18440,Rk54JNn7Qw4
2026-09-14 17:17:26,木枯らしは泣かない,1204961,315,22788,5052,aQ1iXj4oXfI
2026-09-14 17:17:26,Unhappy birthday構文,4202022,845,48544,30218,hBfDlIN0WtI
2026-09-14 17:17:26,Alter ego,1571494,181,23644,4524,gQ7l_hav-bA
2026-09-14 17:17:26,港区パセリ,2232679,670,25061,6165,aLu4oyQ2zdw
2026-09-14 17:17:26,死んだふり,1978095,308,31624,5373,WNH_ReRMt5k
2026-09-14 17:17:26,Make or Break,3401009,458,43237,13412,nTxTTZ0QLrI
2026-09-14 17:17:26,Addiction,3576714,407,44564,10288,ReuFa_D1Vok
2026-09-14 17:17:26,Nightmare症候群,2125221,153,33014,6761,Grx5AhU14QU
2026-09-14 17:17:26,Nothing special,1634049,181,25526,5488,WdUBD5slEnc
2026-09-14 17:17:26,UDAGAWA GENERATION,6551829,792,59263,22708,qP52sh7PzYA
2026-09-14 17:17:26,本質的なこと,2834837,369,33818,6278,iZhbx2mcmug
2026-09-14 17:17:26,僕は僕を好きになれない,2043341,98,29912,8913,Ktu_LGjGd7A
2026-09-14 17:17:26,引きこもる時間はない,2077681,99,26486,4802,KYvq8-xY1Gg
2026-09-14 17:17:26,愛し合いなさい,1611432,93,24712,5878,MAP3cnAexxM
2026-09-14 17:17:26,自業自得,9756576,519,81127,50257,Rs-Y9MtHsoo
2026-09-14 17:17:26,何度　LOVE SONGの歌詞を読み返しただろう,4314144,333,37346,6978,tltXZSiAAdQ
2026-09-14 17:17:26,油を注せ！,2259084,63,28160,11906,x9a0_2aGeWU
2026-09-14 17:17:26,何歳の頃に戻りたいのか？,9527833,626,71616,27150,7xx66mR_HeE
2026-09-14 17:17:26,君がサヨナラ言えたって・・・,1378885,53,26227,4798,1SQWKDr_GfA
2026-09-14 17:17:26,隙間風よ,2968392,157,32052,9061,5Z4emyH-fME
2026-09-14 17:17:26,マモリビト,2966496,218,31367,10079,I8JZbNTl5rM
2026-09-14 17:17:26,承認欲求,8852818,374,72612,25174,x_BjvhMW9TE
2026-09-14 17:17:26,ドローン旋回中,2764054,203,31587,6236,rNwzfyr07SM
2026-09-14 17:17:26,静寂の暴力,6714196,255,53747,12083,uhbvX4GUrpE
2026-09-14 17:17:26,Start over!,14972253,561,109325,64373,YJRFD1AdaUE
2026-09-14 17:17:26,夏の近道,8908848,733,56833,12523,nV1DHIWSdEo
2026-09-14 17:17:26,Cool,4091390,211,38573,11167,XEKPn3WbksE
2026-09-14 17:17:26,桜月,11065945,597,69940,29133,zKLgrxHDgls
2026-09-14 17:17:26,その日まで,2676951,99,55631,5358,F2lWsUJotmc
2026-09-14 17:17:26,摩擦係数,9940857,533,73275,14329,D8piCp9XMKA
2026-09-14 17:17:26,車間距離,2315208,63,29056,3408,MKXSWXlSOB0
2026-09-14 17:17:26,僕のジレンマ,3891211,86,48281,5591,ZBk4V-uqcXs
2026-09-14 17:17:26,五月雨よ,9239455,340,72845,12982,3boaeE3dwMs
2026-09-14 17:17:26,無言の宇宙,6540026,191,53958,7564,7GZGTse6dUs
2026-09-14 17:17:26,Dead end,5745252,166,54388,7207,FEfJB32wvsk
2026-09-14 17:17:26,流れ弾,11604084,345,92194,22397,drCopBcrxRM
2026-09-14 17:17:26,思ったよりも寂しくない,4785305,91,51487,6453,D0W44Z3D3wo
2026-09-14 17:17:26,偶然の答え,5666733,284,59215,8139,_ZCf_iLMwn0
2026-09-14 17:17:26,BAN,14149068,193,97959,18416,fPZ37t3nvco
2026-09-14 17:17:26,Buddies,5858008,60,63155,9238,yT5S7Cy5cCE
2026-09-14 17:17:26,なぜ　恋をして来なかったんだろう？,14487477,299,110718,17061,S4gEJIyLHlM
2026-09-14 17:17:26,Nobady's fault,8549054,135,99765,15510,fagRTasDcKo
2026-09-15 00:25:47,光源,1633886,1173,24230,4991,7pusekGNE-o
2026-09-15 00:25:47,The growing up train,2887573,1369,39928,18440,Rk54JNn7Qw4
2026-09-15 00:25:47,木枯らしは泣かない,1205521,560,22794,5056,aQ1iXj4oXfI
2026-09-15 00:25:47,Unhappy birthday構文,4203684,1662,48550,30219,hBfDlIN0WtI
2026-09-15 00:25:47,Alter ego,1572051,557,23645,4524,gQ7l_hav-bA
2026-09-15 00:25:47,港区パセリ,2233523,844,25063,6166,aLu4oyQ2zdw
2026-09-15 00:25:47,死んだふり,1978502,407,31623,5373,WNH_ReRMt5k
2026-09-15 00:25:47,Make or Break,3401778,769,43238,13413,nTxTTZ0QLrI
2026-09-15 00:25:47,Addiction,3577432,718,44569,10288,ReuFa_D1Vok
2026-09-15 00:25:47,Nightmare症候群,2125559,338,33013,6761,Grx5AhU14QU
2026-09-15 00:25:47,Nothing special,1634315,266,25527,5488,WdUBD5slEnc
2026-09-15 00:25:47,UDAGAWA GENERATION,6552889,1060,59265,22707,qP52sh7PzYA
2026-09-15 00:25:47,本質的なこと,2835330,493,33820,6276,iZhbx2mcmug
2026-09-15 00:25:47,僕は僕を好きになれない,2043535,194,29913,8912,Ktu_LGjGd7A
2026-09-15 00:25:47,引きこもる時間はない,2077892,211,26485,4802,KYvq8-xY1Gg
2026-09-15 00:25:47,愛し合いなさい,1611567,135,24712,5876,MAP3cnAexxM
2026-09-15 00:25:47,自業自得,9757728,1152,81129,50260,Rs-Y9MtHsoo
2026-09-15 00:25:47,何度　LOVE SONGの歌詞を読み返しただろう,4314600,456,37346,6978,tltXZSiAAdQ
2026-09-15 00:25:47,油を注せ！,2259231,147,28161,11904,x9a0_2aGeWU
2026-09-15 00:25:47,何歳の頃に戻りたいのか？,9528665,832,71619,27149,7xx66mR_HeE
2026-09-15 00:25:47,君がサヨナラ言えたって・・・,1378980,95,26227,4798,1SQWKDr_GfA
2026-09-15 00:25:47,隙間風よ,2968591,199,32053,9061,5Z4emyH-fME
2026-09-15 00:25:47,マモリビト,2966796,300,31366,10080,I8JZbNTl5rM
2026-09-15 00:25:47,承認欲求,8853511,693,72618,25175,x_BjvhMW9TE
2026-09-15 00:25:47,ドローン旋回中,2764223,169,31586,6236,rNwzfyr07SM
2026-09-15 00:25:47,静寂の暴力,6714731,535,53750,12083,uhbvX4GUrpE
2026-09-15 00:25:47,Start over!,14973234,981,109332,64373,YJRFD1AdaUE
2026-09-15 00:25:47,夏の近道,8910320,1472,56842,12529,nV1DHIWSdEo
2026-09-15 00:25:47,Cool,4091652,262,38573,11167,XEKPn3WbksE
2026-09-15 00:25:47,桜月,11066927,982,69942,29134,zKLgrxHDgls
2026-09-15 00:25:47,その日まで,2677169,218,55633,5361,F2lWsUJotmc
2026-09-15 00:25:47,摩擦係数,9941490,633,73279,14330,D8piCp9XMKA
2026-09-15 00:25:47,車間距離,2315323,115,29057,3408,MKXSWXlSOB0
2026-09-15 00:25:47,僕のジレンマ,3891460,249,48281,5591,ZBk4V-uqcXs
2026-09-15 00:25:47,五月雨よ,9239873,418,72846,12983,3boaeE3dwMs
2026-09-15 00:25:47,無言の宇宙,6540394,368,53958,7564,7GZGTse6dUs
2026-09-15 00:25:47,Dead end,5745555,303,54389,7207,FEfJB32wvsk
2026-09-15 00:25:47,流れ弾,11604569,485,92195,22398,drCopBcrxRM
2026-09-15 00:25:47,思ったよりも寂しくない,4785457,152,51487,6453,D0W44Z3D3wo
2026-09-15 00:25:47,偶然の答え,5667069,336,59216,8139,_ZCf_iLMwn0
2026-09-15 00:25:47,BAN,14149607,539,97960,18416,fPZ37t3nvco
2026-09-15 00:25:47,Buddies,5858165,157,63155,9238,yT5S7Cy5cCE
2026-09-15 00:25:47,なぜ　恋をして来なかったんだろう？,14488048,571,110721,17061,S4gEJIyLHlM
2026-09-15 00:25:47,Nobady's fault,8549365,311,99767,15511,fagRTasDcKo
2026-09-15 05:02:18,光源,1634670,784,24233,4991,7pusekGNE-o
2026-09-15 05:02:18,The growing up train,2888396,823,39928,18440,Rk54JNn7Qw4
2026-09-15 05:02:18,木枯らしは泣かない,1205656,135,22794,5056,aQ1iXj4oXfI
2026-09-15 05:02:18,Unhappy birthday構文,4204723,1039,48550,30219,hBfDlIN0WtI
2026-09-15 05:02:18,Alter ego,1572261,210,23646,4524,gQ7l_hav-bA
2026-09-15 05:02:18,港区パセリ,2233992,469,25064,6166,aLu4oyQ2zdw
2026-09-15 05:02:18,死んだふり,1978535,33,31623,5373,WNH_ReRMt5k
2026-09-15 05:02:18,Make or Break,3402243,465,43238,13413,nTxTTZ0QLrI
2026-09-15 05:02:18,Addiction,3577770,338,44570,10288,ReuFa_D1Vok
2026-09-15 05:02:18,Nightmare症候群,2125697,138,33015,6761,Grx5AhU14QU
2026-09-15 05:02:18,Nothing special,1634351,36,25527,5488,WdUBD5slEnc
2026-09-15 05:02:18,UDAGAWA GENERATION,6553644,755,59265,22707,qP52sh7PzYA
2026-09-15 05:02:18,本質的なこと,2835460,130,33821,6276,iZhbx2mcmug
2026-09-15 05:02:18,僕は僕を好きになれない,2043543,8,29914,8912,Ktu_LGjGd7A
2026-09-15 05:02:18,引きこもる時間はない,2078002,110,26484,4802,KYvq8-xY1Gg
2026-09-15 05:02:18,愛し合いなさい,1611570,3,24713,5876,MAP3cnAexxM
2026-09-15 05:02:18,自業自得,9758363,635,81132,50260,Rs-Y9MtHsoo
2026-09-15 05:02:18,何度　LOVE SONGの歌詞を読み返しただろう,4315015,415,37348,6978,tltXZSiAAdQ
2026-09-15 05:02:18,油を注せ！,2259241,10,28161,11904,x9a0_2aGeWU
2026-09-15 05:02:18,何歳の頃に戻りたいのか？,9529132,467,71619,27149,7xx66mR_HeE
2026-09-15 05:02:18,君がサヨナラ言えたって・・・,1378988,8,26227,4798,1SQWKDr_GfA
2026-09-15 05:02:18,隙間風よ,2968662,71,32053,9061,5Z4emyH-fME
2026-09-15 05:02:18,マモリビト,2966826,30,31366,10080,I8JZbNTl5rM
2026-09-15 05:02:18,承認欲求,8853881,370,72620,25175,x_BjvhMW9TE
2026-09-15 05:02:18,ドローン旋回中,2764374,151,31586,6236,rNwzfyr07SM
2026-09-15 05:02:18,静寂の暴力,6715111,380,53751,12083,uhbvX4GUrpE
2026-09-15 05:02:18,Start over!,14973863,629,109333,64373,YJRFD1AdaUE
2026-09-15 05:02:18,夏の近道,8911190,870,56845,12529,nV1DHIWSdEo
2026-09-15 05:02:18,Cool,4091671,19,38572,11168,XEKPn3WbksE
2026-09-15 05:02:18,桜月,11067677,750,69942,29134,zKLgrxHDgls
2026-09-15 05:02:18,その日まで,2677238,69,55633,5361,F2lWsUJotmc
2026-09-15 05:02:18,摩擦係数,9941915,425,73281,14330,D8piCp9XMKA
2026-09-15 05:02:18,車間距離,2315334,11,29057,3408,MKXSWXlSOB0
2026-09-15 05:02:18,僕のジレンマ,3891460,0,48281,5591,ZBk4V-uqcXs
2026-09-15 05:02:18,五月雨よ,9240100,227,72845,12983,3boaeE3dwMs
2026-09-15 05:02:18,無言の宇宙,6540461,67,53958,7564,7GZGTse6dUs
2026-09-15 05:02:18,Dead end,5745664,109,54390,7207,FEfJB32wvsk
2026-09-15 05:02:18,流れ弾,11604849,280,92194,22398,drCopBcrxRM
2026-09-15 05:02:18,思ったよりも寂しくない,4785555,98,51488,6453,D0W44Z3D3wo
2026-09-15 05:02:18,偶然の答え,5667233,164,59217,8139,_ZCf_iLMwn0
2026-09-15 05:02:18,BAN,14149694,87,97963,18416,fPZ37t3nvco
2026-09-15 05:02:18,Buddies,5858270,105,63156,9238,yT5S7Cy5cCE
2026-09-15 05:02:18,なぜ　恋をして来なかったんだろう？,14488262,214,110723,17061,S4gEJIyLHlM
2026-09-15 05:02:18,Nobady's fault,8549452,87,99769,15511,fagRTasDcKo
2026-09-15 08:35:21,光源,1634932,262,24235,4993,7pusekGNE-o
2026-09-15 08:35:21,The growing up train,2888716,320,39928,18442,Rk54JNn7Qw4
2026-09-15 08:35:21,木枯らしは泣かない,1205906,250,22796,5057,aQ1iXj4oXfI
2026-09-15 08:35:21,Unhappy birthday構文,4205067,344,48551,30220,hBfDlIN0WtI
2026-09-15 08:35:21,Alter ego,1572354,93,23646,4524,gQ7l_hav-bA
2026-09-15 08:35:21,港区パセリ,2234048,56,25064,6168,aLu4oyQ2zdw
2026-09-15 08:35:21,死んだふり,1978686,151,31624,5373,WNH_ReRMt5k
2026-09-15 08:35:21,Make or Break,3402382,139,43238,13413,nTxTTZ0QLrI
2026-09-15 08:35:21,Addiction,3577981,211,44569,10288,ReuFa_D1Vok
2026-09-15 08:35:21,Nightmare症候群,2125766,69,33015,6761,Grx5AhU14QU
2026-09-15 08:35:21,Nothing special,1634472,121,25527,5488,WdUBD5slEnc
2026-09-15 08:35:21,UDAGAWA GENERATION,6553710,66,59265,22707,qP52sh7PzYA
2026-09-15 08:35:21,本質的なこと,2835520,60,33822,6276,iZhbx2mcmug
2026-09-15 08:35:21,僕は僕を好きになれない,2043557,14,29916,8912,Ktu_LGjGd7A
2026-09-15 08:35:21,引きこもる時間はない,2078035,33,26485,4802,KYvq8-xY1Gg
2026-09-15 08:35:21,愛し合いなさい,1611590,20,24713,5876,MAP3cnAexxM
2026-09-15 08:35:21,自業自得,9758466,103,81132,50263,Rs-Y9MtHsoo
2026-09-15 08:35:21,何度　LOVE SONGの歌詞を読み返しただろう,4315120,105,37347,6978,tltXZSiAAdQ
2026-09-15 08:35:21,油を注せ！,2259272,31,28161,11904,x9a0_2aGeWU
2026-09-15 08:35:21,何歳の頃に戻りたいのか？,9529344,212,71620,27148,7xx66mR_HeE
2026-09-15 08:35:21,君がサヨナラ言えたって・・・,1379009,21,26227,4798,1SQWKDr_GfA
2026-09-15 08:35:21,隙間風よ,2968718,56,32053,9061,5Z4emyH-fME
2026-09-15 08:35:21,マモリビト,2967038,212,31366,10081,I8JZbNTl5rM
2026-09-15 08:35:21,承認欲求,8854044,163,72621,25176,x_BjvhMW9TE
2026-09-15 08:35:21,ドローン旋回中,2764384,10,31586,6236,rNwzfyr07SM
2026-09-15 08:35:21,静寂の暴力,6715188,77,53751,12083,uhbvX4GUrpE
2026-09-15 08:35:21,Start over!,14974097,234,109333,64373,YJRFD1AdaUE
2026-09-15 08:35:21,夏の近道,8911453,263,56847,12530,nV1DHIWSdEo
2026-09-15 08:35:21,Cool,4091733,62,38572,11168,XEKPn3WbksE
2026-09-15 08:35:21,桜月,11067888,211,69943,29134,zKLgrxHDgls
2026-09-15 08:35:21,その日まで,2677359,121,55634,5360,F2lWsUJotmc
2026-09-15 08:35:21,摩擦係数,9942042,127,73280,14330,D8piCp9XMKA
2026-09-15 08:35:21,車間距離,2315334,0,29057,3408,MKXSWXlSOB0
2026-09-15 08:35:21,僕のジレンマ,3891501,41,48281,5591,ZBk4V-uqcXs
2026-09-15 08:35:21,五月雨よ,9240195,95,72846,12983,3boaeE3dwMs
2026-09-15 08:35:21,無言の宇宙,6540535,74,53958,7564,7GZGTse6dUs
2026-09-15 08:35:21,Dead end,5745733,69,54391,7207,FEfJB32wvsk
2026-09-15 08:35:21,流れ弾,11604940,91,92194,22398,drCopBcrxRM
2026-09-15 08:35:21,思ったよりも寂しくない,4785585,30,51488,6453,D0W44Z3D3wo
2026-09-15 08:35:21,偶然の答え,5667293,60,59217,8139,_ZCf_iLMwn0
2026-09-15 08:35:21,BAN,14149787,93,97963,18416,fPZ37t3nvco
2026-09-15 08:35:21,Buddies,5858301,31,63157,9238,yT5S7Cy5cCE
2026-09-15 08:35:21,なぜ　恋をして来なかったんだろう？,14488401,139,110722,17061,S4gEJIyLHlM
2026-09-15 08:35:21,Nobady's fault,8549467,15,99768,15511,fagRTasDcKo
2026-09-15 11:27:57,光源,1635214,282,24235,4993,7pusekGNE-o
2026-09-15 11:27:57,The growing up train,2889169,453,39930,18442,Rk54JNn7Qw4
2026-09-15 11:27:57,木枯らしは泣かない,1205991,85,22797,5057,aQ1iXj4oXfI
2026-09-15 11:27:57,Unhappy birthday構文,4205530,463,48553,30220,hBfDlIN0WtI
2026-09-15 11:27:57,Alter ego,1572425,71,23646,4524,gQ7l_hav-bA
2026-09-15 11:27:57,港区パセリ,2234377,329,25065,6168,aLu4oyQ2zdw
2026-09-15 11:27:57,死んだふり,1978707,21,31624,5373,WNH_ReRMt5k
2026-09-15 11:27:57,Make or Break,3402603,221,43238,13413,nTxTTZ0QLrI
2026-09-15 11:27:57,Addiction,3578181,200,44569,10288,ReuFa_D1Vok
2026-09-15 11:27:57,Nightmare症候群,2125821,55,33015,6761,Grx5AhU14QU
2026-09-15 11:27:57,Nothing special,1634508,36,25528,5488,WdUBD5slEnc
2026-09-15 11:27:57,UDAGAWA GENERATION,6554124,414,59267,22707,qP52sh7PzYA
2026-09-15 11:27:57,本質的なこと,2835676,156,33823,6276,iZhbx2mcmug
2026-09-15 11:27:57,僕は僕を好きになれない,2043557,0,29916,8912,Ktu_LGjGd7A
2026-09-15 11:27:57,引きこもる時間はない,2078083,48,26485,4802,KYvq8-xY1Gg
2026-09-15 11:27:57,愛し合いなさい,1611620,30,24713,5876,MAP3cnAexxM
2026-09-15 11:27:57,自業自得,9758737,271,81132,50263,Rs-Y9MtHsoo
2026-09-15 11:27:57,何度　LOVE SONGの歌詞を読み返しただろう,4315213,93,37347,6978,tltXZSiAAdQ
2026-09-15 11:27:57,油を注せ！,2259317,45,28161,11904,x9a0_2aGeWU
2026-09-15 11:27:57,何歳の頃に戻りたいのか？,9529354,10,71620,27148,7xx66mR_HeE
2026-09-15 11:27:57,君がサヨナラ言えたって・・・,1379014,5,26227,4798,1SQWKDr_GfA
2026-09-15 11:27:57,隙間風よ,2968718,0,32053,9061,5Z4emyH-fME
2026-09-15 11:27:57,マモリビト,2967099,61,31366,10081,I8JZbNTl5rM
2026-09-15 11:27:57,承認欲求,8854202,158,72621,25176,x_BjvhMW9TE
2026-09-15 11:27:57,ドローン旋回中,2764441,57,31586,6236,rNwzfyr07SM
2026-09-15 11:27:57,静寂の暴力,6715309,121,53751,12083,uhbvX4GUrpE
2026-09-15 11:27:57,Start over!,14974341,244,109334,64374,YJRFD1AdaUE
2026-09-15 11:27:57,夏の近道,8911791,338,56847,12530,nV1DHIWSdEo
2026-09-15 11:27:57,Cool,4091784,51,38572,11168,XEKPn3WbksE
2026-09-15 11:27:57,桜月,11068184,296,69943,29134,zKLgrxHDgls
2026-09-15 11:27:57,その日まで,2677371,12,55633,5360,F2lWsUJotmc
2026-09-15 11:27:57,摩擦係数,9942171,129,73280,14330,D8piCp9XMKA
2026-09-15 11:27:57,車間距離,2315278,-56,29057,3408,MKXSWXlSOB0
2026-09-15 11:27:57,僕のジレンマ,3891543,42,48281,5591,ZBk4V-uqcXs
2026-09-15 11:27:57,五月雨よ,9240277,82,72846,12983,3boaeE3dwMs
2026-09-15 11:27:57,無言の宇宙,6540620,85,53958,7564,7GZGTse6dUs
2026-09-15 11:27:57,Dead end,5745793,60,54391,7207,FEfJB32wvsk
2026-09-15 11:27:57,流れ弾,11605053,113,92194,22398,drCopBcrxRM
2026-09-15 11:27:57,思ったよりも寂しくない,4785610,25,51489,6453,D0W44Z3D3wo
2026-09-15 11:27:57,偶然の答え,5667375,82,59217,8139,_ZCf_iLMwn0
2026-09-15 11:27:57,BAN,14149895,108,97963,18416,fPZ37t3nvco
2026-09-15 11:27:57,Buddies,5858340,39,63157,9238,yT5S7Cy5cCE
2026-09-15 11:27:57,なぜ　恋をして来なかったんだろう？,14488506,105,110722,17061,S4gEJIyLHlM
2026-09-15 11:27:57,Nobady's fault,8549526,59,99768,15511,fagRTasDcKo
2026-09-15 17:09:39,光源,1635968,754,24233,4993,7pusekGNE-o
2026-09-15 17:09:39,The growing up train,2889909,740,39931,18442,Rk54JNn7Qw4
2026-09-15 17:09:39,木枯らしは泣かない,1206247,256,22795,5057,aQ1iXj4oXfI
2026-09-15 17:09:39,Unhappy birthday構文,4206460,930,48551,30220,hBfDlIN0WtI
2026-09-15 17:09:39,Alter ego,1572631,206,23646,4524,gQ7l_hav-bA
2026-09-15 17:09:39,港区パセリ,2234859,482,25064,6168,aLu4oyQ2zdw
2026-09-15 17:09:39,死んだふり,1978983,276,31625,5374,WNH_ReRMt5k
2026-09-15 17:09:39,Make or Break,3402983,380,43239,13413,nTxTTZ0QLrI
2026-09-15 17:09:39,Addiction,3578646,465,44569,10288,ReuFa_D1Vok
2026-09-15 17:09:39,Nightmare症候群,2125945,124,33014,6761,Grx5AhU14QU
2026-09-15 17:09:39,Nothing special,1634569,61,25527,5488,WdUBD5slEnc
2026-09-15 17:09:39,UDAGAWA GENERATION,6554780,656,59267,22709,qP52sh7PzYA
2026-09-15 17:09:39,本質的なこと,2835956,280,33824,6276,iZhbx2mcmug
2026-09-15 17:09:39,僕は僕を好きになれない,2043676,119,29916,8913,Ktu_LGjGd7A
2026-09-15 17:09:39,引きこもる時間はない,2078154,71,26485,4802,KYvq8-xY1Gg
2026-09-15 17:09:39,愛し合いなさい,1611696,76,24714,5877,MAP3cnAexxM
2026-09-15 17:09:39,自業自得,9759439,702,81131,50263,Rs-Y9MtHsoo
2026-09-15 17:09:39,何度　LOVE SONGの歌詞を読み返しただろう,4315514,301,37347,6978,tltXZSiAAdQ
2026-09-15 17:09:39,油を注せ！,2259352,35,28161,11904,x9a0_2aGeWU
2026-09-15 17:09:39,何歳の頃に戻りたいのか？,9529985,631,71620,27149,7xx66mR_HeE
2026-09-15 17:09:39,君がサヨナラ言えたって・・・,1379064,50,26227,4798,1SQWKDr_GfA
2026-09-15 17:09:39,隙間風よ,2968842,124,32053,9061,5Z4emyH-fME
2026-09-15 17:09:39,マモリビト,2967233,134,31366,10082,I8JZbNTl5rM
2026-09-15 17:09:39,承認欲求,8854574,372,72622,25175,x_BjvhMW9TE
2026-09-15 17:09:39,ドローン旋回中,2764584,143,31587,6236,rNwzfyr07SM
2026-09-15 17:09:39,静寂の暴力,6715636,327,53753,12083,uhbvX4GUrpE
2026-09-15 17:09:39,Start over!,14974756,415,109337,64374,YJRFD1AdaUE
2026-09-15 17:09:39,夏の近道,8912412,621,56849,12532,nV1DHIWSdEo
2026-09-15 17:09:39,Cool,4091920,136,38571,11168,XEKPn3WbksE
2026-09-15 17:09:39,桜月,11068742,558,69943,29134,zKLgrxHDgls
2026-09-15 17:09:39,その日まで,2677490,119,55633,5360,F2lWsUJotmc
2026-09-15 17:09:39,摩擦係数,9942398,227,73281,14330,D8piCp9XMKA
2026-09-15 17:09:39,車間距離,2315316,38,29057,3408,MKXSWXlSOB0
2026-09-15 17:09:39,僕のジレンマ,3891686,143,48281,5591,ZBk4V-uqcXs
2026-09-15 17:09:39,五月雨よ,9240507,230,72846,12983,3boaeE3dwMs
2026-09-15 17:09:39,無言の宇宙,6540789,169,53959,7564,7GZGTse6dUs
2026-09-15 17:09:39,Dead end,5745906,113,54391,7207,FEfJB32wvsk
2026-09-15 17:09:39,流れ弾,11605405,352,92195,22398,drCopBcrxRM
2026-09-15 17:09:39,思ったよりも寂しくない,4785670,60,51491,6453,D0W44Z3D3wo
2026-09-15 17:09:39,偶然の答え,5667529,154,59217,8139,_ZCf_iLMwn0
2026-09-15 17:09:39,BAN,14150219,324,97966,18416,fPZ37t3nvco
2026-09-15 17:09:39,Buddies,5858418,78,63157,9238,yT5S7Cy5cCE
2026-09-15 17:09:39,なぜ　恋をして来なかったんだろう？,14488894,388,110724,17062,S4gEJIyLHlM
2026-09-15 17:09:39,Nobady's fault,8549718,192,99769,15511,fagRTasDcKo
2026-09-15 22:58:46,光源,1636917,949,24234,4993,7pusekGNE-o
2026-09-15 22:58:46,The growing up train,2891054,1145,39937,18443,Rk54JNn7Qw4
2026-09-15 22:58:46,木枯らしは泣かない,1206631,384,22798,5057,aQ1iXj4oXfI
2026-09-15 22:58:46,Unhappy birthday構文,4207695,1235,48552,30220,hBfDlIN0WtI
2026-09-15 22:58:46,Alter ego,1573128,497,23647,4525,gQ7l_hav-bA
2026-09-15 22:58:46,港区パセリ,2235440,581,25066,6168,aLu4oyQ2zdw
2026-09-15 22:58:46,死んだふり,1979154,171,31626,5375,WNH_ReRMt5k
2026-09-15 22:58:46,Make or Break,3403591,608,43239,13413,nTxTTZ0QLrI
2026-09-15 22:58:46,Addiction,3579254,608,44569,10288,ReuFa_D1Vok
2026-09-15 22:58:46,Nightmare症候群,2126237,292,33014,6762,Grx5AhU14QU
2026-09-15 22:58:46,Nothing special,1634734,165,25528,5488,WdUBD5slEnc
2026-09-15 22:58:46,UDAGAWA GENERATION,6555633,853,59270,22708,qP52sh7PzYA
2026-09-15 22:58:46,本質的なこと,2836318,362,33825,6277,iZhbx2mcmug
2026-09-15 22:58:46,僕は僕を好きになれない,2043804,128,29917,8912,Ktu_LGjGd7A
2026-09-15 22:58:46,引きこもる時間はない,2078257,103,26485,4802,KYvq8-xY1Gg
2026-09-15 22:58:46,愛し合いなさい,1611809,113,24714,5876,MAP3cnAexxM
2026-09-15 22:58:46,自業自得,9760273,834,81132,50264,Rs-Y9MtHsoo
2026-09-15 22:58:46,何度　LOVE SONGの歌詞を読み返しただろう,4315878,364,37349,6979,tltXZSiAAdQ
2026-09-15 22:58:46,油を注せ！,2259495,143,28162,11904,x9a0_2aGeWU
2026-09-15 22:58:46,何歳の頃に戻りたいのか？,9530668,683,71620,27149,7xx66mR_HeE
2026-09-15 22:58:46,君がサヨナラ言えたって・・・,1379138,74,26227,4798,1SQWKDr_GfA
2026-09-15 22:58:46,隙間風よ,2968995,153,32053,9061,5Z4emyH-fME
2026-09-15 22:58:46,マモリビト,2967523,290,31366,10082,I8JZbNTl5rM
2026-09-15 22:58:46,承認欲求,8855134,560,72623,25175,x_BjvhMW9TE
2026-09-15 22:58:46,ドローン旋回中,2764822,238,31588,6238,rNwzfyr07SM
2026-09-15 22:58:46,静寂の暴力,6716023,387,53753,12083,uhbvX4GUrpE
2026-09-15 22:58:46,Start over!,14975767,1011,109339,64374,YJRFD1AdaUE
2026-09-15 22:58:46,夏の近道,8913207,795,56854,12531,nV1DHIWSdEo
2026-09-15 22:58:46,Cool,4092139,219,38571,11168,XEKPn3WbksE
2026-09-15 22:58:46,桜月,11069530,788,69942,29134,zKLgrxHDgls
2026-09-15 22:58:46,その日まで,2677658,168,55638,5360,F2lWsUJotmc
2026-09-15 22:58:46,摩擦係数,9943090,692,73282,14330,D8piCp9XMKA
2026-09-15 22:58:46,車間距離,2315371,55,29057,3408,MKXSWXlSOB0
2026-09-15 22:58:46,僕のジレンマ,3891774,88,48282,5591,ZBk4V-uqcXs
2026-09-15 22:58:46,五月雨よ,9240756,249,72847,12984,3boaeE3dwMs
2026-09-15 22:58:46,無言の宇宙,6541004,215,53959,7564,7GZGTse6dUs
2026-09-15 22:58:46,Dead end,5746193,287,54391,7207,FEfJB32wvsk
2026-09-15 22:58:46,流れ弾,11605839,434,92195,22406,drCopBcrxRM
2026-09-15 22:58:46,思ったよりも寂しくない,4785786,116,51492,6453,D0W44Z3D3wo
2026-09-15 22:58:46,偶然の答え,5667804,275,59219,8139,_ZCf_iLMwn0
2026-09-15 22:58:46,BAN,14150595,376,97965,18416,fPZ37t3nvco
2026-09-15 22:58:46,Buddies,5858494,76,63157,9238,yT5S7Cy5cCE
2026-09-15 22:58:46,なぜ　恋をして来なかったんだろう？,14489370,476,110723,17062,S4gEJIyLHlM
2026-09-15 22:58:46,Nobady's fault,8549974,256,99772,15511,fagRTasDcKo
2026-09-16 02:56:33,光源,1637582,665,24235,4994,7pusekGNE-o
2026-09-16 02:56:33,The growing up train,2891725,671,39936,18444,Rk54JNn7Qw4
2026-09-16 02:56:33,木枯らしは泣かない,1206823,192,22799,5057,aQ1iXj4oXfI
2026-09-16 02:56:33,Unhappy birthday構文,4208550,855,48552,30221,hBfDlIN0WtI
2026-09-16 02:56:33,Alter ego,1573369,241,23647,4526,gQ7l_hav-bA
2026-09-16 02:56:33,港区パセリ,2235794,354,25068,6168,aLu4oyQ2zdw
2026-09-16 02:56:33,死んだふり,1979507,353,31626,5376,WNH_ReRMt5k
2026-09-16 02:56:33,Make or Break,3403975,384,43241,13413,nTxTTZ0QLrI
2026-09-16 02:56:33,Addiction,3579595,341,44570,10288,ReuFa_D1Vok
2026-09-16 02:56:33,Nightmare症候群,2126391,154,33014,6762,Grx5AhU14QU
2026-09-16 02:56:33,Nothing special,1634912,178,25530,5488,WdUBD5slEnc
2026-09-16 02:56:33,UDAGAWA GENERATION,6556170,537,59271,22708,qP52sh7PzYA
2026-09-16 02:56:33,本質的なこと,2836576,258,33824,6277,iZhbx2mcmug
2026-09-16 02:56:33,僕は僕を好きになれない,2043985,181,29917,8912,Ktu_LGjGd7A
2026-09-16 02:56:33,引きこもる時間はない,2078419,162,26484,4802,KYvq8-xY1Gg
2026-09-16 02:56:33,愛し合いなさい,1611873,64,24714,5876,MAP3cnAexxM
2026-09-16 02:56:33,自業自得,9760848,575,81132,50265,Rs-Y9MtHsoo
2026-09-16 02:56:33,何度　LOVE SONGの歌詞を読み返しただろう,4316115,237,37349,6979,tltXZSiAAdQ
2026-09-16 02:56:33,油を注せ！,2259587,92,28162,11904,x9a0_2aGeWU
2026-09-16 02:56:33,何歳の頃に戻りたいのか？,9531064,396,71622,27149,7xx66mR_HeE
2026-09-16 02:56:33,君がサヨナラ言えたって・・・,1379201,63,26227,4798,1SQWKDr_GfA
2026-09-16 02:56:33,隙間風よ,2969194,199,32054,9061,5Z4emyH-fME
2026-09-16 02:56:33,マモリビト,2967674,151,31367,10082,I8JZbNTl5rM
2026-09-16 02:56:33,承認欲求,8855540,406,72625,25175,x_BjvhMW9TE
2026-09-16 02:56:33,ドローン旋回中,2765057,235,31610,6253,rNwzfyr07SM
2026-09-16 02:56:33,静寂の暴力,6716372,349,53753,12083,uhbvX4GUrpE
2026-09-16 02:56:33,Start over!,14976287,520,109342,64374,YJRFD1AdaUE
2026-09-16 02:56:33,夏の近道,8913759,552,56856,12532,nV1DHIWSdEo
2026-09-16 02:56:33,Cool,4092340,201,38571,11168,XEKPn3WbksE
2026-09-16 02:56:33,桜月,11070158,628,69945,29137,zKLgrxHDgls
2026-09-16 02:56:33,その日まで,2677749,91,55639,5360,F2lWsUJotmc
2026-09-16 02:56:33,摩擦係数,9943413,323,73283,14330,D8piCp9XMKA
2026-09-16 02:56:33,車間距離,2315472,101,29057,3408,MKXSWXlSOB0
2026-09-16 02:56:33,僕のジレンマ,3891991,217,48284,5591,ZBk4V-uqcXs
2026-09-16 02:56:33,五月雨よ,9241119,363,72847,12985,3boaeE3dwMs
2026-09-16 02:56:33,無言の宇宙,6541217,213,53962,7565,7GZGTse6dUs
2026-09-16 02:56:33,Dead end,5746353,160,54392,7207,FEfJB32wvsk
2026-09-16 02:56:33,流れ弾,11606366,527,92227,22434,drCopBcrxRM
2026-09-16 02:56:33,思ったよりも寂しくない,4785860,74,51492,6453,D0W44Z3D3wo
2026-09-16 02:56:33,偶然の答え,5668005,201,59220,8139,_ZCf_iLMwn0
2026-09-16 02:56:33,BAN,14150854,259,97966,18416,fPZ37t3nvco
2026-09-16 02:56:33,Buddies,5858636,142,63157,9238,yT5S7Cy5cCE
2026-09-16 02:56:33,なぜ　恋をして来なかったんだろう？,14489634,264,110725,17062,S4gEJIyLHlM
2026-09-16 02:56:33,Nobady's fault,8550103,129,99772,15511,fagRTasDcKo
2026-09-16 05:44:05,光源,1637999,417,24236,4994,7pusekGNE-o
2026-09-16 05:44:05,The growing up train,2892138,413,39937,18444,Rk54JNn7Qw4
2026-09-16 05:44:05,木枯らしは泣かない,1206888,65,22799,5057,aQ1iXj4oXfI
2026-09-16 05:44:05,Unhappy birthday構文,4209051,501,48552,30221,hBfDlIN0WtI
2026-09-16 05:44:05,Alter ego,1573528,159,23647,4526,gQ7l_hav-bA
2026-09-16 05:44:05,港区パセリ,2236027,233,25069,6168,aLu4oyQ2zdw
2026-09-16 05:44:05,死んだふり,1979507,0,31626,5376,WNH_ReRMt5k
2026-09-16 05:44:05,Make or Break,3403975,0,43241,13413,nTxTTZ0QLrI
2026-09-16 05:44:05,Addiction,3579845,250,44571,10288,ReuFa_D1Vok
2026-09-16 05:44:05,Nightmare症候群,2126495,104,33015,6762,Grx5AhU14QU
2026-09-16 05:44:05,Nothing special,1634977,65,25531,5488,WdUBD5slEnc
2026-09-16 05:44:05,UDAGAWA GENERATION,6556227,57,59271,22708,qP52sh7PzYA
2026-09-16 05:44:05,本質的なこと,2836694,118,33824,6277,iZhbx2mcmug
2026-09-16 05:44:05,僕は僕を好きになれない,2043991,6,29917,8912,Ktu_LGjGd7A
2026-09-16 05:44:05,引きこもる時間はない,2078472,53,26484,4802,KYvq8-xY1Gg
2026-09-16 05:44:05,愛し合いなさい,1611890,17,24714,5876,MAP3cnAexxM
2026-09-16 05:44:05,自業自得,9761209,361,81132,50265,Rs-Y9MtHsoo
2026-09-16 05:44:05,何度　LOVE SONGの歌詞を読み返しただろう,4316247,132,37349,6979,tltXZSiAAdQ
2026-09-16 05:44:05,油を注せ！,2259610,23,28162,11904,x9a0_2aGeWU
2026-09-16 05:44:05,何歳の頃に戻りたいのか？,9531064,0,71622,27149,7xx66mR_HeE
2026-09-16 05:44:05,君がサヨナラ言えたって・・・,1379205,4,26227,4798,1SQWKDr_GfA
2026-09-16 05:44:05,隙間風よ,2969248,54,32054,9061,5Z4emyH-fME
2026-09-16 05:44:05,マモリビト,2967690,16,31367,10082,I8JZbNTl5rM
2026-09-16 05:44:05,承認欲求,8855749,209,72626,25175,x_BjvhMW9TE
2026-09-16 05:44:05,ドローン旋回中,2765649,592,31611,6254,rNwzfyr07SM
2026-09-16 05:44:05,静寂の暴力,6716578,206,53753,12083,uhbvX4GUrpE
2026-09-16 05:44:05,Start over!,14976554,267,109342,64374,YJRFD1AdaUE
2026-09-16 05:44:05,夏の近道,8913759,0,56856,12532,nV1DHIWSdEo
2026-09-16 05:44:05,Cool,4092356,16,38571,11168,XEKPn3WbksE
2026-09-16 05:44:05,桜月,11070676,518,69945,29137,zKLgrxHDgls
2026-09-16 05:44:05,その日まで,2677814,65,55639,5360,F2lWsUJotmc
2026-09-16 05:44:05,摩擦係数,9943611,198,73284,14330,D8piCp9XMKA
2026-09-16 05:44:05,車間距離,2315472,0,29057,3408,MKXSWXlSOB0
2026-09-16 05:44:05,僕のジレンマ,3892044,53,48284,5591,ZBk4V-uqcXs
2026-09-16 05:44:05,五月雨よ,9241299,180,72847,12985,3boaeE3dwMs
2026-09-16 05:44:05,無言の宇宙,6541358,141,53963,7565,7GZGTse6dUs
2026-09-16 05:44:05,Dead end,5746444,91,54393,7207,FEfJB32wvsk
2026-09-16 05:44:05,流れ弾,11607344,978,92230,22439,drCopBcrxRM
2026-09-16 05:44:05,思ったよりも寂しくない,4785898,38,51492,6453,D0W44Z3D3wo
2026-09-16 05:44:05,偶然の答え,5668005,0,59220,8139,_ZCf_iLMwn0
2026-09-16 05:44:05,BAN,14150854,0,97966,18416,fPZ37t3nvco
2026-09-16 05:44:05,Buddies,5858675,39,63157,9238,yT5S7Cy5cCE
2026-09-16 05:44:05,なぜ　恋をして来なかったんだろう？,14489736,102,110725,17062,S4gEJIyLHlM
2026-09-16 05:44:05,Nobady's fault,8550179,76,99772,15511,fagRTasDcKo
2026-09-16 08:18:41,光源,1638222,223,24237,4994,7pusekGNE-o
2026-09-16 08:18:41,The growing up train,2892373,235,39938,18445,Rk54JNn7Qw4
2026-09-16 08:18:41,木枯らしは泣かない,1207042,154,22799,5058,aQ1iXj4oXfI
2026-09-16 08:18:41,Unhappy birthday構文,4209302,251,48552,30222,hBfDlIN0WtI
2026-09-16 08:18:41,Alter ego,1573627,99,23648,4526,gQ7l_hav-bA
2026-09-16 08:18:41,港区パセリ,2236140,113,25069,6169,aLu4oyQ2zdw
2026-09-16 08:18:41,死んだふり,1979680,173,31626,5376,WNH_ReRMt5k
2026-09-16 08:18:41,Make or Break,3404329,354,43243,13413,nTxTTZ0QLrI
2026-09-16 08:18:41,Addiction,3579958,113,44572,10288,ReuFa_D1Vok
2026-09-16 08:18:41,Nightmare症候群,2126534,39,33015,6762,Grx5AhU14QU
2026-09-16 08:18:41,Nothing special,1635026,49,25531,5488,WdUBD5slEnc
2026-09-16 08:18:41,UDAGAWA GENERATION,6556671,444,59271,22708,qP52sh7PzYA
2026-09-16 08:18:41,本質的なこと,2836774,80,33824,6277,iZhbx2mcmug
2026-09-16 08:18:41,僕は僕を好きになれない,2044074,83,29917,8912,Ktu_LGjGd7A
2026-09-16 08:18:41,引きこもる時間はない,2078490,18,26484,4802,KYvq8-xY1Gg
2026-09-16 08:18:41,愛し合いなさい,1611931,41,24714,5876,MAP3cnAexxM
2026-09-16 08:18:41,自業自得,9761371,162,81133,50267,Rs-Y9MtHsoo
2026-09-16 08:18:41,何度　LOVE SONGの歌詞を読み返しただろう,4316396,149,37349,6979,tltXZSiAAdQ
2026-09-16 08:18:41,油を注せ！,2259640,30,28164,11904,x9a0_2aGeWU
2026-09-16 08:18:41,何歳の頃に戻りたいのか？,9531451,387,71622,27149,7xx66mR_HeE
2026-09-16 08:18:41,君がサヨナラ言えたって・・・,1379239,34,26227,4798,1SQWKDr_GfA
2026-09-16 08:18:41,隙間風よ,2969323,75,32055,9061,5Z4emyH-fME
2026-09-16 08:18:41,マモリビト,2967915,225,31368,10083,I8JZbNTl5rM
2026-09-16 08:18:41,承認欲求,8855863,114,72628,25175,x_BjvhMW9TE
2026-09-16 08:18:41,ドローン旋回中,2765816,167,31614,6257,rNwzfyr07SM
2026-09-16 08:18:41,静寂の暴力,6716695,117,53753,12083,uhbvX4GUrpE
2026-09-16 08:18:41,Start over!,14976713,159,109343,64371,YJRFD1AdaUE
2026-09-16 08:18:41,夏の近道,8914264,505,56858,12532,nV1DHIWSdEo
2026-09-16 08:18:41,Cool,4092452,96,38571,11168,XEKPn3WbksE
2026-09-16 08:18:41,桜月,11070946,270,69947,29137,zKLgrxHDgls
2026-09-16 08:18:41,その日まで,2677902,88,55640,5360,F2lWsUJotmc
2026-09-16 08:18:41,摩擦係数,9943727,116,73286,14330,D8piCp9XMKA
2026-09-16 08:18:41,車間距離,2315500,28,29057,3408,MKXSWXlSOB0
2026-09-16 08:18:41,僕のジレンマ,3892136,92,48284,5591,ZBk4V-uqcXs
2026-09-16 08:18:41,五月雨よ,9241376,77,72846,12985,3boaeE3dwMs
2026-09-16 08:18:41,無言の宇宙,6541460,102,53963,7565,7GZGTse6dUs
2026-09-16 08:18:41,Dead end,5746543,99,54394,7207,FEfJB32wvsk
2026-09-16 08:18:41,流れ弾,11607735,391,92238,22445,drCopBcrxRM
2026-09-16 08:18:41,思ったよりも寂しくない,4785974,76,51492,6453,D0W44Z3D3wo
2026-09-16 08:18:41,偶然の答え,5668192,187,59220,8139,_ZCf_iLMwn0
2026-09-16 08:18:41,BAN,14151062,208,97966,18416,fPZ37t3nvco
2026-09-16 08:18:41,Buddies,5858792,117,63158,9238,yT5S7Cy5cCE
2026-09-16 08:18:41,なぜ　恋をして来なかったんだろう？,14489904,168,110725,17062,S4gEJIyLHlM
2026-09-16 08:18:41,Nobady's fault,8550302,123,99773,15511,fagRTasDcKo
2026-09-16 11:22:18,光源,1638440,218,24236,4994,7pusekGNE-o
2026-09-16 11:22:18,The growing up train,2892661,288,39939,18445,Rk54JNn7Qw4
2026-09-16 11:22:18,木枯らしは泣かない,1207122,80,22799,5058,aQ1iXj4oXfI
2026-09-16 11:22:18,Unhappy birthday構文,4209617,315,48553,30222,hBfDlIN0WtI
2026-09-16 11:22:18,Alter ego,1573675,48,23647,4526,gQ7l_hav-bA
2026-09-16 11:22:18,港区パセリ,2236295,155,25070,6169,aLu4oyQ2zdw
2026-09-16 11:22:18,死んだふり,1979744,64,31626,5376,WNH_ReRMt5k
2026-09-16 11:22:18,Make or Break,3404332,3,43243,13413,nTxTTZ0QLrI
2026-09-16 11:22:18,Addiction,3580109,151,44573,10288,ReuFa_D1Vok
2026-09-16 11:22:18,Nightmare症候群,2126565,31,33016,6763,Grx5AhU14QU
2026-09-16 11:22:18,Nothing special,1635072,46,25531,5488,WdUBD5slEnc
2026-09-16 11:22:18,UDAGAWA GENERATION,6556835,164,59272,22708,qP52sh7PzYA
2026-09-16 11:22:18,本質的なこと,2836855,81,33824,6277,iZhbx2mcmug
2026-09-16 11:22:18,僕は僕を好きになれない,2044123,49,29917,8912,Ktu_LGjGd7A
2026-09-16 11:22:18,引きこもる時間はない,2078517,27,26484,4802,KYvq8-xY1Gg
2026-09-16 11:22:18,愛し合いなさい,1611951,20,24714,5876,MAP3cnAexxM
2026-09-16 11:22:18,自業自得,9761566,195,81134,50267,Rs-Y9MtHsoo
2026-09-16 11:22:18,何度　LOVE SONGの歌詞を読み返しただろう,4316475,79,37350,6979,tltXZSiAAdQ
2026-09-16 11:22:18,油を注せ！,2259672,32,28164,11904,x9a0_2aGeWU
2026-09-16 11:22:18,何歳の頃に戻りたいのか？,9531576,125,71622,27150,7xx66mR_HeE
2026-09-16 11:22:18,君がサヨナラ言えたって・・・,1379259,20,26227,4798,1SQWKDr_GfA
2026-09-16 11:22:18,隙間風よ,2969359,36,32055,9061,5Z4emyH-fME
2026-09-16 11:22:18,マモリビト,2967944,29,31368,10084,I8JZbNTl5rM
2026-09-16 11:22:18,承認欲求,8855951,88,72628,25175,x_BjvhMW9TE
2026-09-16 11:22:18,ドローン旋回中,2765954,138,31625,6259,rNwzfyr07SM
2026-09-16 11:22:18,静寂の暴力,6716720,25,53753,12083,uhbvX4GUrpE
2026-09-16 11:22:18,Start over!,14976912,199,109343,64372,YJRFD1AdaUE
2026-09-16 11:22:18,夏の近道,8914441,177,56859,12534,nV1DHIWSdEo
2026-09-16 11:22:18,Cool,4092509,57,38571,11168,XEKPn3WbksE
2026-09-16 11:22:18,桜月,11071176,230,69949,29137,zKLgrxHDgls
2026-09-16 11:22:18,その日まで,2677942,40,55642,5361,F2lWsUJotmc
2026-09-16 11:22:18,摩擦係数,9943829,102,73288,14330,D8piCp9XMKA
2026-09-16 11:22:18,車間距離,2315512,12,29057,3408,MKXSWXlSOB0
2026-09-16 11:22:18,僕のジレンマ,3892141,5,48284,5591,ZBk4V-uqcXs
2026-09-16 11:22:18,五月雨よ,9241453,77,72846,12985,3boaeE3dwMs
2026-09-16 11:22:18,無言の宇宙,6541475,15,53963,7565,7GZGTse6dUs
2026-09-16 11:22:18,Dead end,5746564,21,54394,7207,FEfJB32wvsk
2026-09-16 11:22:18,流れ弾,11608102,367,92244,22451,drCopBcrxRM
2026-09-16 11:22:18,思ったよりも寂しくない,4786005,31,51494,6453,D0W44Z3D3wo
2026-09-16 11:22:18,偶然の答え,5668254,62,59220,8139,_ZCf_iLMwn0
2026-09-16 11:22:18,BAN,14151153,91,97967,18416,fPZ37t3nvco
2026-09-16 11:22:18,Buddies,5858836,44,63158,9238,yT5S7Cy5cCE
2026-09-16 11:22:18,なぜ　恋をして来なかったんだろう？,14489982,78,110725,17062,S4gEJIyLHlM
2026-09-16 11:22:18,Nobady's fault,8550305,3,99773,15511,fagRTasDcKo
2026-09-16 17:03:24,光源,1639489,1049,24239,4994,7pusekGNE-o
2026-09-16 17:03:24,The growing up train,2893776,1115,39941,18444,Rk54JNn7Qw4
2026-09-16 17:03:24,木枯らしは泣かない,1207409,287,22799,5060,aQ1iXj4oXfI
2026-09-16 17:03:24,Unhappy birthday構文,4210811,1194,48553,30222,hBfDlIN0WtI
2026-09-16 17:03:24,Alter ego,1574080,405,23648,4526,gQ7l_hav-bA
2026-09-16 17:03:24,港区パセリ,2236828,533,25072,6169,aLu4oyQ2zdw
2026-09-16 17:03:24,死んだふり,1980125,381,31626,5376,WNH_ReRMt5k
2026-09-16 17:03:24,Make or Break,3404774,442,43243,13413,nTxTTZ0QLrI
2026-09-16 17:03:24,Addiction,3580721,612,44575,10288,ReuFa_D1Vok
2026-09-16 17:03:24,Nightmare症候群,2126780,215,33018,6763,Grx5AhU14QU
2026-09-16 17:03:24,Nothing special,1635150,78,25531,5488,WdUBD5slEnc
2026-09-16 17:03:24,UDAGAWA GENERATION,6557564,729,59272,22708,qP52sh7PzYA
2026-09-16 17:03:24,本質的なこと,2837274,419,33826,6277,iZhbx2mcmug
2026-09-16 17:03:24,僕は僕を好きになれない,2044291,168,29916,8912,Ktu_LGjGd7A
2026-09-16 17:03:24,引きこもる時間はない,2078663,146,26485,4802,KYvq8-xY1Gg
2026-09-16 17:03:24,愛し合いなさい,1611992,41,24714,5876,MAP3cnAexxM
2026-09-16 17:03:24,自業自得,9762319,753,81133,50269,Rs-Y9MtHsoo
2026-09-16 17:03:24,何度　LOVE SONGの歌詞を読み返しただろう,4316837,362,37350,6979,tltXZSiAAdQ
2026-09-16 17:03:24,油を注せ！,2259726,54,28164,11904,x9a0_2aGeWU
2026-09-16 17:03:24,何歳の頃に戻りたいのか？,9532221,645,71624,27150,7xx66mR_HeE
2026-09-16 17:03:24,君がサヨナラ言えたって・・・,1379325,66,26228,4798,1SQWKDr_GfA
2026-09-16 17:03:24,隙間風よ,2969560,201,32055,9061,5Z4emyH-fME
2026-09-16 17:03:24,マモリビト,2968312,368,31368,10084,I8JZbNTl5rM
2026-09-16 17:03:24,承認欲求,8856513,562,72629,25175,x_BjvhMW9TE
2026-09-16 17:03:24,ドローン旋回中,2767033,1079,31665,6265,rNwzfyr07SM
2026-09-16 17:03:24,静寂の暴力,6717069,349,53753,12083,uhbvX4GUrpE
2026-09-16 17:03:24,Start over!,14977635,723,109343,64372,YJRFD1AdaUE
2026-09-16 17:03:24,夏の近道,8915112,671,56862,12534,nV1DHIWSdEo
2026-09-16 17:03:24,Cool,4092652,143,38571,11168,XEKPn3WbksE
2026-09-16 17:03:24,桜月,11072080,904,69950,29140,zKLgrxHDgls
2026-09-16 17:03:24,その日まで,2678086,144,55643,5361,F2lWsUJotmc
2026-09-16 17:03:24,摩擦係数,9944278,449,73288,14330,D8piCp9XMKA
2026-09-16 17:03:24,車間距離,2315561,49,29057,3408,MKXSWXlSOB0
2026-09-16 17:03:24,僕のジレンマ,3892329,188,48285,5591,ZBk4V-uqcXs
2026-09-16 17:03:24,五月雨よ,9241845,392,72846,12985,3boaeE3dwMs
2026-09-16 17:03:24,無言の宇宙,6541792,317,53964,7565,7GZGTse6dUs
2026-09-16 17:03:24,Dead end,5746840,276,54397,7207,FEfJB32wvsk
2026-09-16 17:03:24,流れ弾,11610366,2264,92258,22454,drCopBcrxRM
2026-09-16 17:03:24,思ったよりも寂しくない,4786116,111,51494,6453,D0W44Z3D3wo
2026-09-16 17:03:24,偶然の答え,5668458,204,59221,8139,_ZCf_iLMwn0
2026-09-16 17:03:24,BAN,14151534,381,97968,18416,fPZ37t3nvco
2026-09-16 17:03:24,Buddies,5858905,69,63158,9238,yT5S7Cy5cCE
2026-09-16 17:03:24,なぜ　恋をして来なかったんだろう？,14490327,345,110725,17062,S4gEJIyLHlM
2026-09-16 17:03:24,Nobady's fault,8550487,182,99775,15511,fagRTasDcKo
2026-09-16 22:52:16,光源,1640494,1005,24240,4994,7pusekGNE-o
2026-09-16 22:52:16,The growing up train,2894967,1191,39944,18445,Rk54JNn7Qw4
2026-09-16 22:52:16,木枯らしは泣かない,1207726,317,22803,5060,aQ1iXj4oXfI
2026-09-16 22:52:16,Unhappy birthday構文,4212008,1197,48557,30224,hBfDlIN0WtI
2026-09-16 22:52:16,Alter ego,1574482,402,23648,4526,gQ7l_hav-bA
2026-09-16 22:52:16,港区パセリ,2237434,606,25073,6169,aLu4oyQ2zdw
2026-09-16 22:52:16,死んだふり,1980474,349,31628,5376,WNH_ReRMt5k
2026-09-16 22:52:16,Make or Break,3405349,575,43243,13413,nTxTTZ0QLrI
2026-09-16 22:52:16,Addiction,3581304,583,44577,10288,ReuFa_D1Vok
2026-09-16 22:52:16,Nightmare症候群,2126949,169,33019,6763,Grx5AhU14QU
2026-09-16 22:52:16,Nothing special,1635431,281,25532,5488,WdUBD5slEnc
2026-09-16 22:52:16,UDAGAWA GENERATION,6558372,808,59272,22708,qP52sh7PzYA
2026-09-16 22:52:16,本質的なこと,2837673,399,33827,6277,iZhbx2mcmug
2026-09-16 22:52:16,僕は僕を好きになれない,2044499,208,29916,8912,Ktu_LGjGd7A
2026-09-16 22:52:16,引きこもる時間はない,2078770,107,26486,4801,KYvq8-xY1Gg
2026-09-16 22:52:16,愛し合いなさい,1612101,109,24714,5876,MAP3cnAexxM
2026-09-16 22:52:16,自業自得,9763163,844,81134,50269,Rs-Y9MtHsoo
2026-09-16 22:52:16,何度　LOVE SONGの歌詞を読み返しただろう,4317214,377,37352,6979,tltXZSiAAdQ
2026-09-16 22:52:16,油を注せ！,2259881,155,28164,11904,x9a0_2aGeWU
2026-09-16 22:52:16,何歳の頃に戻りたいのか？,9532939,718,71625,27150,7xx66mR_HeE
2026-09-16 22:52:16,君がサヨナラ言えたって・・・,1379418,93,26227,4798,1SQWKDr_GfA
2026-09-16 22:52:16,隙間風よ,2969725,165,32058,9061,5Z4emyH-fME
2026-09-16 22:52:16,マモリビト,2968679,367,31369,10084,I8JZbNTl5rM
2026-09-16 22:52:16,承認欲求,8857096,583,72630,25175,x_BjvhMW9TE
2026-09-16 22:52:16,ドローン旋回中,2769249,2216,31712,6272,rNwzfyr07SM
2026-09-16 22:52:16,静寂の暴力,6717664,595,53757,12083,uhbvX4GUrpE
2026-09-16 22:52:16,Start over!,14978503,868,109348,64372,YJRFD1AdaUE
2026-09-16 22:52:16,夏の近道,8915886,774,56866,12534,nV1DHIWSdEo
2026-09-16 22:52:16,Cool,4092895,243,38572,11168,XEKPn3WbksE
2026-09-16 22:52:16,桜月,11073180,1100,69955,29140,zKLgrxHDgls
2026-09-16 22:52:16,その日まで,2678288,202,55646,5361,F2lWsUJotmc
2026-09-16 22:52:16,摩擦係数,9944800,522,73291,14330,D8piCp9XMKA
2026-09-16 22:52:16,車間距離,2315670,109,29057,3408,MKXSWXlSOB0
2026-09-16 22:52:16,僕のジレンマ,3892546,217,48286,5591,ZBk4V-uqcXs
2026-09-16 22:52:16,五月雨よ,9242085,240,72846,12985,3boaeE3dwMs
2026-09-16 22:52:16,無言の宇宙,6542101,309,53966,7565,7GZGTse6dUs
2026-09-16 22:52:16,Dead end,5747155,315,54398,7207,FEfJB32wvsk
2026-09-16 22:52:16,流れ弾,11611705,1339,92289,22464,drCopBcrxRM
2026-09-16 22:52:16,思ったよりも寂しくない,4786299,183,51495,6453,D0W44Z3D3wo
2026-09-16 22:52:16,偶然の答え,5668720,262,59224,8139,_ZCf_iLMwn0
2026-09-16 22:52:16,BAN,14151970,436,97969,18415,fPZ37t3nvco
2026-09-16 22:52:16,Buddies,5858982,77,63159,9238,yT5S7Cy5cCE
2026-09-16 22:52:16,なぜ　恋をして来なかったんだろう？,14490833,506,110727,17054,S4gEJIyLHlM
2026-09-16 22:52:16,Nobady's fault,8550847,360,99776,15511,fagRTasDcKo
2026-09-17 02:50:57,光源,1641363,869,24255,4996,7pusekGNE-o
2026-09-17 02:50:57,The growing up train,2896024,1057,39952,18447,Rk54JNn7Qw4
2026-09-17 02:50:57,木枯らしは泣かない,1207982,256,22819,5063,aQ1iXj4oXfI
2026-09-17 02:50:57,Unhappy birthday構文,4213103,1095,48580,30230,hBfDlIN0WtI
2026-09-17 02:50:57,Alter ego,1574779,297,23650,4526,gQ7l_hav-bA
2026-09-17 02:50:57,港区パセリ,2237995,561,25081,6169,aLu4oyQ2zdw
2026-09-17 02:50:57,死んだふり,1980747,273,31631,5377,WNH_ReRMt5k
2026-09-17 02:50:57,Make or Break,3406047,698,43247,13414,nTxTTZ0QLrI
2026-09-17 02:50:57,Addiction,3581840,536,44584,10290,ReuFa_D1Vok
2026-09-17 02:50:57,Nightmare症候群,2127221,272,33023,6763,Grx5AhU14QU
2026-09-17 02:50:57,Nothing special,1635584,153,25535,5488,WdUBD5slEnc
2026-09-17 02:50:57,UDAGAWA GENERATION,6559152,780,59285,22708,qP52sh7PzYA
2026-09-17 02:50:57,本質的なこと,2837995,322,33829,6277,iZhbx2mcmug
2026-09-17 02:50:57,僕は僕を好きになれない,2044604,105,29917,8912,Ktu_LGjGd7A
2026-09-17 02:50:57,引きこもる時間はない,2078900,130,26488,4801,KYvq8-xY1Gg
2026-09-17 02:50:57,愛し合いなさい,1612239,138,24717,5876,MAP3cnAexxM
2026-09-17 02:50:57,自業自得,9763973,810,81136,50270,Rs-Y9MtHsoo
2026-09-17 02:50:57,何度　LOVE SONGの歌詞を読み返しただろう,4317591,377,37354,6980,tltXZSiAAdQ
2026-09-17 02:50:57,油を注せ！,2259960,79,28165,11905,x9a0_2aGeWU
2026-09-17 02:50:57,何歳の頃に戻りたいのか？,9533595,656,71629,27150,7xx66mR_HeE
2026-09-17 02:50:57,君がサヨナラ言えたって・・・,1379482,64,26227,4798,1SQWKDr_GfA
2026-09-17 02:50:57,隙間風よ,2969964,239,32059,9061,5Z4emyH-fME
2026-09-17 02:50:57,マモリビト,2968931,252,31370,10084,I8JZbNTl5rM
2026-09-17 02:50:57,承認欲求,8857599,503,72637,25175,x_BjvhMW9TE
2026-09-17 02:50:57,ドローン旋回中,2771447,2198,31757,6283,rNwzfyr07SM
2026-09-17 02:50:57,静寂の暴力,6718061,397,53760,12083,uhbvX4GUrpE
2026-09-17 02:50:57,Start over!,14979175,672,109356,64373,YJRFD1AdaUE
2026-09-17 02:50:57,夏の近道,8916577,691,56873,12541,nV1DHIWSdEo
2026-09-17 02:50:57,Cool,4093112,217,38572,11170,XEKPn3WbksE
2026-09-17 02:50:57,桜月,11074115,935,69964,29142,zKLgrxHDgls
2026-09-17 02:50:57,その日まで,2678486,198,55649,5362,F2lWsUJotmc
2026-09-17 02:50:57,摩擦係数,9945210,410,73290,14331,D8piCp9XMKA
2026-09-17 02:50:57,車間距離,2315718,48,29058,3408,MKXSWXlSOB0
2026-09-17 02:50:57,僕のジレンマ,3892752,206,48287,5591,ZBk4V-uqcXs
2026-09-17 02:50:57,五月雨よ,9242617,532,72848,12985,3boaeE3dwMs
2026-09-17 02:50:57,無言の宇宙,6542419,318,53966,7565,7GZGTse6dUs
2026-09-17 02:50:57,Dead end,5747423,268,54399,7207,FEfJB32wvsk
2026-09-17 02:50:57,流れ弾,11613266,1561,92319,22470,drCopBcrxRM
2026-09-17 02:50:57,思ったよりも寂しくない,4786355,56,51496,6453,D0W44Z3D3wo
2026-09-17 02:50:57,偶然の答え,5669018,298,59225,8140,_ZCf_iLMwn0
2026-09-17 02:50:57,BAN,14152325,355,97968,18415,fPZ37t3nvco
2026-09-17 02:50:57,Buddies,5859080,98,63159,9238,yT5S7Cy5cCE
2026-09-17 02:50:57,なぜ　恋をして来なかったんだろう？,14491235,402,110730,17054,S4gEJIyLHlM
2026-09-17 02:50:57,Nobady's fault,8551072,225,99778,15511,fagRTasDcKo
